image_path,aoi,early_image,late_image,x,y,change_score,label,class_name
/kaggle/working/spacenet7_urban_expansion_outputs/processed_difference_patches/L15_0614E_0946N_2459_4406_13_0007_224_672.png,L15-0614E-0946N_2459_4406_13,/kaggle/input/datasets/amerii/spacenet-7-multitemporal-urban-development/SN7_buildings_train/train/L15-0614E-0946N_2459_4406_13/images/global_monthly_2018_03_mosaic_L15-0614E-0946N_2459_4406_13.tif,/kaggle/input/datasets/amerii/spacenet-7-multitemporal-urban-development/SN7_buildings_train/train/L15-0614E-0946N_2459_4406_13/images_masked/global_monthly_2020_01_mosaic_L15-0614E-0946N_2459_4406_13.tif,224,672,35.10551834106445,1,Urban Expansion
/kaggle/working/spacenet7_urban_expansion_outputs/processed_difference_patches/L15_0358E_1220N_1433_3310_13_0015_448_448.png,L15-0358E-1220N_1433_3310_13,/kaggle/input/datasets/amerii/spacenet-7-multitemporal-urban-development/SN7_buildings_train/train/L15-0358E-1220N_1433_3310_13/images/global_monthly_2018_02_mosaic_L15-0358E-1220N_1433_3310_13.tif,/kaggle/input/datasets/amerii/spacenet-7-multitemporal-urban-development/SN7_buildings_train/train/L15-0358E-1220N_1433_3310_13/images_masked/global_monthly_2020_01_mosaic_L15-0358E-1220N_1433_3310_13.tif,448,448,51.769073486328125,1,Urban Expansion
/kaggle/working/spacenet7_urban_expansion_outputs/processed_difference_patches/L15_1389E_1284N_5557_3054_13_0005_448_0.png,L15-1389E-1284N_5557_3054_13,/kaggle/input/datasets/amerii/spacenet-7-multitemporal-urban-development/SN7_buildings_train/train/L15-1389E-1284N_5557_3054_13/images/global_monthly_2018_02_mosaic_L15-1389E-1284N_5557_3054_13.tif,/kaggle/input/datasets/amerii/spacenet-7-multitemporal-urban-development/SN7_buildings_train/train/L15-1389E-1284N_5557_3054_13/images_masked/global_monthly_2020_01_mosaic_L15-1389E-1284N_5557_3054_13.tif,448,0,44.191673278808594,1,Urban Expansion
/kaggle/working/spacenet7_urban_expansion_outputs/processed_difference_patches/L15_1203E_1203N_4815_3378_13_0015_672_0.png,L15-1203E-1203N_4815_3378_13,/kaggle/input/datasets/amerii/spacenet-7-multitemporal-urban-development/SN7_buildings_train/train/L15-1203E-1203N_4815_3378_13/images/global_monthly_2017_07_mosaic_L15-1203E-1203N_4815_3378_13.tif,/kaggle/input/datasets/amerii/spacenet-7-multitemporal-urban-development/SN7_buildings_train/train/L15-1203E-1203N_4815_3378_13/images_masked/global_monthly_2019_09_mosaic_L15-1203E-1203N_4815_3378_13.tif,672,0,31.153413772583008,1,Urban Expansion
/kaggle/working/spacenet7_urban_expansion_outputs/processed_difference_patches/L15_0358E_1220N_1433_3310_13_0009_672_672.png,L15-0358E-1220N_1433_3310_13,/kaggle/input/datasets/amerii/spacenet-7-multitemporal-urban-development/SN7_buildings_train/train/L15-0358E-1220N_1433_3310_13/images/global_monthly_2018_02_mosaic_L15-0358E-1220N_1433_3310_13.tif,/kaggle/input/datasets/amerii/spacenet-7-multitemporal-urban-development/SN7_buildings_train/train/L15-0358E-1220N_1433_3310_13/images_masked/global_monthly_2020_01_mosaic_L15-0358E-1220N_1433_3310_13.tif,672,672,36.1584587097168,1,Urban Expansion
/kaggle/working/spacenet7_urban_expansion_outputs/processed_difference_patches/L15_1672E_1207N_6691_3363_13_0011_224_448.png,L15-1672E-1207N_6691_3363_13,/kaggle/input/datasets/amerii/spacenet-7-multitemporal-urban-development/SN7_buildings_train/train/L15-1672E-1207N_6691_3363_13/images/global_monthly_2018_01_mosaic_L15-1672E-1207N_6691_3363_13.tif,/kaggle/input/datasets/amerii/spacenet-7-multitemporal-urban-development/SN7_buildings_train/train/L15-1672E-1207N_6691_3363_13/images_masked/global_monthly_2020_01_mosaic_L15-1672E-1207N_6691_3363_13.tif,224,448,14.17609977722168,0,No Urban Expansion
/kaggle/working/spacenet7_urban_expansion_outputs/processed_difference_patches/L15_0632E_0892N_2528_4620_13_0006_672_448.png,L15-0632E-0892N_2528_4620_13,/kaggle/input/datasets/amerii/spacenet-7-multitemporal-urban-development/SN7_buildings_train/train/L15-0632E-0892N_2528_4620_13/images/global_monthly_2018_01_mosaic_L15-0632E-0892N_2528_4620_13.tif,/kaggle/input/datasets/amerii/spacenet-7-multitemporal-urban-development/SN7_buildings_train/train/L15-0632E-0892N_2528_4620_13/images_masked/global_monthly_2020_01_mosaic_L15-0632E-0892N_2528_4620_13.tif,672,448,9.553755760192871,0,No Urban Expansion
/kaggle/working/spacenet7_urban_expansion_outputs/processed_difference_patches/L15_1749E_1266N_6997_3126_13_0009_448_224.png,L15-1749E-1266N_6997_3126_13,/kaggle/input/datasets/amerii/spacenet-7-multitemporal-urban-development/SN7_buildings_test_public/test_public/L15-1749E-1266N_6997_3126_13/images_masked/global_monthly_2018_02_mosaic_L15-1749E-1266N_6997_3126_13.tif,/kaggle/input/datasets/amerii/spacenet-7-multitemporal-urban-development/SN7_buildings_test_public/test_public/L15-1749E-1266N_6997_3126_13/images_masked/global_monthly_2019_10_mosaic_L15-1749E-1266N_6997_3126_13.tif,448,224,41.87394714355469,1,Urban Expansion
/kaggle/working/spacenet7_urban_expansion_outputs/processed_difference_patches/L15_1703E_1219N_6813_3313_13_0003_448_0.png,L15-1703E-1219N_6813_3313_13,/kaggle/input/datasets/amerii/spacenet-7-multitemporal-urban-development/SN7_buildings_train/train/L15-1703E-1219N_6813_3313_13/images/global_monthly_2018_01_mosaic_L15-1703E-1219N_6813_3313_13.tif,/kaggle/input/datasets/amerii/spacenet-7-multitemporal-urban-development/SN7_buildings_train/train/L15-1703E-1219N_6813_3313_13/images_masked/global_monthly_2020_01_mosaic_L15-1703E-1219N_6813_3313_13.tif,448,0,19.982112884521484,0,No Urban Expansion
/kaggle/working/spacenet7_urban_expansion_outputs/processed_difference_patches/L15_1630E_0988N_6522_4239_13_0013_224_448.png,L15-1630E-0988N_6522_4239_13,/kaggle/input/datasets/amerii/spacenet-7-multitemporal-urban-development/SN7_buildings_test_public/test_public/L15-1630E-0988N_6522_4239_13/images_masked/global_monthly_2018_01_mosaic_L15-1630E-0988N_6522_4239_13.tif,/kaggle/input/datasets/amerii/spacenet-7-multitemporal-urban-development/SN7_buildings_test_public/test_public/L15-1630E-0988N_6522_4239_13/images_masked/global_monthly_2020_01_mosaic_L15-1630E-0988N_6522_4239_13.tif,224,448,41.736446380615234,1,Urban Expansion
/kaggle/working/spacenet7_urban_expansion_outputs/processed_difference_patches/L15_1672E_1207N_6691_3363_13_0003_448_224.png,L15-1672E-1207N_6691_3363_13,/kaggle/input/datasets/amerii/spacenet-7-multitemporal-urban-development/SN7_buildings_train/train/L15-1672E-1207N_6691_3363_13/images/global_monthly_2018_01_mosaic_L15-1672E-1207N_6691_3363_13.tif,/kaggle/input/datasets/amerii/spacenet-7-multitemporal-urban-development/SN7_buildings_train/train/L15-1672E-1207N_6691_3363_13/images_masked/global_monthly_2020_01_mosaic_L15-1672E-1207N_6691_3363_13.tif,448,224,16.929962158203125,0,No Urban Expansion
/kaggle/working/spacenet7_urban_expansion_outputs/processed_difference_patches/L15_1716E_1211N_6864_3345_13_0002_672_224.png,L15-1716E-1211N_6864_3345_13,/kaggle/input/datasets/amerii/spacenet-7-multitemporal-urban-development/SN7_buildings_train/train/L15-1716E-1211N_6864_3345_13/images/global_monthly_2018_01_mosaic_L15-1716E-1211N_6864_3345_13.tif,/kaggle/input/datasets/amerii/spacenet-7-multitemporal-urban-development/SN7_buildings_train/train/L15-1716E-1211N_6864_3345_13/images_masked/global_monthly_2020_01_mosaic_L15-1716E-1211N_6864_3345_13.tif,672,224,31.155105590820312,1,Urban Expansion
/kaggle/working/spacenet7_urban_expansion_outputs/processed_difference_patches/L15_1203E_1203N_4815_3378_13_0012_0_672.png,L15-1203E-1203N_4815_3378_13,/kaggle/input/datasets/amerii/spacenet-7-multitemporal-urban-development/SN7_buildings_train/train/L15-1203E-1203N_4815_3378_13/images/global_monthly_2017_07_mosaic_L15-1203E-1203N_4815_3378_13.tif,/kaggle/input/datasets/amerii/spacenet-7-multitemporal-urban-development/SN7_buildings_train/train/L15-1203E-1203N_4815_3378_13/images_masked/global_monthly_2019_09_mosaic_L15-1203E-1203N_4815_3378_13.tif,0,672,36.91038513183594,1,Urban Expansion
/kaggle/working/spacenet7_urban_expansion_outputs/processed_difference_patches/SN7_buildings_train_sample_0015_224_448.png,SN7_buildings_train_sample,/kaggle/input/datasets/amerii/spacenet-7-multitemporal-urban-development/SN7_buildings_train_sample/sample/L15-0506E-1204N_2027_3374_13/UDM_masks/global_monthly_2018_06_mosaic_L15-0506E-1204N_2027_3374_13_UDM.tif,/kaggle/input/datasets/amerii/spacenet-7-multitemporal-urban-development/SN7_buildings_train_sample/sample/L15-0506E-1204N_2027_3374_13/UDM_masks/global_monthly_2019_11_mosaic_L15-0506E-1204N_2027_3374_13_UDM.tif,224,448,117.70296478271484,1,Urban Expansion
/kaggle/working/spacenet7_urban_expansion_outputs/processed_difference_patches/L15_0577E_1243N_2309_3217_13_0005_672_448.png,L15-0577E-1243N_2309_3217_13,/kaggle/input/datasets/amerii/spacenet-7-multitemporal-urban-development/SN7_buildings_train/train/L15-0577E-1243N_2309_3217_13/images/global_monthly_2018_02_mosaic_L15-0577E-1243N_2309_3217_13.tif,/kaggle/input/datasets/amerii/spacenet-7-multitemporal-urban-development/SN7_buildings_train/train/L15-0577E-1243N_2309_3217_13/images_masked/global_monthly_2019_11_mosaic_L15-0577E-1243N_2309_3217_13.tif,672,448,35.08338165283203,1,Urban Expansion
/kaggle/working/spacenet7_urban_expansion_outputs/processed_difference_patches/L15_1213E_1238N_4852_3239_13_0008_224_224.png,L15-1213E-1238N_4852_3239_13,/kaggle/input/datasets/amerii/spacenet-7-multitemporal-urban-development/SN7_buildings_test_public/test_public/L15-1213E-1238N_4852_3239_13/images_masked/global_monthly_2018_03_mosaic_L15-1213E-1238N_4852_3239_13.tif,/kaggle/input/datasets/amerii/spacenet-7-multitemporal-urban-development/SN7_buildings_test_public/test_public/L15-1213E-1238N_4852_3239_13/images_masked/global_monthly_2019_12_mosaic_L15-1213E-1238N_4852_3239_13.tif,224,224,19.265804290771484,0,No Urban Expansion
/kaggle/working/spacenet7_urban_expansion_outputs/processed_difference_patches/L15_1203E_1203N_4815_3379_13_0002_0_0.png,L15-1203E-1203N_4815_3379_13,/kaggle/input/datasets/amerii/spacenet-7-multitemporal-urban-development/SN7_buildings_test_public/test_public/L15-1203E-1203N_4815_3379_13/images_masked/global_monthly_2017_07_mosaic_L15-1203E-1203N_4815_3379_13.tif,/kaggle/input/datasets/amerii/spacenet-7-multitemporal-urban-development/SN7_buildings_test_public/test_public/L15-1203E-1203N_4815_3379_13/images_masked/global_monthly_2019_09_mosaic_L15-1203E-1203N_4815_3379_13.tif,0,0,34.58826446533203,1,Urban Expansion
/kaggle/working/spacenet7_urban_expansion_outputs/processed_difference_patches/L15_1666E_1189N_6665_3433_13_0007_672_672.png,L15-1666E-1189N_6665_3433_13,/kaggle/input/datasets/amerii/spacenet-7-multitemporal-urban-development/SN7_buildings_test_public/test_public/L15-1666E-1189N_6665_3433_13/images_masked/global_monthly_2018_01_mosaic_L15-1666E-1189N_6665_3433_13.tif,/kaggle/input/datasets/amerii/spacenet-7-multitemporal-urban-development/SN7_buildings_test_public/test_public/L15-1666E-1189N_6665_3433_13/images_masked/global_monthly_2020_01_mosaic_L15-1666E-1189N_6665_3433_13.tif,672,672,15.865259170532227,0,No Urban Expansion
/kaggle/working/spacenet7_urban_expansion_outputs/processed_difference_patches/L15_0506E_1204N_2027_3374_13_0001_672_448.png,L15-0506E-1204N_2027_3374_13,/kaggle/input/datasets/amerii/spacenet-7-multitemporal-urban-development/SN7_buildings_train/train/L15-0506E-1204N_2027_3374_13/images/global_monthly_2018_01_mosaic_L15-0506E-1204N_2027_3374_13.tif,/kaggle/input/datasets/amerii/spacenet-7-multitemporal-urban-development/SN7_buildings_train_sample/sample/L15-0506E-1204N_2027_3374_13/images_masked/global_monthly_2019_12_mosaic_L15-0506E-1204N_2027_3374_13.tif,672,448,19.002357482910156,0,No Urban Expansion
/kaggle/working/spacenet7_urban_expansion_outputs/processed_difference_patches/L15_0571E_1075N_2287_3888_13_0002_224_224.png,L15-0571E-1075N_2287_3888_13,/kaggle/input/datasets/amerii/spacenet-7-multitemporal-urban-development/SN7_buildings_train/train/L15-0571E-1075N_2287_3888_13/images/global_monthly_2018_01_mosaic_L15-0571E-1075N_2287_3888_13.tif,/kaggle/input/datasets/amerii/spacenet-7-multitemporal-urban-development/SN7_buildings_train/train/L15-0571E-1075N_2287_3888_13/images_masked/global_monthly_2020_01_mosaic_L15-0571E-1075N_2287_3888_13.tif,224,224,7.3608245849609375,0,No Urban Expansion
/kaggle/working/spacenet7_urban_expansion_outputs/processed_difference_patches/L15_0434E_1218N_1736_3318_13_0011_224_448.png,L15-0434E-1218N_1736_3318_13,/kaggle/input/datasets/amerii/spacenet-7-multitemporal-urban-development/SN7_buildings_train/train/L15-0434E-1218N_1736_3318_13/images/global_monthly_2018_01_mosaic_L15-0434E-1218N_1736_3318_13.tif,/kaggle/input/datasets/amerii/spacenet-7-multitemporal-urban-development/SN7_buildings_train/train/L15-0434E-1218N_1736_3318_13/images_masked/global_monthly_2020_01_mosaic_L15-0434E-1218N_1736_3318_13.tif,224,448,19.560089111328125,0,No Urban Expansion
/kaggle/working/spacenet7_urban_expansion_outputs/processed_difference_patches/L15_1172E_1306N_4688_2967_13_0013_672_672.png,L15-1172E-1306N_4688_2967_13,/kaggle/input/datasets/amerii/spacenet-7-multitemporal-urban-development/SN7_buildings_train/train/L15-1172E-1306N_4688_2967_13/images/global_monthly_2018_01_mosaic_L15-1172E-1306N_4688_2967_13.tif,/kaggle/input/datasets/amerii/spacenet-7-multitemporal-urban-development/SN7_buildings_train/train/L15-1172E-1306N_4688_2967_13/images_masked/global_monthly_2020_01_mosaic_L15-1172E-1306N_4688_2967_13.tif,672,672,14.194381713867188,0,No Urban Expansion
/kaggle/working/spacenet7_urban_expansion_outputs/processed_difference_patches/L15_0506E_1204N_2027_3374_13_0005_224_672.png,L15-0506E-1204N_2027_3374_13,/kaggle/input/datasets/amerii/spacenet-7-multitemporal-urban-development/SN7_buildings_train/train/L15-0506E-1204N_2027_3374_13/images/global_monthly_2018_01_mosaic_L15-0506E-1204N_2027_3374_13.tif,/kaggle/input/datasets/amerii/spacenet-7-multitemporal-urban-development/SN7_buildings_train_sample/sample/L15-0506E-1204N_2027_3374_13/images_masked/global_monthly_2019_12_mosaic_L15-0506E-1204N_2027_3374_13.tif,224,672,14.789600372314453,0,No Urban Expansion
/kaggle/working/spacenet7_urban_expansion_outputs/processed_difference_patches/SN7_buildings_train_sample_0003_0_448.png,SN7_buildings_train_sample,/kaggle/input/datasets/amerii/spacenet-7-multitemporal-urban-development/SN7_buildings_train_sample/sample/L15-0506E-1204N_2027_3374_13/UDM_masks/global_monthly_2018_06_mosaic_L15-0506E-1204N_2027_3374_13_UDM.tif,/kaggle/input/datasets/amerii/spacenet-7-multitemporal-urban-development/SN7_buildings_train_sample/sample/L15-0506E-1204N_2027_3374_13/UDM_masks/global_monthly_2019_11_mosaic_L15-0506E-1204N_2027_3374_13_UDM.tif,0,448,104.34208679199219,1,Urban Expansion
/kaggle/working/spacenet7_urban_expansion_outputs/processed_difference_patches/L15_1025E_1366N_4102_2726_13_0012_0_672.png,L15-1025E-1366N_4102_2726_13,/kaggle/input/datasets/amerii/spacenet-7-multitemporal-urban-development/SN7_buildings_train/train/L15-1025E-1366N_4102_2726_13/images/global_monthly_2018_01_mosaic_L15-1025E-1366N_4102_2726_13.tif,/kaggle/input/datasets/amerii/spacenet-7-multitemporal-urban-development/SN7_buildings_train/train/L15-1025E-1366N_4102_2726_13/images_masked/global_monthly_2020_01_mosaic_L15-1025E-1366N_4102_2726_13.tif,0,672,16.153892517089844,0,No Urban Expansion
/kaggle/working/spacenet7_urban_expansion_outputs/processed_difference_patches/L15_1204E_1202N_4816_3380_13_0014_0_224.png,L15-1204E-1202N_4816_3380_13,/kaggle/input/datasets/amerii/spacenet-7-multitemporal-urban-development/SN7_buildings_train/train/L15-1204E-1202N_4816_3380_13/images/global_monthly_2017_07_mosaic_L15-1204E-1202N_4816_3380_13.tif,/kaggle/input/datasets/amerii/spacenet-7-multitemporal-urban-development/SN7_buildings_train/train/L15-1204E-1202N_4816_3380_13/images_masked/global_monthly_2019_09_mosaic_L15-1204E-1202N_4816_3380_13.tif,0,224,31.10773468017578,1,Urban Expansion
/kaggle/working/spacenet7_urban_expansion_outputs/processed_difference_patches/L15_1669E_1160N_6679_3549_13_0000_0_0.png,L15-1669E-1160N_6679_3549_13,/kaggle/input/datasets/amerii/spacenet-7-multitemporal-urban-development/SN7_buildings_train/train/L15-1669E-1160N_6679_3549_13/images/global_monthly_2017_07_mosaic_L15-1669E-1160N_6679_3549_13.tif,/kaggle/input/datasets/amerii/spacenet-7-multitemporal-urban-development/SN7_buildings_train/train/L15-1669E-1160N_6679_3549_13/images_masked/global_monthly_2019_09_mosaic_L15-1669E-1160N_6679_3549_13.tif,0,0,30.940757751464844,1,Urban Expansion
/kaggle/working/spacenet7_urban_expansion_outputs/processed_difference_patches/L15_0614E_0946N_2459_4406_13_0000_448_224.png,L15-0614E-0946N_2459_4406_13,/kaggle/input/datasets/amerii/spacenet-7-multitemporal-urban-development/SN7_buildings_train/train/L15-0614E-0946N_2459_4406_13/images/global_monthly_2018_03_mosaic_L15-0614E-0946N_2459_4406_13.tif,/kaggle/input/datasets/amerii/spacenet-7-multitemporal-urban-development/SN7_buildings_train/train/L15-0614E-0946N_2459_4406_13/images_masked/global_monthly_2020_01_mosaic_L15-0614E-0946N_2459_4406_13.tif,448,224,32.3577995300293,1,Urban Expansion
/kaggle/working/spacenet7_urban_expansion_outputs/processed_difference_patches/L15_0614E_0946N_2459_4406_13_0001_672_0.png,L15-0614E-0946N_2459_4406_13,/kaggle/input/datasets/amerii/spacenet-7-multitemporal-urban-development/SN7_buildings_train/train/L15-0614E-0946N_2459_4406_13/images/global_monthly_2018_03_mosaic_L15-0614E-0946N_2459_4406_13.tif,/kaggle/input/datasets/amerii/spacenet-7-multitemporal-urban-development/SN7_buildings_train/train/L15-0614E-0946N_2459_4406_13/images_masked/global_monthly_2020_01_mosaic_L15-0614E-0946N_2459_4406_13.tif,672,0,64.4336929321289,1,Urban Expansion
/kaggle/working/spacenet7_urban_expansion_outputs/processed_difference_patches/L15_0977E_1187N_3911_3441_13_0001_672_0.png,L15-0977E-1187N_3911_3441_13,/kaggle/input/datasets/amerii/spacenet-7-multitemporal-urban-development/SN7_buildings_train/train/L15-0977E-1187N_3911_3441_13/images/global_monthly_2018_01_mosaic_L15-0977E-1187N_3911_3441_13.tif,/kaggle/input/datasets/amerii/spacenet-7-multitemporal-urban-development/SN7_buildings_train/train/L15-0977E-1187N_3911_3441_13/images_masked/global_monthly_2020_01_mosaic_L15-0977E-1187N_3911_3441_13.tif,672,0,3.6009597778320312,0,No Urban Expansion
/kaggle/working/spacenet7_urban_expansion_outputs/processed_difference_patches/L15_0571E_1302N_2284_2983_13_0015_672_448.png,L15-0571E-1302N_2284_2983_13,/kaggle/input/datasets/amerii/spacenet-7-multitemporal-urban-development/SN7_buildings_test_public/test_public/L15-0571E-1302N_2284_2983_13/images_masked/global_monthly_2018_03_mosaic_L15-0571E-1302N_2284_2983_13.tif,/kaggle/input/datasets/amerii/spacenet-7-multitemporal-urban-development/SN7_buildings_test_public/test_public/L15-0571E-1302N_2284_2983_13/images_masked/global_monthly_2019_11_mosaic_L15-0571E-1302N_2284_2983_13.tif,672,448,40.11851119995117,1,Urban Expansion
/kaggle/working/spacenet7_urban_expansion_outputs/processed_difference_patches/L15_1210E_1025N_4840_4088_13_0006_672_0.png,L15-1210E-1025N_4840_4088_13,/kaggle/input/datasets/amerii/spacenet-7-multitemporal-urban-development/SN7_buildings_train/train/L15-1210E-1025N_4840_4088_13/images/global_monthly_2018_01_mosaic_L15-1210E-1025N_4840_4088_13.tif,/kaggle/input/datasets/amerii/spacenet-7-multitemporal-urban-development/SN7_buildings_train/train/L15-1210E-1025N_4840_4088_13/images_masked/global_monthly_2020_01_mosaic_L15-1210E-1025N_4840_4088_13.tif,672,0,18.999710083007812,0,No Urban Expansion
/kaggle/working/spacenet7_urban_expansion_outputs/processed_difference_patches/L15_1438E_1227N_5753_3282_13_0007_448_0.png,L15-1438E-1227N_5753_3282_13,/kaggle/input/datasets/amerii/spacenet-7-multitemporal-urban-development/SN7_buildings_test_public/test_public/L15-1438E-1227N_5753_3282_13/images_masked/global_monthly_2018_01_mosaic_L15-1438E-1227N_5753_3282_13.tif,/kaggle/input/datasets/amerii/spacenet-7-multitemporal-urban-development/SN7_buildings_test_public/test_public/L15-1438E-1227N_5753_3282_13/images_masked/global_monthly_2020_01_mosaic_L15-1438E-1227N_5753_3282_13.tif,448,0,16.763328552246094,0,No Urban Expansion
/kaggle/working/spacenet7_urban_expansion_outputs/processed_difference_patches/L15_0358E_1220N_1433_3310_13_0003_672_448.png,L15-0358E-1220N_1433_3310_13,/kaggle/input/datasets/amerii/spacenet-7-multitemporal-urban-development/SN7_buildings_train/train/L15-0358E-1220N_1433_3310_13/images/global_monthly_2018_02_mosaic_L15-0358E-1220N_1433_3310_13.tif,/kaggle/input/datasets/amerii/spacenet-7-multitemporal-urban-development/SN7_buildings_train/train/L15-0358E-1220N_1433_3310_13/images_masked/global_monthly_2020_01_mosaic_L15-0358E-1220N_1433_3310_13.tif,672,448,37.92198181152344,1,Urban Expansion
/kaggle/working/spacenet7_urban_expansion_outputs/processed_difference_patches/L15_0391E_1219N_1567_3314_13_0013_224_448.png,L15-0391E-1219N_1567_3314_13,/kaggle/input/datasets/amerii/spacenet-7-multitemporal-urban-development/SN7_buildings_test_public/test_public/L15-0391E-1219N_1567_3314_13/images_masked/global_monthly_2018_01_mosaic_L15-0391E-1219N_1567_3314_13.tif,/kaggle/input/datasets/amerii/spacenet-7-multitemporal-urban-development/SN7_buildings_test_public/test_public/L15-0391E-1219N_1567_3314_13/images_masked/global_monthly_2020_01_mosaic_L15-0391E-1219N_1567_3314_13.tif,224,448,31.837257385253906,1,Urban Expansion
/kaggle/working/spacenet7_urban_expansion_outputs/processed_difference_patches/L15_0924E_1108N_3699_3757_13_0006_672_448.png,L15-0924E-1108N_3699_3757_13,/kaggle/input/datasets/amerii/spacenet-7-multitemporal-urban-development/SN7_buildings_train/train/L15-0924E-1108N_3699_3757_13/images/global_monthly_2018_01_mosaic_L15-0924E-1108N_3699_3757_13.tif,/kaggle/input/datasets/amerii/spacenet-7-multitemporal-urban-development/SN7_buildings_train/train/L15-0924E-1108N_3699_3757_13/images_masked/global_monthly_2020_01_mosaic_L15-0924E-1108N_3699_3757_13.tif,672,448,15.952895164489746,0,No Urban Expansion
/kaggle/working/spacenet7_urban_expansion_outputs/processed_difference_patches/L15_1670E_1159N_6681_3552_13_0015_672_224.png,L15-1670E-1159N_6681_3552_13,/kaggle/input/datasets/amerii/spacenet-7-multitemporal-urban-development/SN7_buildings_test_public/test_public/L15-1670E-1159N_6681_3552_13/images_masked/global_monthly_2017_07_mosaic_L15-1670E-1159N_6681_3552_13.tif,/kaggle/input/datasets/amerii/spacenet-7-multitemporal-urban-development/SN7_buildings_test_public/test_public/L15-1670E-1159N_6681_3552_13/images_masked/global_monthly_2019_09_mosaic_L15-1670E-1159N_6681_3552_13.tif,672,224,33.47220230102539,1,Urban Expansion
/kaggle/working/spacenet7_urban_expansion_outputs/processed_difference_patches/L15_1138E_1216N_4553_3325_13_0005_0_448.png,L15-1138E-1216N_4553_3325_13,/kaggle/input/datasets/amerii/spacenet-7-multitemporal-urban-development/SN7_buildings_train/train/L15-1138E-1216N_4553_3325_13/images/global_monthly_2018_01_mosaic_L15-1138E-1216N_4553_3325_13.tif,/kaggle/input/datasets/amerii/spacenet-7-multitemporal-urban-development/SN7_buildings_train/train/L15-1138E-1216N_4553_3325_13/images_masked/global_monthly_2020_01_mosaic_L15-1138E-1216N_4553_3325_13.tif,0,448,31.086435317993164,1,Urban Expansion
/kaggle/working/spacenet7_urban_expansion_outputs/processed_difference_patches/L15_0361E_1300N_1446_2989_13_0013_448_224.png,L15-0361E-1300N_1446_2989_13,/kaggle/input/datasets/amerii/spacenet-7-multitemporal-urban-development/SN7_buildings_train/train/L15-0361E-1300N_1446_2989_13/images/global_monthly_2018_01_mosaic_L15-0361E-1300N_1446_2989_13.tif,/kaggle/input/datasets/amerii/spacenet-7-multitemporal-urban-development/SN7_buildings_train/train/L15-0361E-1300N_1446_2989_13/images_masked/global_monthly_2020_01_mosaic_L15-0361E-1300N_1446_2989_13.tif,448,224,15.308813095092773,0,No Urban Expansion
/kaggle/working/spacenet7_urban_expansion_outputs/processed_difference_patches/L15_0566E_1185N_2265_3451_13_0010_672_0.png,L15-0566E-1185N_2265_3451_13,/kaggle/input/datasets/amerii/spacenet-7-multitemporal-urban-development/SN7_buildings_train/train/L15-0566E-1185N_2265_3451_13/images/global_monthly_2018_01_mosaic_L15-0566E-1185N_2265_3451_13.tif,/kaggle/input/datasets/amerii/spacenet-7-multitemporal-urban-development/SN7_buildings_train/train/L15-0566E-1185N_2265_3451_13/images_masked/global_monthly_2020_01_mosaic_L15-0566E-1185N_2265_3451_13.tif,672,0,36.74871063232422,1,Urban Expansion
/kaggle/working/spacenet7_urban_expansion_outputs/processed_difference_patches/L15_0586E_1127N_2345_3680_13_0012_672_0.png,L15-0586E-1127N_2345_3680_13,/kaggle/input/datasets/amerii/spacenet-7-multitemporal-urban-development/SN7_buildings_train/train/L15-0586E-1127N_2345_3680_13/images/global_monthly_2018_01_mosaic_L15-0586E-1127N_2345_3680_13.tif,/kaggle/input/datasets/amerii/spacenet-7-multitemporal-urban-development/SN7_buildings_train/train/L15-0586E-1127N_2345_3680_13/images_masked/global_monthly_2020_01_mosaic_L15-0586E-1127N_2345_3680_13.tif,672,0,18.12200164794922,0,No Urban Expansion
/kaggle/working/spacenet7_urban_expansion_outputs/processed_difference_patches/L15_0577E_1243N_2309_3217_13_0013_448_224.png,L15-0577E-1243N_2309_3217_13,/kaggle/input/datasets/amerii/spacenet-7-multitemporal-urban-development/SN7_buildings_train/train/L15-0577E-1243N_2309_3217_13/images/global_monthly_2018_02_mosaic_L15-0577E-1243N_2309_3217_13.tif,/kaggle/input/datasets/amerii/spacenet-7-multitemporal-urban-development/SN7_buildings_train/train/L15-0577E-1243N_2309_3217_13/images_masked/global_monthly_2019_11_mosaic_L15-0577E-1243N_2309_3217_13.tif,448,224,39.762630462646484,1,Urban Expansion
/kaggle/working/spacenet7_urban_expansion_outputs/processed_difference_patches/L15_1848E_0793N_7394_5018_13_0008_0_0.png,L15-1848E-0793N_7394_5018_13,/kaggle/input/datasets/amerii/spacenet-7-multitemporal-urban-development/SN7_buildings_train/train/L15-1848E-0793N_7394_5018_13/images/global_monthly_2018_01_mosaic_L15-1848E-0793N_7394_5018_13.tif,/kaggle/input/datasets/amerii/spacenet-7-multitemporal-urban-development/SN7_buildings_train/train/L15-1848E-0793N_7394_5018_13/images_masked/global_monthly_2020_01_mosaic_L15-1848E-0793N_7394_5018_13.tif,0,0,7.713658332824707,0,No Urban Expansion
/kaggle/working/spacenet7_urban_expansion_outputs/processed_difference_patches/L15_1289E_1169N_5156_3514_13_0009_0_448.png,L15-1289E-1169N_5156_3514_13,/kaggle/input/datasets/amerii/spacenet-7-multitemporal-urban-development/SN7_buildings_train/train/L15-1289E-1169N_5156_3514_13/images/global_monthly_2018_01_mosaic_L15-1289E-1169N_5156_3514_13.tif,/kaggle/input/datasets/amerii/spacenet-7-multitemporal-urban-development/SN7_buildings_train/train/L15-1289E-1169N_5156_3514_13/images_masked/global_monthly_2020_01_mosaic_L15-1289E-1169N_5156_3514_13.tif,0,448,35.24212646484375,1,Urban Expansion
/kaggle/working/spacenet7_urban_expansion_outputs/processed_difference_patches/L15_1014E_1375N_4056_2688_13_0002_0_224.png,L15-1014E-1375N_4056_2688_13,/kaggle/input/datasets/amerii/spacenet-7-multitemporal-urban-development/SN7_buildings_train/train/L15-1014E-1375N_4056_2688_13/images/global_monthly_2018_01_mosaic_L15-1014E-1375N_4056_2688_13.tif,/kaggle/input/datasets/amerii/spacenet-7-multitemporal-urban-development/SN7_buildings_train/train/L15-1014E-1375N_4056_2688_13/images_masked/global_monthly_2020_01_mosaic_L15-1014E-1375N_4056_2688_13.tif,0,224,19.634033203125,0,No Urban Expansion
/kaggle/working/spacenet7_urban_expansion_outputs/processed_difference_patches/L15_0566E_1185N_2265_3451_13_0014_224_0.png,L15-0566E-1185N_2265_3451_13,/kaggle/input/datasets/amerii/spacenet-7-multitemporal-urban-development/SN7_buildings_train/train/L15-0566E-1185N_2265_3451_13/images/global_monthly_2018_01_mosaic_L15-0566E-1185N_2265_3451_13.tif,/kaggle/input/datasets/amerii/spacenet-7-multitemporal-urban-development/SN7_buildings_train/train/L15-0566E-1185N_2265_3451_13/images_masked/global_monthly_2020_01_mosaic_L15-0566E-1185N_2265_3451_13.tif,224,0,42.98101043701172,1,Urban Expansion
/kaggle/working/spacenet7_urban_expansion_outputs/processed_difference_patches/L15_0487E_1246N_1950_3207_13_0007_672_448.png,L15-0487E-1246N_1950_3207_13,/kaggle/input/datasets/amerii/spacenet-7-multitemporal-urban-development/SN7_buildings_train/train/L15-0487E-1246N_1950_3207_13/images/global_monthly_2018_01_mosaic_L15-0487E-1246N_1950_3207_13.tif,/kaggle/input/datasets/amerii/spacenet-7-multitemporal-urban-development/SN7_buildings_train/train/L15-0487E-1246N_1950_3207_13/images_masked/global_monthly_2020_01_mosaic_L15-0487E-1246N_1950_3207_13.tif,672,448,19.083566665649414,0,No Urban Expansion
/kaggle/working/spacenet7_urban_expansion_outputs/processed_difference_patches/L15_0369E_1244N_1479_3214_13_0002_672_448.png,L15-0369E-1244N_1479_3214_13,/kaggle/input/datasets/amerii/spacenet-7-multitemporal-urban-development/SN7_buildings_test_public/test_public/L15-0369E-1244N_1479_3214_13/images_masked/global_monthly_2018_02_mosaic_L15-0369E-1244N_1479_3214_13.tif,/kaggle/input/datasets/amerii/spacenet-7-multitemporal-urban-development/SN7_buildings_test_public/test_public/L15-0369E-1244N_1479_3214_13/images_masked/global_monthly_2020_01_mosaic_L15-0369E-1244N_1479_3214_13.tif,672,448,33.820926666259766,1,Urban Expansion
/kaggle/working/spacenet7_urban_expansion_outputs/processed_difference_patches/L15_1298E_1322N_5193_2903_13_0001_0_672.png,L15-1298E-1322N_5193_2903_13,/kaggle/input/datasets/amerii/spacenet-7-multitemporal-urban-development/SN7_buildings_train/train/L15-1298E-1322N_5193_2903_13/images/global_monthly_2018_01_mosaic_L15-1298E-1322N_5193_2903_13.tif,/kaggle/input/datasets/amerii/spacenet-7-multitemporal-urban-development/SN7_buildings_train/train/L15-1298E-1322N_5193_2903_13/images_masked/global_monthly_2020_01_mosaic_L15-1298E-1322N_5193_2903_13.tif,0,672,8.289670944213867,0,No Urban Expansion
/kaggle/working/spacenet7_urban_expansion_outputs/processed_difference_patches/L15_1615E_1205N_6460_3370_13_0008_672_672.png,L15-1615E-1205N_6460_3370_13,/kaggle/input/datasets/amerii/spacenet-7-multitemporal-urban-development/SN7_buildings_train/train/L15-1615E-1205N_6460_3370_13/images/global_monthly_2017_07_mosaic_L15-1615E-1205N_6460_3370_13.tif,/kaggle/input/datasets/amerii/spacenet-7-multitemporal-urban-development/SN7_buildings_train/train/L15-1615E-1205N_6460_3370_13/images_masked/global_monthly_2019_09_mosaic_L15-1615E-1205N_6460_3370_13.tif,672,672,38.14482879638672,1,Urban Expansion
/kaggle/working/spacenet7_urban_expansion_outputs/processed_difference_patches/L15_0577E_1243N_2309_3217_13_0007_448_448.png,L15-0577E-1243N_2309_3217_13,/kaggle/input/datasets/amerii/spacenet-7-multitemporal-urban-development/SN7_buildings_train/train/L15-0577E-1243N_2309_3217_13/images/global_monthly_2018_02_mosaic_L15-0577E-1243N_2309_3217_13.tif,/kaggle/input/datasets/amerii/spacenet-7-multitemporal-urban-development/SN7_buildings_train/train/L15-0577E-1243N_2309_3217_13/images_masked/global_monthly_2019_11_mosaic_L15-0577E-1243N_2309_3217_13.tif,448,448,39.151893615722656,1,Urban Expansion
/kaggle/working/spacenet7_urban_expansion_outputs/processed_difference_patches/L15_1690E_1210N_6762_3348_13_0001_224_0.png,L15-1690E-1210N_6762_3348_13,/kaggle/input/datasets/amerii/spacenet-7-multitemporal-urban-development/SN7_buildings_test_public/test_public/L15-1690E-1210N_6762_3348_13/images_masked/global_monthly_2017_07_mosaic_L15-1690E-1210N_6762_3348_13.tif,/kaggle/input/datasets/amerii/spacenet-7-multitemporal-urban-development/SN7_buildings_test_public/test_public/L15-1690E-1210N_6762_3348_13/images_masked/global_monthly_2019_09_mosaic_L15-1690E-1210N_6762_3348_13.tif,224,0,35.510921478271484,1,Urban Expansion
/kaggle/working/spacenet7_urban_expansion_outputs/processed_difference_patches/L15_1049E_1370N_4196_2710_13_0004_0_448.png,L15-1049E-1370N_4196_2710_13,/kaggle/input/datasets/amerii/spacenet-7-multitemporal-urban-development/SN7_buildings_train/train/L15-1049E-1370N_4196_2710_13/images/global_monthly_2018_01_mosaic_L15-1049E-1370N_4196_2710_13.tif,/kaggle/input/datasets/amerii/spacenet-7-multitemporal-urban-development/SN7_buildings_train/train/L15-1049E-1370N_4196_2710_13/images_masked/global_monthly_2020_01_mosaic_L15-1049E-1370N_4196_2710_13.tif,0,448,18.40701675415039,0,No Urban Expansion
/kaggle/working/spacenet7_urban_expansion_outputs/processed_difference_patches/L15_1669E_1160N_6678_3548_13_0004_448_0.png,L15-1669E-1160N_6678_3548_13,/kaggle/input/datasets/amerii/spacenet-7-multitemporal-urban-development/SN7_buildings_train/train/L15-1669E-1160N_6678_3548_13/images/global_monthly_2017_07_mosaic_L15-1669E-1160N_6678_3548_13.tif,/kaggle/input/datasets/amerii/spacenet-7-multitemporal-urban-development/SN7_buildings_train/train/L15-1669E-1160N_6678_3548_13/images_masked/global_monthly_2019_09_mosaic_L15-1669E-1160N_6678_3548_13.tif,448,0,39.014427185058594,1,Urban Expansion
/kaggle/working/spacenet7_urban_expansion_outputs/processed_difference_patches/L15_1479E_1101N_5916_3785_13_0002_672_672.png,L15-1479E-1101N_5916_3785_13,/kaggle/input/datasets/amerii/spacenet-7-multitemporal-urban-development/SN7_buildings_train/train/L15-1479E-1101N_5916_3785_13/images/global_monthly_2018_01_mosaic_L15-1479E-1101N_5916_3785_13.tif,/kaggle/input/datasets/amerii/spacenet-7-multitemporal-urban-development/SN7_buildings_train/train/L15-1479E-1101N_5916_3785_13/images_masked/global_monthly_2020_01_mosaic_L15-1479E-1101N_5916_3785_13.tif,672,672,18.495954513549805,0,No Urban Expansion
/kaggle/working/spacenet7_urban_expansion_outputs/processed_difference_patches/L15_0487E_1246N_1950_3207_13_0005_448_224.png,L15-0487E-1246N_1950_3207_13,/kaggle/input/datasets/amerii/spacenet-7-multitemporal-urban-development/SN7_buildings_train/train/L15-0487E-1246N_1950_3207_13/images/global_monthly_2018_01_mosaic_L15-0487E-1246N_1950_3207_13.tif,/kaggle/input/datasets/amerii/spacenet-7-multitemporal-urban-development/SN7_buildings_train/train/L15-0487E-1246N_1950_3207_13/images_masked/global_monthly_2020_01_mosaic_L15-0487E-1246N_1950_3207_13.tif,448,224,16.110605239868164,0,No Urban Expansion
/kaggle/working/spacenet7_urban_expansion_outputs/processed_difference_patches/L15_0632E_0892N_2528_4620_13_0002_672_672.png,L15-0632E-0892N_2528_4620_13,/kaggle/input/datasets/amerii/spacenet-7-multitemporal-urban-development/SN7_buildings_train/train/L15-0632E-0892N_2528_4620_13/images/global_monthly_2018_01_mosaic_L15-0632E-0892N_2528_4620_13.tif,/kaggle/input/datasets/amerii/spacenet-7-multitemporal-urban-development/SN7_buildings_train/train/L15-0632E-0892N_2528_4620_13/images_masked/global_monthly_2020_01_mosaic_L15-0632E-0892N_2528_4620_13.tif,672,672,10.40463638305664,0,No Urban Expansion
/kaggle/working/spacenet7_urban_expansion_outputs/processed_difference_patches/SN7_buildings_train_0014_0_672.png,SN7_buildings_train,/kaggle/input/datasets/amerii/spacenet-7-multitemporal-urban-development/SN7_buildings_train/train/L15-1669E-1160N_6678_3548_13/UDM_masks/global_monthly_2017_07_mosaic_L15-1669E-1160N_6678_3548_13_UDM.tif,/kaggle/input/datasets/amerii/spacenet-7-multitemporal-urban-development/SN7_buildings_train/train/L15-0571E-1075N_2287_3888_13/UDM_masks/global_monthly_2020_01_mosaic_L15-0571E-1075N_2287_3888_13_UDM.tif,0,672,100.13156127929688,1,Urban Expansion
/kaggle/working/spacenet7_urban_expansion_outputs/processed_difference_patches/L15_1203E_1203N_4815_3378_13_0005_672_672.png,L15-1203E-1203N_4815_3378_13,/kaggle/input/datasets/amerii/spacenet-7-multitemporal-urban-development/SN7_buildings_train/train/L15-1203E-1203N_4815_3378_13/images/global_monthly_2017_07_mosaic_L15-1203E-1203N_4815_3378_13.tif,/kaggle/input/datasets/amerii/spacenet-7-multitemporal-urban-development/SN7_buildings_train/train/L15-1203E-1203N_4815_3378_13/images_masked/global_monthly_2019_09_mosaic_L15-1203E-1203N_4815_3378_13.tif,672,672,44.279701232910156,1,Urban Expansion
/kaggle/working/spacenet7_urban_expansion_outputs/processed_difference_patches/L15_1213E_1238N_4852_3239_13_0000_672_448.png,L15-1213E-1238N_4852_3239_13,/kaggle/input/datasets/amerii/spacenet-7-multitemporal-urban-development/SN7_buildings_test_public/test_public/L15-1213E-1238N_4852_3239_13/images_masked/global_monthly_2018_03_mosaic_L15-1213E-1238N_4852_3239_13.tif,/kaggle/input/datasets/amerii/spacenet-7-multitemporal-urban-development/SN7_buildings_test_public/test_public/L15-1213E-1238N_4852_3239_13/images_masked/global_monthly_2019_12_mosaic_L15-1213E-1238N_4852_3239_13.tif,672,448,33.38402557373047,1,Urban Expansion
/kaggle/working/spacenet7_urban_expansion_outputs/processed_difference_patches/L15_1672E_1207N_6691_3363_13_0005_672_0.png,L15-1672E-1207N_6691_3363_13,/kaggle/input/datasets/amerii/spacenet-7-multitemporal-urban-development/SN7_buildings_train/train/L15-1672E-1207N_6691_3363_13/images/global_monthly_2018_01_mosaic_L15-1672E-1207N_6691_3363_13.tif,/kaggle/input/datasets/amerii/spacenet-7-multitemporal-urban-development/SN7_buildings_train/train/L15-1672E-1207N_6691_3363_13/images_masked/global_monthly_2020_01_mosaic_L15-1672E-1207N_6691_3363_13.tif,672,0,19.81141471862793,0,No Urban Expansion
/kaggle/working/spacenet7_urban_expansion_outputs/processed_difference_patches/L15_1276E_1107N_5105_3761_13_0015_0_0.png,L15-1276E-1107N_5105_3761_13,/kaggle/input/datasets/amerii/spacenet-7-multitemporal-urban-development/SN7_buildings_train/train/L15-1276E-1107N_5105_3761_13/images/global_monthly_2018_01_mosaic_L15-1276E-1107N_5105_3761_13.tif,/kaggle/input/datasets/amerii/spacenet-7-multitemporal-urban-development/SN7_buildings_train/train/L15-1276E-1107N_5105_3761_13/images_masked/global_monthly_2020_01_mosaic_L15-1276E-1107N_5105_3761_13.tif,0,0,15.273701667785645,0,No Urban Expansion
/kaggle/working/spacenet7_urban_expansion_outputs/processed_difference_patches/L15_1213E_1238N_4852_3239_13_0009_448_224.png,L15-1213E-1238N_4852_3239_13,/kaggle/input/datasets/amerii/spacenet-7-multitemporal-urban-development/SN7_buildings_test_public/test_public/L15-1213E-1238N_4852_3239_13/images_masked/global_monthly_2018_03_mosaic_L15-1213E-1238N_4852_3239_13.tif,/kaggle/input/datasets/amerii/spacenet-7-multitemporal-urban-development/SN7_buildings_test_public/test_public/L15-1213E-1238N_4852_3239_13/images_masked/global_monthly_2019_12_mosaic_L15-1213E-1238N_4852_3239_13.tif,448,224,35.31005859375,1,Urban Expansion
/kaggle/working/spacenet7_urban_expansion_outputs/processed_difference_patches/L15_1481E_1119N_5927_3715_13_0012_448_672.png,L15-1481E-1119N_5927_3715_13,/kaggle/input/datasets/amerii/spacenet-7-multitemporal-urban-development/SN7_buildings_train/train/L15-1481E-1119N_5927_3715_13/images/global_monthly_2018_01_mosaic_L15-1481E-1119N_5927_3715_13.tif,/kaggle/input/datasets/amerii/spacenet-7-multitemporal-urban-development/SN7_buildings_train/train/L15-1481E-1119N_5927_3715_13/images_masked/global_monthly_2020_01_mosaic_L15-1481E-1119N_5927_3715_13.tif,448,672,19.98961639404297,0,No Urban Expansion
/kaggle/working/spacenet7_urban_expansion_outputs/processed_difference_patches/L15_0331E_1257N_1327_3160_13_0010_224_672.png,L15-0331E-1257N_1327_3160_13,/kaggle/input/datasets/amerii/spacenet-7-multitemporal-urban-development/SN7_buildings_train/train/L15-0331E-1257N_1327_3160_13/images/global_monthly_2018_01_mosaic_L15-0331E-1257N_1327_3160_13.tif,/kaggle/input/datasets/amerii/spacenet-7-multitemporal-urban-development/SN7_buildings_train/train/L15-0331E-1257N_1327_3160_13/images_masked/global_monthly_2020_01_mosaic_L15-0331E-1257N_1327_3160_13.tif,224,672,14.290163040161133,0,No Urban Expansion
/kaggle/working/spacenet7_urban_expansion_outputs/processed_difference_patches/L15_1615E_1205N_6460_3370_13_0010_0_0.png,L15-1615E-1205N_6460_3370_13,/kaggle/input/datasets/amerii/spacenet-7-multitemporal-urban-development/SN7_buildings_train/train/L15-1615E-1205N_6460_3370_13/images/global_monthly_2017_07_mosaic_L15-1615E-1205N_6460_3370_13.tif,/kaggle/input/datasets/amerii/spacenet-7-multitemporal-urban-development/SN7_buildings_train/train/L15-1615E-1205N_6460_3370_13/images_masked/global_monthly_2019_09_mosaic_L15-1615E-1205N_6460_3370_13.tif,0,0,40.40484619140625,1,Urban Expansion
/kaggle/working/spacenet7_urban_expansion_outputs/processed_difference_patches/L15_0595E_1278N_2383_3079_13_0013_672_672.png,L15-0595E-1278N_2383_3079_13,/kaggle/input/datasets/amerii/spacenet-7-multitemporal-urban-development/SN7_buildings_train/train/L15-0595E-1278N_2383_3079_13/images/global_monthly_2018_01_mosaic_L15-0595E-1278N_2383_3079_13.tif,/kaggle/input/datasets/amerii/spacenet-7-multitemporal-urban-development/SN7_buildings_train/train/L15-0595E-1278N_2383_3079_13/images_masked/global_monthly_2020_01_mosaic_L15-0595E-1278N_2383_3079_13.tif,672,672,19.479358673095703,0,No Urban Expansion
/kaggle/working/spacenet7_urban_expansion_outputs/processed_difference_patches/L15_1210E_1025N_4840_4088_13_0008_224_672.png,L15-1210E-1025N_4840_4088_13,/kaggle/input/datasets/amerii/spacenet-7-multitemporal-urban-development/SN7_buildings_train/train/L15-1210E-1025N_4840_4088_13/images/global_monthly_2018_01_mosaic_L15-1210E-1025N_4840_4088_13.tif,/kaggle/input/datasets/amerii/spacenet-7-multitemporal-urban-development/SN7_buildings_train/train/L15-1210E-1025N_4840_4088_13/images_masked/global_monthly_2020_01_mosaic_L15-1210E-1025N_4840_4088_13.tif,224,672,9.916559219360352,0,No Urban Expansion
/kaggle/working/spacenet7_urban_expansion_outputs/processed_difference_patches/L15_1615E_1205N_6461_3368_13_0001_448_224.png,L15-1615E-1205N_6461_3368_13,/kaggle/input/datasets/amerii/spacenet-7-multitemporal-urban-development/SN7_buildings_test_public/test_public/L15-1615E-1205N_6461_3368_13/images_masked/global_monthly_2017_07_mosaic_L15-1615E-1205N_6461_3368_13.tif,/kaggle/input/datasets/amerii/spacenet-7-multitemporal-urban-development/SN7_buildings_test_public/test_public/L15-1615E-1205N_6461_3368_13/images_masked/global_monthly_2019_09_mosaic_L15-1615E-1205N_6461_3368_13.tif,448,224,36.2467041015625,1,Urban Expansion
/kaggle/working/spacenet7_urban_expansion_outputs/processed_difference_patches/L15_1289E_1169N_5156_3514_13_0015_672_0.png,L15-1289E-1169N_5156_3514_13,/kaggle/input/datasets/amerii/spacenet-7-multitemporal-urban-development/SN7_buildings_train/train/L15-1289E-1169N_5156_3514_13/images/global_monthly_2018_01_mosaic_L15-1289E-1169N_5156_3514_13.tif,/kaggle/input/datasets/amerii/spacenet-7-multitemporal-urban-development/SN7_buildings_train/train/L15-1289E-1169N_5156_3514_13/images_masked/global_monthly_2020_01_mosaic_L15-1289E-1169N_5156_3514_13.tif,672,0,30.967037200927734,1,Urban Expansion
/kaggle/working/spacenet7_urban_expansion_outputs/processed_difference_patches/L15_0586E_1127N_2345_3680_13_0004_0_0.png,L15-0586E-1127N_2345_3680_13,/kaggle/input/datasets/amerii/spacenet-7-multitemporal-urban-development/SN7_buildings_train/train/L15-0586E-1127N_2345_3680_13/images/global_monthly_2018_01_mosaic_L15-0586E-1127N_2345_3680_13.tif,/kaggle/input/datasets/amerii/spacenet-7-multitemporal-urban-development/SN7_buildings_train/train/L15-0586E-1127N_2345_3680_13/images_masked/global_monthly_2020_01_mosaic_L15-0586E-1127N_2345_3680_13.tif,0,0,16.67461585998535,0,No Urban Expansion
/kaggle/working/spacenet7_urban_expansion_outputs/processed_difference_patches/L15_1630E_0988N_6522_4239_13_0003_0_0.png,L15-1630E-0988N_6522_4239_13,/kaggle/input/datasets/amerii/spacenet-7-multitemporal-urban-development/SN7_buildings_test_public/test_public/L15-1630E-0988N_6522_4239_13/images_masked/global_monthly_2018_01_mosaic_L15-1630E-0988N_6522_4239_13.tif,/kaggle/input/datasets/amerii/spacenet-7-multitemporal-urban-development/SN7_buildings_test_public/test_public/L15-1630E-0988N_6522_4239_13/images_masked/global_monthly_2020_01_mosaic_L15-1630E-0988N_6522_4239_13.tif,0,0,34.436248779296875,1,Urban Expansion
/kaggle/working/spacenet7_urban_expansion_outputs/processed_difference_patches/L15_1546E_1154N_6186_3574_13_0007_672_448.png,L15-1546E-1154N_6186_3574_13,/kaggle/input/datasets/amerii/spacenet-7-multitemporal-urban-development/SN7_buildings_test_public/test_public/L15-1546E-1154N_6186_3574_13/images_masked/global_monthly_2018_01_mosaic_L15-1546E-1154N_6186_3574_13.tif,/kaggle/input/datasets/amerii/spacenet-7-multitemporal-urban-development/SN7_buildings_test_public/test_public/L15-1546E-1154N_6186_3574_13/images_masked/global_monthly_2020_01_mosaic_L15-1546E-1154N_6186_3574_13.tif,672,448,14.70036506652832,0,No Urban Expansion
/kaggle/working/spacenet7_urban_expansion_outputs/processed_difference_patches/L15_0760E_0887N_3041_4643_13_0006_448_0.png,L15-0760E-0887N_3041_4643_13,/kaggle/input/datasets/amerii/spacenet-7-multitemporal-urban-development/SN7_buildings_train/train/L15-0760E-0887N_3041_4643_13/images/global_monthly_2018_01_mosaic_L15-0760E-0887N_3041_4643_13.tif,/kaggle/input/datasets/amerii/spacenet-7-multitemporal-urban-development/SN7_buildings_train/train/L15-0760E-0887N_3041_4643_13/images_masked/global_monthly_2020_01_mosaic_L15-0760E-0887N_3041_4643_13.tif,448,0,13.520000457763672,0,No Urban Expansion
/kaggle/working/spacenet7_urban_expansion_outputs/processed_difference_patches/L15_1172E_1306N_4688_2967_13_0009_224_672.png,L15-1172E-1306N_4688_2967_13,/kaggle/input/datasets/amerii/spacenet-7-multitemporal-urban-development/SN7_buildings_train/train/L15-1172E-1306N_4688_2967_13/images/global_monthly_2018_01_mosaic_L15-1172E-1306N_4688_2967_13.tif,/kaggle/input/datasets/amerii/spacenet-7-multitemporal-urban-development/SN7_buildings_train/train/L15-1172E-1306N_4688_2967_13/images_masked/global_monthly_2020_01_mosaic_L15-1172E-1306N_4688_2967_13.tif,224,672,18.78177833557129,0,No Urban Expansion
/kaggle/working/spacenet7_urban_expansion_outputs/processed_difference_patches/L15_1748E_1247N_6993_3202_13_0003_0_672.png,L15-1748E-1247N_6993_3202_13,/kaggle/input/datasets/amerii/spacenet-7-multitemporal-urban-development/SN7_buildings_train/train/L15-1748E-1247N_6993_3202_13/images/global_monthly_2018_01_mosaic_L15-1748E-1247N_6993_3202_13.tif,/kaggle/input/datasets/amerii/spacenet-7-multitemporal-urban-development/SN7_buildings_train/train/L15-1748E-1247N_6993_3202_13/images_masked/global_monthly_2020_01_mosaic_L15-1748E-1247N_6993_3202_13.tif,0,672,43.86941146850586,1,Urban Expansion
/kaggle/working/spacenet7_urban_expansion_outputs/processed_difference_patches/L15_0571E_1075N_2287_3888_13_0012_672_448.png,L15-0571E-1075N_2287_3888_13,/kaggle/input/datasets/amerii/spacenet-7-multitemporal-urban-development/SN7_buildings_train/train/L15-0571E-1075N_2287_3888_13/images/global_monthly_2018_01_mosaic_L15-0571E-1075N_2287_3888_13.tif,/kaggle/input/datasets/amerii/spacenet-7-multitemporal-urban-development/SN7_buildings_train/train/L15-0571E-1075N_2287_3888_13/images_masked/global_monthly_2020_01_mosaic_L15-0571E-1075N_2287_3888_13.tif,672,448,14.05498218536377,0,No Urban Expansion
/kaggle/working/spacenet7_urban_expansion_outputs/processed_difference_patches/L15_1203E_1203N_4815_3379_13_0004_448_0.png,L15-1203E-1203N_4815_3379_13,/kaggle/input/datasets/amerii/spacenet-7-multitemporal-urban-development/SN7_buildings_test_public/test_public/L15-1203E-1203N_4815_3379_13/images_masked/global_monthly_2017_07_mosaic_L15-1203E-1203N_4815_3379_13.tif,/kaggle/input/datasets/amerii/spacenet-7-multitemporal-urban-development/SN7_buildings_test_public/test_public/L15-1203E-1203N_4815_3379_13/images_masked/global_monthly_2019_09_mosaic_L15-1203E-1203N_4815_3379_13.tif,448,0,30.870088577270508,1,Urban Expansion
/kaggle/working/spacenet7_urban_expansion_outputs/processed_difference_patches/L15_1615E_1206N_6460_3366_13_0007_672_224.png,L15-1615E-1206N_6460_3366_13,/kaggle/input/datasets/amerii/spacenet-7-multitemporal-urban-development/SN7_buildings_train/train/L15-1615E-1206N_6460_3366_13/images/global_monthly_2017_07_mosaic_L15-1615E-1206N_6460_3366_13.tif,/kaggle/input/datasets/amerii/spacenet-7-multitemporal-urban-development/SN7_buildings_train/train/L15-1615E-1206N_6460_3366_13/images_masked/global_monthly_2019_09_mosaic_L15-1615E-1206N_6460_3366_13.tif,672,224,39.191986083984375,1,Urban Expansion
/kaggle/working/spacenet7_urban_expansion_outputs/processed_difference_patches/L15_1031E_1300N_4127_2991_13_0015_448_448.png,L15-1031E-1300N_4127_2991_13,/kaggle/input/datasets/amerii/spacenet-7-multitemporal-urban-development/SN7_buildings_test_public/test_public/L15-1031E-1300N_4127_2991_13/images_masked/global_monthly_2018_01_mosaic_L15-1031E-1300N_4127_2991_13.tif,/kaggle/input/datasets/amerii/spacenet-7-multitemporal-urban-development/SN7_buildings_test_public/test_public/L15-1031E-1300N_4127_2991_13/images_masked/global_monthly_2020_01_mosaic_L15-1031E-1300N_4127_2991_13.tif,448,448,19.970125198364258,0,No Urban Expansion
/kaggle/working/spacenet7_urban_expansion_outputs/processed_difference_patches/L15_0697E_0874N_2789_4694_13_0010_672_672.png,L15-0697E-0874N_2789_4694_13,/kaggle/input/datasets/amerii/spacenet-7-multitemporal-urban-development/SN7_buildings_test_public/test_public/L15-0697E-0874N_2789_4694_13/images_masked/global_monthly_2018_01_mosaic_L15-0697E-0874N_2789_4694_13.tif,/kaggle/input/datasets/amerii/spacenet-7-multitemporal-urban-development/SN7_buildings_test_public/test_public/L15-0697E-0874N_2789_4694_13/images_masked/global_monthly_2020_01_mosaic_L15-0697E-0874N_2789_4694_13.tif,672,672,19.641103744506836,0,No Urban Expansion
/kaggle/working/spacenet7_urban_expansion_outputs/processed_difference_patches/L15_1630E_0988N_6522_4239_13_0012_448_224.png,L15-1630E-0988N_6522_4239_13,/kaggle/input/datasets/amerii/spacenet-7-multitemporal-urban-development/SN7_buildings_test_public/test_public/L15-1630E-0988N_6522_4239_13/images_masked/global_monthly_2018_01_mosaic_L15-1630E-0988N_6522_4239_13.tif,/kaggle/input/datasets/amerii/spacenet-7-multitemporal-urban-development/SN7_buildings_test_public/test_public/L15-1630E-0988N_6522_4239_13/images_masked/global_monthly_2020_01_mosaic_L15-1630E-0988N_6522_4239_13.tif,448,224,32.33144760131836,1,Urban Expansion
/kaggle/working/spacenet7_urban_expansion_outputs/processed_difference_patches/L15_0683E_1006N_2732_4164_13_0003_448_672.png,L15-0683E-1006N_2732_4164_13,/kaggle/input/datasets/amerii/spacenet-7-multitemporal-urban-development/SN7_buildings_train/train/L15-0683E-1006N_2732_4164_13/images/global_monthly_2018_01_mosaic_L15-0683E-1006N_2732_4164_13.tif,/kaggle/input/datasets/amerii/spacenet-7-multitemporal-urban-development/SN7_buildings_train/train/L15-0683E-1006N_2732_4164_13/images_masked/global_monthly_2020_01_mosaic_L15-0683E-1006N_2732_4164_13.tif,448,672,31.52511215209961,1,Urban Expansion
/kaggle/working/spacenet7_urban_expansion_outputs/processed_difference_patches/L15_0977E_1187N_3911_3441_13_0007_0_0.png,L15-0977E-1187N_3911_3441_13,/kaggle/input/datasets/amerii/spacenet-7-multitemporal-urban-development/SN7_buildings_train/train/L15-0977E-1187N_3911_3441_13/images/global_monthly_2018_01_mosaic_L15-0977E-1187N_3911_3441_13.tif,/kaggle/input/datasets/amerii/spacenet-7-multitemporal-urban-development/SN7_buildings_train/train/L15-0977E-1187N_3911_3441_13/images_masked/global_monthly_2020_01_mosaic_L15-0977E-1187N_3911_3441_13.tif,0,0,11.718017578125,0,No Urban Expansion
/kaggle/working/spacenet7_urban_expansion_outputs/processed_difference_patches/L15_0683E_1006N_2732_4164_13_0009_224_672.png,L15-0683E-1006N_2732_4164_13,/kaggle/input/datasets/amerii/spacenet-7-multitemporal-urban-development/SN7_buildings_train/train/L15-0683E-1006N_2732_4164_13/images/global_monthly_2018_01_mosaic_L15-0683E-1006N_2732_4164_13.tif,/kaggle/input/datasets/amerii/spacenet-7-multitemporal-urban-development/SN7_buildings_train/train/L15-0683E-1006N_2732_4164_13/images_masked/global_monthly_2020_01_mosaic_L15-0683E-1006N_2732_4164_13.tif,224,672,40.19975280761719,1,Urban Expansion
/kaggle/working/spacenet7_urban_expansion_outputs/processed_difference_patches/L15_1015E_1062N_4061_3941_13_0007_448_224.png,L15-1015E-1062N_4061_3941_13,/kaggle/input/datasets/amerii/spacenet-7-multitemporal-urban-development/SN7_buildings_train/train/L15-1015E-1062N_4061_3941_13/images/global_monthly_2018_01_mosaic_L15-1015E-1062N_4061_3941_13.tif,/kaggle/input/datasets/amerii/spacenet-7-multitemporal-urban-development/SN7_buildings_train/train/L15-1015E-1062N_4061_3941_13/images_masked/global_monthly_2020_01_mosaic_L15-1015E-1062N_4061_3941_13.tif,448,224,19.78410530090332,0,No Urban Expansion
/kaggle/working/spacenet7_urban_expansion_outputs/processed_difference_patches/L15_1289E_1169N_5156_3514_13_0004_448_0.png,L15-1289E-1169N_5156_3514_13,/kaggle/input/datasets/amerii/spacenet-7-multitemporal-urban-development/SN7_buildings_train/train/L15-1289E-1169N_5156_3514_13/images/global_monthly_2018_01_mosaic_L15-1289E-1169N_5156_3514_13.tif,/kaggle/input/datasets/amerii/spacenet-7-multitemporal-urban-development/SN7_buildings_train/train/L15-1289E-1169N_5156_3514_13/images_masked/global_monthly_2020_01_mosaic_L15-1289E-1169N_5156_3514_13.tif,448,0,35.72392272949219,1,Urban Expansion
/kaggle/working/spacenet7_urban_expansion_outputs/processed_difference_patches/L15_1204E_1202N_4816_3380_13_0003_448_672.png,L15-1204E-1202N_4816_3380_13,/kaggle/input/datasets/amerii/spacenet-7-multitemporal-urban-development/SN7_buildings_train/train/L15-1204E-1202N_4816_3380_13/images/global_monthly_2017_07_mosaic_L15-1204E-1202N_4816_3380_13.tif,/kaggle/input/datasets/amerii/spacenet-7-multitemporal-urban-development/SN7_buildings_train/train/L15-1204E-1202N_4816_3380_13/images_masked/global_monthly_2019_09_mosaic_L15-1204E-1202N_4816_3380_13.tif,448,672,31.34575843811035,1,Urban Expansion
/kaggle/working/spacenet7_urban_expansion_outputs/processed_difference_patches/L15_0434E_1218N_1736_3318_13_0004_0_448.png,L15-0434E-1218N_1736_3318_13,/kaggle/input/datasets/amerii/spacenet-7-multitemporal-urban-development/SN7_buildings_train/train/L15-0434E-1218N_1736_3318_13/images/global_monthly_2018_01_mosaic_L15-0434E-1218N_1736_3318_13.tif,/kaggle/input/datasets/amerii/spacenet-7-multitemporal-urban-development/SN7_buildings_train/train/L15-0434E-1218N_1736_3318_13/images_masked/global_monthly_2020_01_mosaic_L15-0434E-1218N_1736_3318_13.tif,0,448,15.792255401611328,0,No Urban Expansion
/kaggle/working/spacenet7_urban_expansion_outputs/processed_difference_patches/L15_1172E_1306N_4688_2967_13_0006_0_672.png,L15-1172E-1306N_4688_2967_13,/kaggle/input/datasets/amerii/spacenet-7-multitemporal-urban-development/SN7_buildings_train/train/L15-1172E-1306N_4688_2967_13/images/global_monthly_2018_01_mosaic_L15-1172E-1306N_4688_2967_13.tif,/kaggle/input/datasets/amerii/spacenet-7-multitemporal-urban-development/SN7_buildings_train/train/L15-1172E-1306N_4688_2967_13/images_masked/global_monthly_2020_01_mosaic_L15-1172E-1306N_4688_2967_13.tif,0,672,15.826186180114746,0,No Urban Expansion
/kaggle/working/spacenet7_urban_expansion_outputs/processed_difference_patches/L15_1335E_1166N_5342_3524_13_0009_224_448.png,L15-1335E-1166N_5342_3524_13,/kaggle/input/datasets/amerii/spacenet-7-multitemporal-urban-development/SN7_buildings_train/train/L15-1335E-1166N_5342_3524_13/images/global_monthly_2018_01_mosaic_L15-1335E-1166N_5342_3524_13.tif,/kaggle/input/datasets/amerii/spacenet-7-multitemporal-urban-development/SN7_buildings_train/train/L15-1335E-1166N_5342_3524_13/images_masked/global_monthly_2020_01_mosaic_L15-1335E-1166N_5342_3524_13.tif,224,448,17.034936904907227,0,No Urban Expansion
/kaggle/working/spacenet7_urban_expansion_outputs/processed_difference_patches/L15_1690E_1211N_6763_3346_13_0012_672_672.png,L15-1690E-1211N_6763_3346_13,/kaggle/input/datasets/amerii/spacenet-7-multitemporal-urban-development/SN7_buildings_train/train/L15-1690E-1211N_6763_3346_13/images/global_monthly_2017_07_mosaic_L15-1690E-1211N_6763_3346_13.tif,/kaggle/input/datasets/amerii/spacenet-7-multitemporal-urban-development/SN7_buildings_train/train/L15-1690E-1211N_6763_3346_13/images_masked/global_monthly_2019_09_mosaic_L15-1690E-1211N_6763_3346_13.tif,672,672,33.8625373840332,1,Urban Expansion
/kaggle/working/spacenet7_urban_expansion_outputs/processed_difference_patches/L15_0744E_0927N_2979_4481_13_0007_672_448.png,L15-0744E-0927N_2979_4481_13,/kaggle/input/datasets/amerii/spacenet-7-multitemporal-urban-development/SN7_buildings_test_public/test_public/L15-0744E-0927N_2979_4481_13/images_masked/global_monthly_2018_01_mosaic_L15-0744E-0927N_2979_4481_13.tif,/kaggle/input/datasets/amerii/spacenet-7-multitemporal-urban-development/SN7_buildings_test_public/test_public/L15-0744E-0927N_2979_4481_13/images_masked/global_monthly_2020_01_mosaic_L15-0744E-0927N_2979_4481_13.tif,672,448,14.892019271850586,0,No Urban Expansion
/kaggle/working/spacenet7_urban_expansion_outputs/processed_difference_patches/L15_1848E_0793N_7394_5018_13_0001_224_0.png,L15-1848E-0793N_7394_5018_13,/kaggle/input/datasets/amerii/spacenet-7-multitemporal-urban-development/SN7_buildings_train/train/L15-1848E-0793N_7394_5018_13/images/global_monthly_2018_01_mosaic_L15-1848E-0793N_7394_5018_13.tif,/kaggle/input/datasets/amerii/spacenet-7-multitemporal-urban-development/SN7_buildings_train/train/L15-1848E-0793N_7394_5018_13/images_masked/global_monthly_2020_01_mosaic_L15-1848E-0793N_7394_5018_13.tif,224,0,11.972721099853516,0,No Urban Expansion
/kaggle/working/spacenet7_urban_expansion_outputs/processed_difference_patches/L15_0577E_1243N_2309_3217_13_0000_0_448.png,L15-0577E-1243N_2309_3217_13,/kaggle/input/datasets/amerii/spacenet-7-multitemporal-urban-development/SN7_buildings_train/train/L15-0577E-1243N_2309_3217_13/images/global_monthly_2018_02_mosaic_L15-0577E-1243N_2309_3217_13.tif,/kaggle/input/datasets/amerii/spacenet-7-multitemporal-urban-development/SN7_buildings_train/train/L15-0577E-1243N_2309_3217_13/images_masked/global_monthly_2019_11_mosaic_L15-0577E-1243N_2309_3217_13.tif,0,448,30.855079650878906,1,Urban Expansion
/kaggle/working/spacenet7_urban_expansion_outputs/processed_difference_patches/L15_1669E_1160N_6679_3549_13_0006_0_448.png,L15-1669E-1160N_6679_3549_13,/kaggle/input/datasets/amerii/spacenet-7-multitemporal-urban-development/SN7_buildings_train/train/L15-1669E-1160N_6679_3549_13/images/global_monthly_2017_07_mosaic_L15-1669E-1160N_6679_3549_13.tif,/kaggle/input/datasets/amerii/spacenet-7-multitemporal-urban-development/SN7_buildings_train/train/L15-1669E-1160N_6679_3549_13/images_masked/global_monthly_2019_09_mosaic_L15-1669E-1160N_6679_3549_13.tif,0,448,36.25540542602539,1,Urban Expansion
/kaggle/working/spacenet7_urban_expansion_outputs/processed_difference_patches/L15_1615E_1205N_6460_3370_13_0000_448_0.png,L15-1615E-1205N_6460_3370_13,/kaggle/input/datasets/amerii/spacenet-7-multitemporal-urban-development/SN7_buildings_train/train/L15-1615E-1205N_6460_3370_13/images/global_monthly_2017_07_mosaic_L15-1615E-1205N_6460_3370_13.tif,/kaggle/input/datasets/amerii/spacenet-7-multitemporal-urban-development/SN7_buildings_train/train/L15-1615E-1205N_6460_3370_13/images_masked/global_monthly_2019_09_mosaic_L15-1615E-1205N_6460_3370_13.tif,448,0,57.42353439331055,1,Urban Expansion
/kaggle/working/spacenet7_urban_expansion_outputs/processed_difference_patches/L15_0487E_1246N_1950_3207_13_0001_0_672.png,L15-0487E-1246N_1950_3207_13,/kaggle/input/datasets/amerii/spacenet-7-multitemporal-urban-development/SN7_buildings_train/train/L15-0487E-1246N_1950_3207_13/images/global_monthly_2018_01_mosaic_L15-0487E-1246N_1950_3207_13.tif,/kaggle/input/datasets/amerii/spacenet-7-multitemporal-urban-development/SN7_buildings_train/train/L15-0487E-1246N_1950_3207_13/images_masked/global_monthly_2020_01_mosaic_L15-0487E-1246N_1950_3207_13.tif,0,672,18.211355209350586,0,No Urban Expansion
/kaggle/working/spacenet7_urban_expansion_outputs/processed_difference_patches/L15_1749E_1266N_6997_3126_13_0006_0_672.png,L15-1749E-1266N_6997_3126_13,/kaggle/input/datasets/amerii/spacenet-7-multitemporal-urban-development/SN7_buildings_test_public/test_public/L15-1749E-1266N_6997_3126_13/images_masked/global_monthly_2018_02_mosaic_L15-1749E-1266N_6997_3126_13.tif,/kaggle/input/datasets/amerii/spacenet-7-multitemporal-urban-development/SN7_buildings_test_public/test_public/L15-1749E-1266N_6997_3126_13/images_masked/global_monthly_2019_10_mosaic_L15-1749E-1266N_6997_3126_13.tif,0,672,35.7950439453125,1,Urban Expansion
/kaggle/working/spacenet7_urban_expansion_outputs/processed_difference_patches/L15_1538E_1163N_6154_3539_13_0006_448_448.png,L15-1538E-1163N_6154_3539_13,/kaggle/input/datasets/amerii/spacenet-7-multitemporal-urban-development/SN7_buildings_train/train/L15-1538E-1163N_6154_3539_13/images/global_monthly_2018_01_mosaic_L15-1538E-1163N_6154_3539_13.tif,/kaggle/input/datasets/amerii/spacenet-7-multitemporal-urban-development/SN7_buildings_train/train/L15-1538E-1163N_6154_3539_13/images_masked/global_monthly_2020_01_mosaic_L15-1538E-1163N_6154_3539_13.tif,448,448,18.932836532592773,0,No Urban Expansion
/kaggle/working/spacenet7_urban_expansion_outputs/processed_difference_patches/L15_0577E_1243N_2309_3217_13_0015_448_672.png,L15-0577E-1243N_2309_3217_13,/kaggle/input/datasets/amerii/spacenet-7-multitemporal-urban-development/SN7_buildings_train/train/L15-0577E-1243N_2309_3217_13/images/global_monthly_2018_02_mosaic_L15-0577E-1243N_2309_3217_13.tif,/kaggle/input/datasets/amerii/spacenet-7-multitemporal-urban-development/SN7_buildings_train/train/L15-0577E-1243N_2309_3217_13/images_masked/global_monthly_2019_11_mosaic_L15-0577E-1243N_2309_3217_13.tif,448,672,34.62742614746094,1,Urban Expansion
/kaggle/working/spacenet7_urban_expansion_outputs/processed_difference_patches/L15_0577E_1243N_2309_3217_13_0003_224_224.png,L15-0577E-1243N_2309_3217_13,/kaggle/input/datasets/amerii/spacenet-7-multitemporal-urban-development/SN7_buildings_train/train/L15-0577E-1243N_2309_3217_13/images/global_monthly_2018_02_mosaic_L15-0577E-1243N_2309_3217_13.tif,/kaggle/input/datasets/amerii/spacenet-7-multitemporal-urban-development/SN7_buildings_train/train/L15-0577E-1243N_2309_3217_13/images_masked/global_monthly_2019_11_mosaic_L15-0577E-1243N_2309_3217_13.tif,224,224,36.031959533691406,1,Urban Expansion
/kaggle/working/spacenet7_urban_expansion_outputs/processed_difference_patches/L15_0331E_1257N_1327_3160_13_0005_448_448.png,L15-0331E-1257N_1327_3160_13,/kaggle/input/datasets/amerii/spacenet-7-multitemporal-urban-development/SN7_buildings_train/train/L15-0331E-1257N_1327_3160_13/images/global_monthly_2018_01_mosaic_L15-0331E-1257N_1327_3160_13.tif,/kaggle/input/datasets/amerii/spacenet-7-multitemporal-urban-development/SN7_buildings_train/train/L15-0331E-1257N_1327_3160_13/images_masked/global_monthly_2020_01_mosaic_L15-0331E-1257N_1327_3160_13.tif,448,448,14.015027046203613,0,No Urban Expansion
/kaggle/working/spacenet7_urban_expansion_outputs/processed_difference_patches/L15_0361E_1300N_1446_2989_13_0008_224_224.png,L15-0361E-1300N_1446_2989_13,/kaggle/input/datasets/amerii/spacenet-7-multitemporal-urban-development/SN7_buildings_train/train/L15-0361E-1300N_1446_2989_13/images/global_monthly_2018_01_mosaic_L15-0361E-1300N_1446_2989_13.tif,/kaggle/input/datasets/amerii/spacenet-7-multitemporal-urban-development/SN7_buildings_train/train/L15-0361E-1300N_1446_2989_13/images_masked/global_monthly_2020_01_mosaic_L15-0361E-1300N_1446_2989_13.tif,224,224,16.530223846435547,0,No Urban Expansion
/kaggle/working/spacenet7_urban_expansion_outputs/processed_difference_patches/L15_0571E_1302N_2284_2983_13_0005_448_0.png,L15-0571E-1302N_2284_2983_13,/kaggle/input/datasets/amerii/spacenet-7-multitemporal-urban-development/SN7_buildings_test_public/test_public/L15-0571E-1302N_2284_2983_13/images_masked/global_monthly_2018_03_mosaic_L15-0571E-1302N_2284_2983_13.tif,/kaggle/input/datasets/amerii/spacenet-7-multitemporal-urban-development/SN7_buildings_test_public/test_public/L15-0571E-1302N_2284_2983_13/images_masked/global_monthly_2019_11_mosaic_L15-0571E-1302N_2284_2983_13.tif,448,0,38.58454895019531,1,Urban Expansion
/kaggle/working/spacenet7_urban_expansion_outputs/processed_difference_patches/L15_1209E_1113N_4838_3737_13_0012_448_224.png,L15-1209E-1113N_4838_3737_13,/kaggle/input/datasets/amerii/spacenet-7-multitemporal-urban-development/SN7_buildings_train/train/L15-1209E-1113N_4838_3737_13/images/global_monthly_2018_01_mosaic_L15-1209E-1113N_4838_3737_13.tif,/kaggle/input/datasets/amerii/spacenet-7-multitemporal-urban-development/SN7_buildings_train/train/L15-1209E-1113N_4838_3737_13/images_masked/global_monthly_2020_01_mosaic_L15-1209E-1113N_4838_3737_13.tif,448,224,19.568622589111328,0,No Urban Expansion
/kaggle/working/spacenet7_urban_expansion_outputs/processed_difference_patches/L15_0632E_0892N_2528_4620_13_0005_224_224.png,L15-0632E-0892N_2528_4620_13,/kaggle/input/datasets/amerii/spacenet-7-multitemporal-urban-development/SN7_buildings_train/train/L15-0632E-0892N_2528_4620_13/images/global_monthly_2018_01_mosaic_L15-0632E-0892N_2528_4620_13.tif,/kaggle/input/datasets/amerii/spacenet-7-multitemporal-urban-development/SN7_buildings_train/train/L15-0632E-0892N_2528_4620_13/images_masked/global_monthly_2020_01_mosaic_L15-0632E-0892N_2528_4620_13.tif,224,224,19.93761444091797,0,No Urban Expansion
/kaggle/working/spacenet7_urban_expansion_outputs/processed_difference_patches/L15_0571E_1075N_2287_3888_13_0010_0_672.png,L15-0571E-1075N_2287_3888_13,/kaggle/input/datasets/amerii/spacenet-7-multitemporal-urban-development/SN7_buildings_train/train/L15-0571E-1075N_2287_3888_13/images/global_monthly_2018_01_mosaic_L15-0571E-1075N_2287_3888_13.tif,/kaggle/input/datasets/amerii/spacenet-7-multitemporal-urban-development/SN7_buildings_train/train/L15-0571E-1075N_2287_3888_13/images_masked/global_monthly_2020_01_mosaic_L15-0571E-1075N_2287_3888_13.tif,0,672,89.63377380371094,1,Urban Expansion
/kaggle/working/spacenet7_urban_expansion_outputs/processed_difference_patches/L15_1289E_1169N_5156_3514_13_0014_0_672.png,L15-1289E-1169N_5156_3514_13,/kaggle/input/datasets/amerii/spacenet-7-multitemporal-urban-development/SN7_buildings_train/train/L15-1289E-1169N_5156_3514_13/images/global_monthly_2018_01_mosaic_L15-1289E-1169N_5156_3514_13.tif,/kaggle/input/datasets/amerii/spacenet-7-multitemporal-urban-development/SN7_buildings_train/train/L15-1289E-1169N_5156_3514_13/images_masked/global_monthly_2020_01_mosaic_L15-1289E-1169N_5156_3514_13.tif,0,672,37.837303161621094,1,Urban Expansion
/kaggle/working/spacenet7_urban_expansion_outputs/processed_difference_patches/L15_1670E_1159N_6681_3552_13_0010_672_0.png,L15-1670E-1159N_6681_3552_13,/kaggle/input/datasets/amerii/spacenet-7-multitemporal-urban-development/SN7_buildings_test_public/test_public/L15-1670E-1159N_6681_3552_13/images_masked/global_monthly_2017_07_mosaic_L15-1670E-1159N_6681_3552_13.tif,/kaggle/input/datasets/amerii/spacenet-7-multitemporal-urban-development/SN7_buildings_test_public/test_public/L15-1670E-1159N_6681_3552_13/images_masked/global_monthly_2019_09_mosaic_L15-1670E-1159N_6681_3552_13.tif,672,0,32.368099212646484,1,Urban Expansion
/kaggle/working/spacenet7_urban_expansion_outputs/processed_difference_patches/L15_0577E_1243N_2309_3217_13_0014_448_0.png,L15-0577E-1243N_2309_3217_13,/kaggle/input/datasets/amerii/spacenet-7-multitemporal-urban-development/SN7_buildings_train/train/L15-0577E-1243N_2309_3217_13/images/global_monthly_2018_02_mosaic_L15-0577E-1243N_2309_3217_13.tif,/kaggle/input/datasets/amerii/spacenet-7-multitemporal-urban-development/SN7_buildings_train/train/L15-0577E-1243N_2309_3217_13/images_masked/global_monthly_2019_11_mosaic_L15-0577E-1243N_2309_3217_13.tif,448,0,35.97962951660156,1,Urban Expansion
/kaggle/working/spacenet7_urban_expansion_outputs/processed_difference_patches/L15_0760E_0887N_3041_4643_13_0009_0_224.png,L15-0760E-0887N_3041_4643_13,/kaggle/input/datasets/amerii/spacenet-7-multitemporal-urban-development/SN7_buildings_train/train/L15-0760E-0887N_3041_4643_13/images/global_monthly_2018_01_mosaic_L15-0760E-0887N_3041_4643_13.tif,/kaggle/input/datasets/amerii/spacenet-7-multitemporal-urban-development/SN7_buildings_train/train/L15-0760E-0887N_3041_4643_13/images_masked/global_monthly_2020_01_mosaic_L15-0760E-0887N_3041_4643_13.tif,0,224,8.108089447021484,0,No Urban Expansion
/kaggle/working/spacenet7_urban_expansion_outputs/processed_difference_patches/L15_1185E_0935N_4742_4450_13_0008_224_672.png,L15-1185E-0935N_4742_4450_13,/kaggle/input/datasets/amerii/spacenet-7-multitemporal-urban-development/SN7_buildings_train/train/L15-1185E-0935N_4742_4450_13/images/global_monthly_2018_01_mosaic_L15-1185E-0935N_4742_4450_13.tif,/kaggle/input/datasets/amerii/spacenet-7-multitemporal-urban-development/SN7_buildings_train/train/L15-1185E-0935N_4742_4450_13/images_masked/global_monthly_2020_01_mosaic_L15-1185E-0935N_4742_4450_13.tif,224,672,33.14968490600586,1,Urban Expansion
/kaggle/working/spacenet7_urban_expansion_outputs/processed_difference_patches/L15_1669E_1160N_6679_3549_13_0013_224_672.png,L15-1669E-1160N_6679_3549_13,/kaggle/input/datasets/amerii/spacenet-7-multitemporal-urban-development/SN7_buildings_train/train/L15-1669E-1160N_6679_3549_13/images/global_monthly_2017_07_mosaic_L15-1669E-1160N_6679_3549_13.tif,/kaggle/input/datasets/amerii/spacenet-7-multitemporal-urban-development/SN7_buildings_train/train/L15-1669E-1160N_6679_3549_13/images_masked/global_monthly_2019_09_mosaic_L15-1669E-1160N_6679_3549_13.tif,224,672,42.549163818359375,1,Urban Expansion
/kaggle/working/spacenet7_urban_expansion_outputs/processed_difference_patches/L15_0632E_0892N_2528_4620_13_0014_448_224.png,L15-0632E-0892N_2528_4620_13,/kaggle/input/datasets/amerii/spacenet-7-multitemporal-urban-development/SN7_buildings_train/train/L15-0632E-0892N_2528_4620_13/images/global_monthly_2018_01_mosaic_L15-0632E-0892N_2528_4620_13.tif,/kaggle/input/datasets/amerii/spacenet-7-multitemporal-urban-development/SN7_buildings_train/train/L15-0632E-0892N_2528_4620_13/images_masked/global_monthly_2020_01_mosaic_L15-0632E-0892N_2528_4620_13.tif,448,224,14.248281478881836,0,No Urban Expansion
/kaggle/working/spacenet7_urban_expansion_outputs/processed_difference_patches/L15_1213E_1238N_4852_3239_13_0011_0_0.png,L15-1213E-1238N_4852_3239_13,/kaggle/input/datasets/amerii/spacenet-7-multitemporal-urban-development/SN7_buildings_test_public/test_public/L15-1213E-1238N_4852_3239_13/images_masked/global_monthly_2018_03_mosaic_L15-1213E-1238N_4852_3239_13.tif,/kaggle/input/datasets/amerii/spacenet-7-multitemporal-urban-development/SN7_buildings_test_public/test_public/L15-1213E-1238N_4852_3239_13/images_masked/global_monthly_2019_12_mosaic_L15-1213E-1238N_4852_3239_13.tif,0,0,18.452861785888672,0,No Urban Expansion
/kaggle/working/spacenet7_urban_expansion_outputs/processed_difference_patches/L15_1025E_1366N_4102_2726_13_0015_672_448.png,L15-1025E-1366N_4102_2726_13,/kaggle/input/datasets/amerii/spacenet-7-multitemporal-urban-development/SN7_buildings_train/train/L15-1025E-1366N_4102_2726_13/images/global_monthly_2018_01_mosaic_L15-1025E-1366N_4102_2726_13.tif,/kaggle/input/datasets/amerii/spacenet-7-multitemporal-urban-development/SN7_buildings_train/train/L15-1025E-1366N_4102_2726_13/images_masked/global_monthly_2020_01_mosaic_L15-1025E-1366N_4102_2726_13.tif,672,448,38.761436462402344,1,Urban Expansion
/kaggle/working/spacenet7_urban_expansion_outputs/processed_difference_patches/L15_1014E_1375N_4056_2688_13_0007_448_448.png,L15-1014E-1375N_4056_2688_13,/kaggle/input/datasets/amerii/spacenet-7-multitemporal-urban-development/SN7_buildings_train/train/L15-1014E-1375N_4056_2688_13/images/global_monthly_2018_01_mosaic_L15-1014E-1375N_4056_2688_13.tif,/kaggle/input/datasets/amerii/spacenet-7-multitemporal-urban-development/SN7_buildings_train/train/L15-1014E-1375N_4056_2688_13/images_masked/global_monthly_2020_01_mosaic_L15-1014E-1375N_4056_2688_13.tif,448,448,17.25520133972168,0,No Urban Expansion
/kaggle/working/spacenet7_urban_expansion_outputs/processed_difference_patches/L15_0683E_1006N_2732_4164_13_0010_672_672.png,L15-0683E-1006N_2732_4164_13,/kaggle/input/datasets/amerii/spacenet-7-multitemporal-urban-development/SN7_buildings_train/train/L15-0683E-1006N_2732_4164_13/images/global_monthly_2018_01_mosaic_L15-0683E-1006N_2732_4164_13.tif,/kaggle/input/datasets/amerii/spacenet-7-multitemporal-urban-development/SN7_buildings_train/train/L15-0683E-1006N_2732_4164_13/images_masked/global_monthly_2020_01_mosaic_L15-0683E-1006N_2732_4164_13.tif,672,672,16.893878936767578,0,No Urban Expansion
/kaggle/working/spacenet7_urban_expansion_outputs/processed_difference_patches/L15_1690E_1210N_6762_3348_13_0003_448_0.png,L15-1690E-1210N_6762_3348_13,/kaggle/input/datasets/amerii/spacenet-7-multitemporal-urban-development/SN7_buildings_test_public/test_public/L15-1690E-1210N_6762_3348_13/images_masked/global_monthly_2017_07_mosaic_L15-1690E-1210N_6762_3348_13.tif,/kaggle/input/datasets/amerii/spacenet-7-multitemporal-urban-development/SN7_buildings_test_public/test_public/L15-1690E-1210N_6762_3348_13/images_masked/global_monthly_2019_09_mosaic_L15-1690E-1210N_6762_3348_13.tif,448,0,37.5852165222168,1,Urban Expansion
/kaggle/working/spacenet7_urban_expansion_outputs/processed_difference_patches/L15_1615E_1206N_6460_3366_13_0003_224_224.png,L15-1615E-1206N_6460_3366_13,/kaggle/input/datasets/amerii/spacenet-7-multitemporal-urban-development/SN7_buildings_train/train/L15-1615E-1206N_6460_3366_13/images/global_monthly_2017_07_mosaic_L15-1615E-1206N_6460_3366_13.tif,/kaggle/input/datasets/amerii/spacenet-7-multitemporal-urban-development/SN7_buildings_train/train/L15-1615E-1206N_6460_3366_13/images_masked/global_monthly_2019_09_mosaic_L15-1615E-1206N_6460_3366_13.tif,224,224,41.886474609375,1,Urban Expansion
/kaggle/working/spacenet7_urban_expansion_outputs/processed_difference_patches/L15_0577E_1243N_2309_3217_13_0001_224_448.png,L15-0577E-1243N_2309_3217_13,/kaggle/input/datasets/amerii/spacenet-7-multitemporal-urban-development/SN7_buildings_train/train/L15-0577E-1243N_2309_3217_13/images/global_monthly_2018_02_mosaic_L15-0577E-1243N_2309_3217_13.tif,/kaggle/input/datasets/amerii/spacenet-7-multitemporal-urban-development/SN7_buildings_train/train/L15-0577E-1243N_2309_3217_13/images_masked/global_monthly_2019_11_mosaic_L15-0577E-1243N_2309_3217_13.tif,224,448,36.279815673828125,1,Urban Expansion
/kaggle/working/spacenet7_urban_expansion_outputs/processed_difference_patches/L15_0760E_0887N_3041_4643_13_0000_672_672.png,L15-0760E-0887N_3041_4643_13,/kaggle/input/datasets/amerii/spacenet-7-multitemporal-urban-development/SN7_buildings_train/train/L15-0760E-0887N_3041_4643_13/images/global_monthly_2018_01_mosaic_L15-0760E-0887N_3041_4643_13.tif,/kaggle/input/datasets/amerii/spacenet-7-multitemporal-urban-development/SN7_buildings_train/train/L15-0760E-0887N_3041_4643_13/images_masked/global_monthly_2020_01_mosaic_L15-0760E-0887N_3041_4643_13.tif,672,672,35.988521575927734,1,Urban Expansion
/kaggle/working/spacenet7_urban_expansion_outputs/processed_difference_patches/L15_1335E_1166N_5342_3524_13_0000_672_672.png,L15-1335E-1166N_5342_3524_13,/kaggle/input/datasets/amerii/spacenet-7-multitemporal-urban-development/SN7_buildings_train/train/L15-1335E-1166N_5342_3524_13/images/global_monthly_2018_01_mosaic_L15-1335E-1166N_5342_3524_13.tif,/kaggle/input/datasets/amerii/spacenet-7-multitemporal-urban-development/SN7_buildings_train/train/L15-1335E-1166N_5342_3524_13/images_masked/global_monthly_2020_01_mosaic_L15-1335E-1166N_5342_3524_13.tif,672,672,16.196746826171875,0,No Urban Expansion
/kaggle/working/spacenet7_urban_expansion_outputs/processed_difference_patches/L15_0361E_1300N_1446_2989_13_0007_672_672.png,L15-0361E-1300N_1446_2989_13,/kaggle/input/datasets/amerii/spacenet-7-multitemporal-urban-development/SN7_buildings_train/train/L15-0361E-1300N_1446_2989_13/images/global_monthly_2018_01_mosaic_L15-0361E-1300N_1446_2989_13.tif,/kaggle/input/datasets/amerii/spacenet-7-multitemporal-urban-development/SN7_buildings_train/train/L15-0361E-1300N_1446_2989_13/images_masked/global_monthly_2020_01_mosaic_L15-0361E-1300N_1446_2989_13.tif,672,672,19.94326400756836,0,No Urban Expansion
/kaggle/working/spacenet7_urban_expansion_outputs/processed_difference_patches/L15_0577E_1243N_2309_3217_13_0004_0_0.png,L15-0577E-1243N_2309_3217_13,/kaggle/input/datasets/amerii/spacenet-7-multitemporal-urban-development/SN7_buildings_train/train/L15-0577E-1243N_2309_3217_13/images/global_monthly_2018_02_mosaic_L15-0577E-1243N_2309_3217_13.tif,/kaggle/input/datasets/amerii/spacenet-7-multitemporal-urban-development/SN7_buildings_train/train/L15-0577E-1243N_2309_3217_13/images_masked/global_monthly_2019_11_mosaic_L15-0577E-1243N_2309_3217_13.tif,0,0,33.44215774536133,1,Urban Expansion
/kaggle/working/spacenet7_urban_expansion_outputs/processed_difference_patches/L15_1538E_1163N_6154_3539_13_0007_672_224.png,L15-1538E-1163N_6154_3539_13,/kaggle/input/datasets/amerii/spacenet-7-multitemporal-urban-development/SN7_buildings_train/train/L15-1538E-1163N_6154_3539_13/images/global_monthly_2018_01_mosaic_L15-1538E-1163N_6154_3539_13.tif,/kaggle/input/datasets/amerii/spacenet-7-multitemporal-urban-development/SN7_buildings_train/train/L15-1538E-1163N_6154_3539_13/images_masked/global_monthly_2020_01_mosaic_L15-1538E-1163N_6154_3539_13.tif,672,224,14.12501049041748,0,No Urban Expansion
/kaggle/working/spacenet7_urban_expansion_outputs/processed_difference_patches/L15_1749E_1266N_6997_3126_13_0003_672_0.png,L15-1749E-1266N_6997_3126_13,/kaggle/input/datasets/amerii/spacenet-7-multitemporal-urban-development/SN7_buildings_test_public/test_public/L15-1749E-1266N_6997_3126_13/images_masked/global_monthly_2018_02_mosaic_L15-1749E-1266N_6997_3126_13.tif,/kaggle/input/datasets/amerii/spacenet-7-multitemporal-urban-development/SN7_buildings_test_public/test_public/L15-1749E-1266N_6997_3126_13/images_masked/global_monthly_2019_10_mosaic_L15-1749E-1266N_6997_3126_13.tif,672,0,4.970139980316162,0,No Urban Expansion
/kaggle/working/spacenet7_urban_expansion_outputs/processed_difference_patches/L15_1617E_1207N_6468_3360_13_0000_224_224.png,L15-1617E-1207N_6468_3360_13,/kaggle/input/datasets/amerii/spacenet-7-multitemporal-urban-development/SN7_buildings_train/train/L15-1617E-1207N_6468_3360_13/images/global_monthly_2018_02_mosaic_L15-1617E-1207N_6468_3360_13.tif,/kaggle/input/datasets/amerii/spacenet-7-multitemporal-urban-development/SN7_buildings_train/train/L15-1617E-1207N_6468_3360_13/images_masked/global_monthly_2020_01_mosaic_L15-1617E-1207N_6468_3360_13.tif,224,224,33.176841735839844,1,Urban Expansion
/kaggle/working/spacenet7_urban_expansion_outputs/processed_difference_patches/L15_1204E_1202N_4816_3380_13_0015_672_224.png,L15-1204E-1202N_4816_3380_13,/kaggle/input/datasets/amerii/spacenet-7-multitemporal-urban-development/SN7_buildings_train/train/L15-1204E-1202N_4816_3380_13/images/global_monthly_2017_07_mosaic_L15-1204E-1202N_4816_3380_13.tif,/kaggle/input/datasets/amerii/spacenet-7-multitemporal-urban-development/SN7_buildings_train/train/L15-1204E-1202N_4816_3380_13/images_masked/global_monthly_2019_09_mosaic_L15-1204E-1202N_4816_3380_13.tif,672,224,31.323575973510742,1,Urban Expansion
/kaggle/working/spacenet7_urban_expansion_outputs/processed_difference_patches/L15_1204E_1202N_4816_3380_13_0004_448_448.png,L15-1204E-1202N_4816_3380_13,/kaggle/input/datasets/amerii/spacenet-7-multitemporal-urban-development/SN7_buildings_train/train/L15-1204E-1202N_4816_3380_13/images/global_monthly_2017_07_mosaic_L15-1204E-1202N_4816_3380_13.tif,/kaggle/input/datasets/amerii/spacenet-7-multitemporal-urban-development/SN7_buildings_train/train/L15-1204E-1202N_4816_3380_13/images_masked/global_monthly_2019_09_mosaic_L15-1204E-1202N_4816_3380_13.tif,448,448,40.50716018676758,1,Urban Expansion
/kaggle/working/spacenet7_urban_expansion_outputs/processed_difference_patches/L15_1276E_1107N_5105_3761_13_0004_448_224.png,L15-1276E-1107N_5105_3761_13,/kaggle/input/datasets/amerii/spacenet-7-multitemporal-urban-development/SN7_buildings_train/train/L15-1276E-1107N_5105_3761_13/images/global_monthly_2018_01_mosaic_L15-1276E-1107N_5105_3761_13.tif,/kaggle/input/datasets/amerii/spacenet-7-multitemporal-urban-development/SN7_buildings_train/train/L15-1276E-1107N_5105_3761_13/images_masked/global_monthly_2020_01_mosaic_L15-1276E-1107N_5105_3761_13.tif,448,224,15.738967895507812,0,No Urban Expansion
/kaggle/working/spacenet7_urban_expansion_outputs/processed_difference_patches/L15_1298E_1322N_5193_2903_13_0009_448_672.png,L15-1298E-1322N_5193_2903_13,/kaggle/input/datasets/amerii/spacenet-7-multitemporal-urban-development/SN7_buildings_train/train/L15-1298E-1322N_5193_2903_13/images/global_monthly_2018_01_mosaic_L15-1298E-1322N_5193_2903_13.tif,/kaggle/input/datasets/amerii/spacenet-7-multitemporal-urban-development/SN7_buildings_train/train/L15-1298E-1322N_5193_2903_13/images_masked/global_monthly_2020_01_mosaic_L15-1298E-1322N_5193_2903_13.tif,448,672,7.623375415802002,0,No Urban Expansion
/kaggle/working/spacenet7_urban_expansion_outputs/processed_difference_patches/L15_0361E_1300N_1446_2989_13_0012_224_0.png,L15-0361E-1300N_1446_2989_13,/kaggle/input/datasets/amerii/spacenet-7-multitemporal-urban-development/SN7_buildings_train/train/L15-0361E-1300N_1446_2989_13/images/global_monthly_2018_01_mosaic_L15-0361E-1300N_1446_2989_13.tif,/kaggle/input/datasets/amerii/spacenet-7-multitemporal-urban-development/SN7_buildings_train/train/L15-0361E-1300N_1446_2989_13/images_masked/global_monthly_2020_01_mosaic_L15-0361E-1300N_1446_2989_13.tif,224,0,9.787996292114258,0,No Urban Expansion
/kaggle/working/spacenet7_urban_expansion_outputs/processed_difference_patches/L15_1439E_1134N_5759_3655_13_0010_224_224.png,L15-1439E-1134N_5759_3655_13,/kaggle/input/datasets/amerii/spacenet-7-multitemporal-urban-development/SN7_buildings_train/train/L15-1439E-1134N_5759_3655_13/images/global_monthly_2018_02_mosaic_L15-1439E-1134N_5759_3655_13.tif,/kaggle/input/datasets/amerii/spacenet-7-multitemporal-urban-development/SN7_buildings_train/train/L15-1439E-1134N_5759_3655_13/images_masked/global_monthly_2020_01_mosaic_L15-1439E-1134N_5759_3655_13.tif,224,224,19.413753509521484,0,No Urban Expansion
/kaggle/working/spacenet7_urban_expansion_outputs/processed_difference_patches/L15_1749E_1266N_6997_3126_13_0014_672_224.png,L15-1749E-1266N_6997_3126_13,/kaggle/input/datasets/amerii/spacenet-7-multitemporal-urban-development/SN7_buildings_test_public/test_public/L15-1749E-1266N_6997_3126_13/images_masked/global_monthly_2018_02_mosaic_L15-1749E-1266N_6997_3126_13.tif,/kaggle/input/datasets/amerii/spacenet-7-multitemporal-urban-development/SN7_buildings_test_public/test_public/L15-1749E-1266N_6997_3126_13/images_masked/global_monthly_2019_10_mosaic_L15-1749E-1266N_6997_3126_13.tif,672,224,18.020896911621094,0,No Urban Expansion
/kaggle/working/spacenet7_urban_expansion_outputs/processed_difference_patches/L15_0744E_0927N_2979_4481_13_0010_448_672.png,L15-0744E-0927N_2979_4481_13,/kaggle/input/datasets/amerii/spacenet-7-multitemporal-urban-development/SN7_buildings_test_public/test_public/L15-0744E-0927N_2979_4481_13/images_masked/global_monthly_2018_01_mosaic_L15-0744E-0927N_2979_4481_13.tif,/kaggle/input/datasets/amerii/spacenet-7-multitemporal-urban-development/SN7_buildings_test_public/test_public/L15-0744E-0927N_2979_4481_13/images_masked/global_monthly_2020_01_mosaic_L15-0744E-0927N_2979_4481_13.tif,448,672,16.55449867248535,0,No Urban Expansion
/kaggle/working/spacenet7_urban_expansion_outputs/processed_difference_patches/L15_1438E_1134N_5753_3655_13_0007_448_224.png,L15-1438E-1134N_5753_3655_13,/kaggle/input/datasets/amerii/spacenet-7-multitemporal-urban-development/SN7_buildings_train/train/L15-1438E-1134N_5753_3655_13/images/global_monthly_2018_01_mosaic_L15-1438E-1134N_5753_3655_13.tif,/kaggle/input/datasets/amerii/spacenet-7-multitemporal-urban-development/SN7_buildings_train/train/L15-1438E-1134N_5753_3655_13/images_masked/global_monthly_2020_01_mosaic_L15-1438E-1134N_5753_3655_13.tif,448,224,17.756359100341797,0,No Urban Expansion
/kaggle/working/spacenet7_urban_expansion_outputs/processed_difference_patches/L15_1615E_1205N_6461_3368_13_0012_672_0.png,L15-1615E-1205N_6461_3368_13,/kaggle/input/datasets/amerii/spacenet-7-multitemporal-urban-development/SN7_buildings_test_public/test_public/L15-1615E-1205N_6461_3368_13/images_masked/global_monthly_2017_07_mosaic_L15-1615E-1205N_6461_3368_13.tif,/kaggle/input/datasets/amerii/spacenet-7-multitemporal-urban-development/SN7_buildings_test_public/test_public/L15-1615E-1205N_6461_3368_13/images_masked/global_monthly_2019_09_mosaic_L15-1615E-1205N_6461_3368_13.tif,672,0,33.85375213623047,1,Urban Expansion
/kaggle/working/spacenet7_urban_expansion_outputs/processed_difference_patches/L15_1025E_1366N_4102_2726_13_0009_0_0.png,L15-1025E-1366N_4102_2726_13,/kaggle/input/datasets/amerii/spacenet-7-multitemporal-urban-development/SN7_buildings_train/train/L15-1025E-1366N_4102_2726_13/images/global_monthly_2018_01_mosaic_L15-1025E-1366N_4102_2726_13.tif,/kaggle/input/datasets/amerii/spacenet-7-multitemporal-urban-development/SN7_buildings_train/train/L15-1025E-1366N_4102_2726_13/images_masked/global_monthly_2020_01_mosaic_L15-1025E-1366N_4102_2726_13.tif,0,0,18.701988220214844,0,No Urban Expansion
/kaggle/working/spacenet7_urban_expansion_outputs/processed_difference_patches/L15_0586E_1127N_2345_3680_13_0007_224_672.png,L15-0586E-1127N_2345_3680_13,/kaggle/input/datasets/amerii/spacenet-7-multitemporal-urban-development/SN7_buildings_train/train/L15-0586E-1127N_2345_3680_13/images/global_monthly_2018_01_mosaic_L15-0586E-1127N_2345_3680_13.tif,/kaggle/input/datasets/amerii/spacenet-7-multitemporal-urban-development/SN7_buildings_train/train/L15-0586E-1127N_2345_3680_13/images_masked/global_monthly_2020_01_mosaic_L15-0586E-1127N_2345_3680_13.tif,224,672,14.031813621520996,0,No Urban Expansion
/kaggle/working/spacenet7_urban_expansion_outputs/processed_difference_patches/L15_1138E_1216N_4553_3325_13_0010_224_672.png,L15-1138E-1216N_4553_3325_13,/kaggle/input/datasets/amerii/spacenet-7-multitemporal-urban-development/SN7_buildings_train/train/L15-1138E-1216N_4553_3325_13/images/global_monthly_2018_01_mosaic_L15-1138E-1216N_4553_3325_13.tif,/kaggle/input/datasets/amerii/spacenet-7-multitemporal-urban-development/SN7_buildings_train/train/L15-1138E-1216N_4553_3325_13/images_masked/global_monthly_2020_01_mosaic_L15-1138E-1216N_4553_3325_13.tif,224,672,31.356908798217773,1,Urban Expansion
/kaggle/working/spacenet7_urban_expansion_outputs/processed_difference_patches/L15_1210E_1025N_4840_4088_13_0012_0_672.png,L15-1210E-1025N_4840_4088_13,/kaggle/input/datasets/amerii/spacenet-7-multitemporal-urban-development/SN7_buildings_train/train/L15-1210E-1025N_4840_4088_13/images/global_monthly_2018_01_mosaic_L15-1210E-1025N_4840_4088_13.tif,/kaggle/input/datasets/amerii/spacenet-7-multitemporal-urban-development/SN7_buildings_train/train/L15-1210E-1025N_4840_4088_13/images_masked/global_monthly_2020_01_mosaic_L15-1210E-1025N_4840_4088_13.tif,0,672,10.613794326782227,0,No Urban Expansion
/kaggle/working/spacenet7_urban_expansion_outputs/processed_difference_patches/L15_0614E_0946N_2459_4406_13_0009_672_672.png,L15-0614E-0946N_2459_4406_13,/kaggle/input/datasets/amerii/spacenet-7-multitemporal-urban-development/SN7_buildings_train/train/L15-0614E-0946N_2459_4406_13/images/global_monthly_2018_03_mosaic_L15-0614E-0946N_2459_4406_13.tif,/kaggle/input/datasets/amerii/spacenet-7-multitemporal-urban-development/SN7_buildings_train/train/L15-0614E-0946N_2459_4406_13/images_masked/global_monthly_2020_01_mosaic_L15-0614E-0946N_2459_4406_13.tif,672,672,32.08344268798828,1,Urban Expansion
/kaggle/working/spacenet7_urban_expansion_outputs/processed_difference_patches/L15_0571E_1075N_2287_3888_13_0013_448_0.png,L15-0571E-1075N_2287_3888_13,/kaggle/input/datasets/amerii/spacenet-7-multitemporal-urban-development/SN7_buildings_train/train/L15-0571E-1075N_2287_3888_13/images/global_monthly_2018_01_mosaic_L15-0571E-1075N_2287_3888_13.tif,/kaggle/input/datasets/amerii/spacenet-7-multitemporal-urban-development/SN7_buildings_train/train/L15-0571E-1075N_2287_3888_13/images_masked/global_monthly_2020_01_mosaic_L15-0571E-1075N_2287_3888_13.tif,448,0,31.78652572631836,1,Urban Expansion
/kaggle/working/spacenet7_urban_expansion_outputs/processed_difference_patches/L15_0391E_1219N_1567_3314_13_0015_0_448.png,L15-0391E-1219N_1567_3314_13,/kaggle/input/datasets/amerii/spacenet-7-multitemporal-urban-development/SN7_buildings_test_public/test_public/L15-0391E-1219N_1567_3314_13/images_masked/global_monthly_2018_01_mosaic_L15-0391E-1219N_1567_3314_13.tif,/kaggle/input/datasets/amerii/spacenet-7-multitemporal-urban-development/SN7_buildings_test_public/test_public/L15-0391E-1219N_1567_3314_13/images_masked/global_monthly_2020_01_mosaic_L15-0391E-1219N_1567_3314_13.tif,0,448,31.558923721313477,1,Urban Expansion
/kaggle/working/spacenet7_urban_expansion_outputs/processed_difference_patches/L15_0506E_1204N_2027_3374_13_0013_224_224.png,L15-0506E-1204N_2027_3374_13,/kaggle/input/datasets/amerii/spacenet-7-multitemporal-urban-development/SN7_buildings_train/train/L15-0506E-1204N_2027_3374_13/images/global_monthly_2018_01_mosaic_L15-0506E-1204N_2027_3374_13.tif,/kaggle/input/datasets/amerii/spacenet-7-multitemporal-urban-development/SN7_buildings_train_sample/sample/L15-0506E-1204N_2027_3374_13/images_masked/global_monthly_2019_12_mosaic_L15-0506E-1204N_2027_3374_13.tif,224,224,32.26799774169922,1,Urban Expansion
/kaggle/working/spacenet7_urban_expansion_outputs/processed_difference_patches/L15_0571E_1075N_2287_3888_13_0001_0_224.png,L15-0571E-1075N_2287_3888_13,/kaggle/input/datasets/amerii/spacenet-7-multitemporal-urban-development/SN7_buildings_train/train/L15-0571E-1075N_2287_3888_13/images/global_monthly_2018_01_mosaic_L15-0571E-1075N_2287_3888_13.tif,/kaggle/input/datasets/amerii/spacenet-7-multitemporal-urban-development/SN7_buildings_train/train/L15-0571E-1075N_2287_3888_13/images_masked/global_monthly_2020_01_mosaic_L15-0571E-1075N_2287_3888_13.tif,0,224,68.55216217041016,1,Urban Expansion
/kaggle/working/spacenet7_urban_expansion_outputs/processed_difference_patches/L15_1296E_1198N_5184_3399_13_0007_0_224.png,L15-1296E-1198N_5184_3399_13,/kaggle/input/datasets/amerii/spacenet-7-multitemporal-urban-development/SN7_buildings_train/train/L15-1296E-1198N_5184_3399_13/images/global_monthly_2018_01_mosaic_L15-1296E-1198N_5184_3399_13.tif,/kaggle/input/datasets/amerii/spacenet-7-multitemporal-urban-development/SN7_buildings_train/train/L15-1296E-1198N_5184_3399_13/images_masked/global_monthly_2020_01_mosaic_L15-1296E-1198N_5184_3399_13.tif,0,224,13.696557998657227,0,No Urban Expansion
/kaggle/working/spacenet7_urban_expansion_outputs/processed_difference_patches/L15_0457E_1135N_1831_3648_13_0007_672_224.png,L15-0457E-1135N_1831_3648_13,/kaggle/input/datasets/amerii/spacenet-7-multitemporal-urban-development/SN7_buildings_train/train/L15-0457E-1135N_1831_3648_13/images/global_monthly_2018_01_mosaic_L15-0457E-1135N_1831_3648_13.tif,/kaggle/input/datasets/amerii/spacenet-7-multitemporal-urban-development/SN7_buildings_train/train/L15-0457E-1135N_1831_3648_13/images_masked/global_monthly_2019_12_mosaic_L15-0457E-1135N_1831_3648_13.tif,672,224,33.72869873046875,1,Urban Expansion
/kaggle/working/spacenet7_urban_expansion_outputs/processed_difference_patches/L15_0566E_1185N_2265_3451_13_0004_224_448.png,L15-0566E-1185N_2265_3451_13,/kaggle/input/datasets/amerii/spacenet-7-multitemporal-urban-development/SN7_buildings_train/train/L15-0566E-1185N_2265_3451_13/images/global_monthly_2018_01_mosaic_L15-0566E-1185N_2265_3451_13.tif,/kaggle/input/datasets/amerii/spacenet-7-multitemporal-urban-development/SN7_buildings_train/train/L15-0566E-1185N_2265_3451_13/images_masked/global_monthly_2020_01_mosaic_L15-0566E-1185N_2265_3451_13.tif,224,448,9.869863510131836,0,No Urban Expansion
/kaggle/working/spacenet7_urban_expansion_outputs/processed_difference_patches/L15_0487E_1246N_1950_3207_13_0002_224_0.png,L15-0487E-1246N_1950_3207_13,/kaggle/input/datasets/amerii/spacenet-7-multitemporal-urban-development/SN7_buildings_train/train/L15-0487E-1246N_1950_3207_13/images/global_monthly_2018_01_mosaic_L15-0487E-1246N_1950_3207_13.tif,/kaggle/input/datasets/amerii/spacenet-7-multitemporal-urban-development/SN7_buildings_train/train/L15-0487E-1246N_1950_3207_13/images_masked/global_monthly_2020_01_mosaic_L15-0487E-1246N_1950_3207_13.tif,224,0,16.841278076171875,0,No Urban Expansion
/kaggle/working/spacenet7_urban_expansion_outputs/processed_difference_patches/L15_1281E_1035N_5125_4049_13_0005_224_672.png,L15-1281E-1035N_5125_4049_13,/kaggle/input/datasets/amerii/spacenet-7-multitemporal-urban-development/SN7_buildings_test_public/test_public/L15-1281E-1035N_5125_4049_13/images_masked/global_monthly_2018_01_mosaic_L15-1281E-1035N_5125_4049_13.tif,/kaggle/input/datasets/amerii/spacenet-7-multitemporal-urban-development/SN7_buildings_test_public/test_public/L15-1281E-1035N_5125_4049_13/images_masked/global_monthly_2020_01_mosaic_L15-1281E-1035N_5125_4049_13.tif,224,672,20.042709350585938,0,No Urban Expansion
/kaggle/working/spacenet7_urban_expansion_outputs/processed_difference_patches/L15_0331E_1257N_1327_3160_13_0011_672_672.png,L15-0331E-1257N_1327_3160_13,/kaggle/input/datasets/amerii/spacenet-7-multitemporal-urban-development/SN7_buildings_train/train/L15-0331E-1257N_1327_3160_13/images/global_monthly_2018_01_mosaic_L15-0331E-1257N_1327_3160_13.tif,/kaggle/input/datasets/amerii/spacenet-7-multitemporal-urban-development/SN7_buildings_train/train/L15-0331E-1257N_1327_3160_13/images_masked/global_monthly_2020_01_mosaic_L15-0331E-1257N_1327_3160_13.tif,672,672,15.008430480957031,0,No Urban Expansion
/kaggle/working/spacenet7_urban_expansion_outputs/processed_difference_patches/L15_1298E_1322N_5193_2903_13_0014_224_672.png,L15-1298E-1322N_5193_2903_13,/kaggle/input/datasets/amerii/spacenet-7-multitemporal-urban-development/SN7_buildings_train/train/L15-1298E-1322N_5193_2903_13/images/global_monthly_2018_01_mosaic_L15-1298E-1322N_5193_2903_13.tif,/kaggle/input/datasets/amerii/spacenet-7-multitemporal-urban-development/SN7_buildings_train/train/L15-1298E-1322N_5193_2903_13/images_masked/global_monthly_2020_01_mosaic_L15-1298E-1322N_5193_2903_13.tif,224,672,9.182762145996094,0,No Urban Expansion
/kaggle/working/spacenet7_urban_expansion_outputs/processed_difference_patches/L15_0595E_1278N_2383_3079_13_0015_0_672.png,L15-0595E-1278N_2383_3079_13,/kaggle/input/datasets/amerii/spacenet-7-multitemporal-urban-development/SN7_buildings_train/train/L15-0595E-1278N_2383_3079_13/images/global_monthly_2018_01_mosaic_L15-0595E-1278N_2383_3079_13.tif,/kaggle/input/datasets/amerii/spacenet-7-multitemporal-urban-development/SN7_buildings_train/train/L15-0595E-1278N_2383_3079_13/images_masked/global_monthly_2020_01_mosaic_L15-0595E-1278N_2383_3079_13.tif,0,672,19.807453155517578,0,No Urban Expansion
/kaggle/working/spacenet7_urban_expansion_outputs/processed_difference_patches/L15_1670E_1159N_6681_3552_13_0014_672_672.png,L15-1670E-1159N_6681_3552_13,/kaggle/input/datasets/amerii/spacenet-7-multitemporal-urban-development/SN7_buildings_test_public/test_public/L15-1670E-1159N_6681_3552_13/images_masked/global_monthly_2017_07_mosaic_L15-1670E-1159N_6681_3552_13.tif,/kaggle/input/datasets/amerii/spacenet-7-multitemporal-urban-development/SN7_buildings_test_public/test_public/L15-1670E-1159N_6681_3552_13/images_masked/global_monthly_2019_09_mosaic_L15-1670E-1159N_6681_3552_13.tif,672,672,36.97008514404297,1,Urban Expansion
/kaggle/working/spacenet7_urban_expansion_outputs/processed_difference_patches/L15_1204E_1202N_4816_3380_13_0002_0_0.png,L15-1204E-1202N_4816_3380_13,/kaggle/input/datasets/amerii/spacenet-7-multitemporal-urban-development/SN7_buildings_train/train/L15-1204E-1202N_4816_3380_13/images/global_monthly_2017_07_mosaic_L15-1204E-1202N_4816_3380_13.tif,/kaggle/input/datasets/amerii/spacenet-7-multitemporal-urban-development/SN7_buildings_train/train/L15-1204E-1202N_4816_3380_13/images_masked/global_monthly_2019_09_mosaic_L15-1204E-1202N_4816_3380_13.tif,0,0,35.22871398925781,1,Urban Expansion
/kaggle/working/spacenet7_urban_expansion_outputs/processed_difference_patches/L15_0924E_1108N_3699_3757_13_0011_448_448.png,L15-0924E-1108N_3699_3757_13,/kaggle/input/datasets/amerii/spacenet-7-multitemporal-urban-development/SN7_buildings_train/train/L15-0924E-1108N_3699_3757_13/images/global_monthly_2018_01_mosaic_L15-0924E-1108N_3699_3757_13.tif,/kaggle/input/datasets/amerii/spacenet-7-multitemporal-urban-development/SN7_buildings_train/train/L15-0924E-1108N_3699_3757_13/images_masked/global_monthly_2020_01_mosaic_L15-0924E-1108N_3699_3757_13.tif,448,448,12.317197799682617,0,No Urban Expansion
/kaggle/working/spacenet7_urban_expansion_outputs/processed_difference_patches/L15_1172E_1306N_4688_2967_13_0005_0_224.png,L15-1172E-1306N_4688_2967_13,/kaggle/input/datasets/amerii/spacenet-7-multitemporal-urban-development/SN7_buildings_train/train/L15-1172E-1306N_4688_2967_13/images/global_monthly_2018_01_mosaic_L15-1172E-1306N_4688_2967_13.tif,/kaggle/input/datasets/amerii/spacenet-7-multitemporal-urban-development/SN7_buildings_train/train/L15-1172E-1306N_4688_2967_13/images_masked/global_monthly_2020_01_mosaic_L15-1172E-1306N_4688_2967_13.tif,0,224,18.118608474731445,0,No Urban Expansion
/kaggle/working/spacenet7_urban_expansion_outputs/processed_difference_patches/L15_1438E_1227N_5753_3282_13_0000_0_0.png,L15-1438E-1227N_5753_3282_13,/kaggle/input/datasets/amerii/spacenet-7-multitemporal-urban-development/SN7_buildings_test_public/test_public/L15-1438E-1227N_5753_3282_13/images_masked/global_monthly_2018_01_mosaic_L15-1438E-1227N_5753_3282_13.tif,/kaggle/input/datasets/amerii/spacenet-7-multitemporal-urban-development/SN7_buildings_test_public/test_public/L15-1438E-1227N_5753_3282_13/images_masked/global_monthly_2020_01_mosaic_L15-1438E-1227N_5753_3282_13.tif,0,0,11.957639694213867,0,No Urban Expansion
/kaggle/working/spacenet7_urban_expansion_outputs/processed_difference_patches/SN7_buildings_train_sample_0008_224_0.png,SN7_buildings_train_sample,/kaggle/input/datasets/amerii/spacenet-7-multitemporal-urban-development/SN7_buildings_train_sample/sample/L15-0506E-1204N_2027_3374_13/UDM_masks/global_monthly_2018_06_mosaic_L15-0506E-1204N_2027_3374_13_UDM.tif,/kaggle/input/datasets/amerii/spacenet-7-multitemporal-urban-development/SN7_buildings_train_sample/sample/L15-0506E-1204N_2027_3374_13/UDM_masks/global_monthly_2019_11_mosaic_L15-0506E-1204N_2027_3374_13_UDM.tif,224,0,51.664737701416016,1,Urban Expansion
/kaggle/working/spacenet7_urban_expansion_outputs/processed_difference_patches/L15_1669E_1160N_6679_3549_13_0010_0_672.png,L15-1669E-1160N_6679_3549_13,/kaggle/input/datasets/amerii/spacenet-7-multitemporal-urban-development/SN7_buildings_train/train/L15-1669E-1160N_6679_3549_13/images/global_monthly_2017_07_mosaic_L15-1669E-1160N_6679_3549_13.tif,/kaggle/input/datasets/amerii/spacenet-7-multitemporal-urban-development/SN7_buildings_train/train/L15-1669E-1160N_6679_3549_13/images_masked/global_monthly_2019_09_mosaic_L15-1669E-1160N_6679_3549_13.tif,0,672,34.241844177246094,1,Urban Expansion
/kaggle/working/spacenet7_urban_expansion_outputs/processed_difference_patches/L15_1479E_1101N_5916_3785_13_0007_448_672.png,L15-1479E-1101N_5916_3785_13,/kaggle/input/datasets/amerii/spacenet-7-multitemporal-urban-development/SN7_buildings_train/train/L15-1479E-1101N_5916_3785_13/images/global_monthly_2018_01_mosaic_L15-1479E-1101N_5916_3785_13.tif,/kaggle/input/datasets/amerii/spacenet-7-multitemporal-urban-development/SN7_buildings_train/train/L15-1479E-1101N_5916_3785_13/images_masked/global_monthly_2020_01_mosaic_L15-1479E-1101N_5916_3785_13.tif,448,672,17.875009536743164,0,No Urban Expansion
/kaggle/working/spacenet7_urban_expansion_outputs/processed_difference_patches/L15_1389E_1284N_5557_3054_13_0012_672_0.png,L15-1389E-1284N_5557_3054_13,/kaggle/input/datasets/amerii/spacenet-7-multitemporal-urban-development/SN7_buildings_train/train/L15-1389E-1284N_5557_3054_13/images/global_monthly_2018_02_mosaic_L15-1389E-1284N_5557_3054_13.tif,/kaggle/input/datasets/amerii/spacenet-7-multitemporal-urban-development/SN7_buildings_train/train/L15-1389E-1284N_5557_3054_13/images_masked/global_monthly_2020_01_mosaic_L15-1389E-1284N_5557_3054_13.tif,672,0,36.98060607910156,1,Urban Expansion
/kaggle/working/spacenet7_urban_expansion_outputs/processed_difference_patches/L15_1025E_1366N_4102_2726_13_0013_224_672.png,L15-1025E-1366N_4102_2726_13,/kaggle/input/datasets/amerii/spacenet-7-multitemporal-urban-development/SN7_buildings_train/train/L15-1025E-1366N_4102_2726_13/images/global_monthly_2018_01_mosaic_L15-1025E-1366N_4102_2726_13.tif,/kaggle/input/datasets/amerii/spacenet-7-multitemporal-urban-development/SN7_buildings_train/train/L15-1025E-1366N_4102_2726_13/images_masked/global_monthly_2020_01_mosaic_L15-1025E-1366N_4102_2726_13.tif,224,672,18.767593383789062,0,No Urban Expansion
/kaggle/working/spacenet7_urban_expansion_outputs/processed_difference_patches/L15_0387E_1276N_1549_3087_13_0002_0_0.png,L15-0387E-1276N_1549_3087_13,/kaggle/input/datasets/amerii/spacenet-7-multitemporal-urban-development/SN7_buildings_train/train/L15-0387E-1276N_1549_3087_13/images/global_monthly_2018_01_mosaic_L15-0387E-1276N_1549_3087_13.tif,/kaggle/input/datasets/amerii/spacenet-7-multitemporal-urban-development/SN7_buildings_train/train/L15-0387E-1276N_1549_3087_13/images_masked/global_monthly_2019_12_mosaic_L15-0387E-1276N_1549_3087_13.tif,0,0,43.521209716796875,1,Urban Expansion
/kaggle/working/spacenet7_urban_expansion_outputs/processed_difference_patches/L15_1276E_1107N_5105_3761_13_0013_448_0.png,L15-1276E-1107N_5105_3761_13,/kaggle/input/datasets/amerii/spacenet-7-multitemporal-urban-development/SN7_buildings_train/train/L15-1276E-1107N_5105_3761_13/images/global_monthly_2018_01_mosaic_L15-1276E-1107N_5105_3761_13.tif,/kaggle/input/datasets/amerii/spacenet-7-multitemporal-urban-development/SN7_buildings_train/train/L15-1276E-1107N_5105_3761_13/images_masked/global_monthly_2020_01_mosaic_L15-1276E-1107N_5105_3761_13.tif,448,0,16.83869171142578,0,No Urban Expansion
/kaggle/working/spacenet7_urban_expansion_outputs/processed_difference_patches/L15_1025E_1366N_4102_2726_13_0005_672_224.png,L15-1025E-1366N_4102_2726_13,/kaggle/input/datasets/amerii/spacenet-7-multitemporal-urban-development/SN7_buildings_train/train/L15-1025E-1366N_4102_2726_13/images/global_monthly_2018_01_mosaic_L15-1025E-1366N_4102_2726_13.tif,/kaggle/input/datasets/amerii/spacenet-7-multitemporal-urban-development/SN7_buildings_train/train/L15-1025E-1366N_4102_2726_13/images_masked/global_monthly_2020_01_mosaic_L15-1025E-1366N_4102_2726_13.tif,672,224,16.96040916442871,0,No Urban Expansion
/kaggle/working/spacenet7_urban_expansion_outputs/processed_difference_patches/L15_1203E_1203N_4815_3378_13_0003_672_448.png,L15-1203E-1203N_4815_3378_13,/kaggle/input/datasets/amerii/spacenet-7-multitemporal-urban-development/SN7_buildings_train/train/L15-1203E-1203N_4815_3378_13/images/global_monthly_2017_07_mosaic_L15-1203E-1203N_4815_3378_13.tif,/kaggle/input/datasets/amerii/spacenet-7-multitemporal-urban-development/SN7_buildings_train/train/L15-1203E-1203N_4815_3378_13/images_masked/global_monthly_2019_09_mosaic_L15-1203E-1203N_4815_3378_13.tif,672,448,33.48848342895508,1,Urban Expansion
/kaggle/working/spacenet7_urban_expansion_outputs/processed_difference_patches/L15_0387E_1276N_1549_3087_13_0004_448_672.png,L15-0387E-1276N_1549_3087_13,/kaggle/input/datasets/amerii/spacenet-7-multitemporal-urban-development/SN7_buildings_train/train/L15-0387E-1276N_1549_3087_13/images/global_monthly_2018_01_mosaic_L15-0387E-1276N_1549_3087_13.tif,/kaggle/input/datasets/amerii/spacenet-7-multitemporal-urban-development/SN7_buildings_train/train/L15-0387E-1276N_1549_3087_13/images_masked/global_monthly_2019_12_mosaic_L15-0387E-1276N_1549_3087_13.tif,448,672,43.70362854003906,1,Urban Expansion
/kaggle/working/spacenet7_urban_expansion_outputs/processed_difference_patches/L15_0744E_0927N_2979_4481_13_0013_224_672.png,L15-0744E-0927N_2979_4481_13,/kaggle/input/datasets/amerii/spacenet-7-multitemporal-urban-development/SN7_buildings_test_public/test_public/L15-0744E-0927N_2979_4481_13/images_masked/global_monthly_2018_01_mosaic_L15-0744E-0927N_2979_4481_13.tif,/kaggle/input/datasets/amerii/spacenet-7-multitemporal-urban-development/SN7_buildings_test_public/test_public/L15-0744E-0927N_2979_4481_13/images_masked/global_monthly_2020_01_mosaic_L15-0744E-0927N_2979_4481_13.tif,224,672,19.811338424682617,0,No Urban Expansion
/kaggle/working/spacenet7_urban_expansion_outputs/processed_difference_patches/L15_1669E_1160N_6679_3549_13_0001_448_224.png,L15-1669E-1160N_6679_3549_13,/kaggle/input/datasets/amerii/spacenet-7-multitemporal-urban-development/SN7_buildings_train/train/L15-1669E-1160N_6679_3549_13/images/global_monthly_2017_07_mosaic_L15-1669E-1160N_6679_3549_13.tif,/kaggle/input/datasets/amerii/spacenet-7-multitemporal-urban-development/SN7_buildings_train/train/L15-1669E-1160N_6679_3549_13/images_masked/global_monthly_2019_09_mosaic_L15-1669E-1160N_6679_3549_13.tif,448,224,39.997711181640625,1,Urban Expansion
/kaggle/working/spacenet7_urban_expansion_outputs/processed_difference_patches/L15_1203E_1203N_4815_3378_13_0002_224_672.png,L15-1203E-1203N_4815_3378_13,/kaggle/input/datasets/amerii/spacenet-7-multitemporal-urban-development/SN7_buildings_train/train/L15-1203E-1203N_4815_3378_13/images/global_monthly_2017_07_mosaic_L15-1203E-1203N_4815_3378_13.tif,/kaggle/input/datasets/amerii/spacenet-7-multitemporal-urban-development/SN7_buildings_train/train/L15-1203E-1203N_4815_3378_13/images_masked/global_monthly_2019_09_mosaic_L15-1203E-1203N_4815_3378_13.tif,224,672,32.285545349121094,1,Urban Expansion
/kaggle/working/spacenet7_urban_expansion_outputs/processed_difference_patches/L15_1031E_1300N_4127_2991_13_0009_0_672.png,L15-1031E-1300N_4127_2991_13,/kaggle/input/datasets/amerii/spacenet-7-multitemporal-urban-development/SN7_buildings_test_public/test_public/L15-1031E-1300N_4127_2991_13/images_masked/global_monthly_2018_01_mosaic_L15-1031E-1300N_4127_2991_13.tif,/kaggle/input/datasets/amerii/spacenet-7-multitemporal-urban-development/SN7_buildings_test_public/test_public/L15-1031E-1300N_4127_2991_13/images_masked/global_monthly_2020_01_mosaic_L15-1031E-1300N_4127_2991_13.tif,0,672,18.673290252685547,0,No Urban Expansion
/kaggle/working/spacenet7_urban_expansion_outputs/processed_difference_patches/L15_0760E_0887N_3041_4643_13_0014_672_448.png,L15-0760E-0887N_3041_4643_13,/kaggle/input/datasets/amerii/spacenet-7-multitemporal-urban-development/SN7_buildings_train/train/L15-0760E-0887N_3041_4643_13/images/global_monthly_2018_01_mosaic_L15-0760E-0887N_3041_4643_13.tif,/kaggle/input/datasets/amerii/spacenet-7-multitemporal-urban-development/SN7_buildings_train/train/L15-0760E-0887N_3041_4643_13/images_masked/global_monthly_2020_01_mosaic_L15-0760E-0887N_3041_4643_13.tif,672,448,42.079383850097656,1,Urban Expansion
/kaggle/working/spacenet7_urban_expansion_outputs/processed_difference_patches/L15_0760E_0887N_3041_4643_13_0002_224_0.png,L15-0760E-0887N_3041_4643_13,/kaggle/input/datasets/amerii/spacenet-7-multitemporal-urban-development/SN7_buildings_train/train/L15-0760E-0887N_3041_4643_13/images/global_monthly_2018_01_mosaic_L15-0760E-0887N_3041_4643_13.tif,/kaggle/input/datasets/amerii/spacenet-7-multitemporal-urban-development/SN7_buildings_train/train/L15-0760E-0887N_3041_4643_13/images_masked/global_monthly_2020_01_mosaic_L15-0760E-0887N_3041_4643_13.tif,224,0,13.68277645111084,0,No Urban Expansion
/kaggle/working/spacenet7_urban_expansion_outputs/processed_difference_patches/L15_0977E_1187N_3911_3441_13_0000_672_672.png,L15-0977E-1187N_3911_3441_13,/kaggle/input/datasets/amerii/spacenet-7-multitemporal-urban-development/SN7_buildings_train/train/L15-0977E-1187N_3911_3441_13/images/global_monthly_2018_01_mosaic_L15-0977E-1187N_3911_3441_13.tif,/kaggle/input/datasets/amerii/spacenet-7-multitemporal-urban-development/SN7_buildings_train/train/L15-0977E-1187N_3911_3441_13/images_masked/global_monthly_2020_01_mosaic_L15-0977E-1187N_3911_3441_13.tif,672,672,8.313377380371094,0,No Urban Expansion
/kaggle/working/spacenet7_urban_expansion_outputs/processed_difference_patches/L15_1296E_1198N_5184_3399_13_0005_224_448.png,L15-1296E-1198N_5184_3399_13,/kaggle/input/datasets/amerii/spacenet-7-multitemporal-urban-development/SN7_buildings_train/train/L15-1296E-1198N_5184_3399_13/images/global_monthly_2018_01_mosaic_L15-1296E-1198N_5184_3399_13.tif,/kaggle/input/datasets/amerii/spacenet-7-multitemporal-urban-development/SN7_buildings_train/train/L15-1296E-1198N_5184_3399_13/images_masked/global_monthly_2020_01_mosaic_L15-1296E-1198N_5184_3399_13.tif,224,448,11.517931938171387,0,No Urban Expansion
/kaggle/working/spacenet7_urban_expansion_outputs/processed_difference_patches/L15_1209E_1113N_4838_3737_13_0009_448_448.png,L15-1209E-1113N_4838_3737_13,/kaggle/input/datasets/amerii/spacenet-7-multitemporal-urban-development/SN7_buildings_train/train/L15-1209E-1113N_4838_3737_13/images/global_monthly_2018_01_mosaic_L15-1209E-1113N_4838_3737_13.tif,/kaggle/input/datasets/amerii/spacenet-7-multitemporal-urban-development/SN7_buildings_train/train/L15-1209E-1113N_4838_3737_13/images_masked/global_monthly_2020_01_mosaic_L15-1209E-1113N_4838_3737_13.tif,448,448,16.787841796875,0,No Urban Expansion
/kaggle/working/spacenet7_urban_expansion_outputs/processed_difference_patches/L15_0457E_1135N_1831_3648_13_0003_672_448.png,L15-0457E-1135N_1831_3648_13,/kaggle/input/datasets/amerii/spacenet-7-multitemporal-urban-development/SN7_buildings_train/train/L15-0457E-1135N_1831_3648_13/images/global_monthly_2018_01_mosaic_L15-0457E-1135N_1831_3648_13.tif,/kaggle/input/datasets/amerii/spacenet-7-multitemporal-urban-development/SN7_buildings_train/train/L15-0457E-1135N_1831_3648_13/images_masked/global_monthly_2019_12_mosaic_L15-0457E-1135N_1831_3648_13.tif,672,448,31.949542999267578,1,Urban Expansion
/kaggle/working/spacenet7_urban_expansion_outputs/processed_difference_patches/L15_1703E_1219N_6813_3313_13_0013_672_672.png,L15-1703E-1219N_6813_3313_13,/kaggle/input/datasets/amerii/spacenet-7-multitemporal-urban-development/SN7_buildings_train/train/L15-1703E-1219N_6813_3313_13/images/global_monthly_2018_01_mosaic_L15-1703E-1219N_6813_3313_13.tif,/kaggle/input/datasets/amerii/spacenet-7-multitemporal-urban-development/SN7_buildings_train/train/L15-1703E-1219N_6813_3313_13/images_masked/global_monthly_2020_01_mosaic_L15-1703E-1219N_6813_3313_13.tif,672,672,30.737564086914062,1,Urban Expansion
/kaggle/working/spacenet7_urban_expansion_outputs/processed_difference_patches/L15_0586E_1127N_2345_3680_13_0013_0_672.png,L15-0586E-1127N_2345_3680_13,/kaggle/input/datasets/amerii/spacenet-7-multitemporal-urban-development/SN7_buildings_train/train/L15-0586E-1127N_2345_3680_13/images/global_monthly_2018_01_mosaic_L15-0586E-1127N_2345_3680_13.tif,/kaggle/input/datasets/amerii/spacenet-7-multitemporal-urban-development/SN7_buildings_train/train/L15-0586E-1127N_2345_3680_13/images_masked/global_monthly_2020_01_mosaic_L15-0586E-1127N_2345_3680_13.tif,0,672,8.894172668457031,0,No Urban Expansion
/kaggle/working/spacenet7_urban_expansion_outputs/processed_difference_patches/L15_1014E_1375N_4056_2688_13_0004_224_672.png,L15-1014E-1375N_4056_2688_13,/kaggle/input/datasets/amerii/spacenet-7-multitemporal-urban-development/SN7_buildings_train/train/L15-1014E-1375N_4056_2688_13/images/global_monthly_2018_01_mosaic_L15-1014E-1375N_4056_2688_13.tif,/kaggle/input/datasets/amerii/spacenet-7-multitemporal-urban-development/SN7_buildings_train/train/L15-1014E-1375N_4056_2688_13/images_masked/global_monthly_2020_01_mosaic_L15-1014E-1375N_4056_2688_13.tif,224,672,18.50091552734375,0,No Urban Expansion
/kaggle/working/spacenet7_urban_expansion_outputs/processed_difference_patches/L15_0387E_1276N_1549_3087_13_0011_672_448.png,L15-0387E-1276N_1549_3087_13,/kaggle/input/datasets/amerii/spacenet-7-multitemporal-urban-development/SN7_buildings_train/train/L15-0387E-1276N_1549_3087_13/images/global_monthly_2018_01_mosaic_L15-0387E-1276N_1549_3087_13.tif,/kaggle/input/datasets/amerii/spacenet-7-multitemporal-urban-development/SN7_buildings_train/train/L15-0387E-1276N_1549_3087_13/images_masked/global_monthly_2019_12_mosaic_L15-0387E-1276N_1549_3087_13.tif,672,448,39.5052375793457,1,Urban Expansion
/kaggle/working/spacenet7_urban_expansion_outputs/processed_difference_patches/L15_1438E_1227N_5753_3282_13_0014_0_224.png,L15-1438E-1227N_5753_3282_13,/kaggle/input/datasets/amerii/spacenet-7-multitemporal-urban-development/SN7_buildings_test_public/test_public/L15-1438E-1227N_5753_3282_13/images_masked/global_monthly_2018_01_mosaic_L15-1438E-1227N_5753_3282_13.tif,/kaggle/input/datasets/amerii/spacenet-7-multitemporal-urban-development/SN7_buildings_test_public/test_public/L15-1438E-1227N_5753_3282_13/images_masked/global_monthly_2020_01_mosaic_L15-1438E-1227N_5753_3282_13.tif,0,224,16.33526611328125,0,No Urban Expansion
/kaggle/working/spacenet7_urban_expansion_outputs/processed_difference_patches/L15_0434E_1218N_1736_3318_13_0001_672_0.png,L15-0434E-1218N_1736_3318_13,/kaggle/input/datasets/amerii/spacenet-7-multitemporal-urban-development/SN7_buildings_train/train/L15-0434E-1218N_1736_3318_13/images/global_monthly_2018_01_mosaic_L15-0434E-1218N_1736_3318_13.tif,/kaggle/input/datasets/amerii/spacenet-7-multitemporal-urban-development/SN7_buildings_train/train/L15-0434E-1218N_1736_3318_13/images_masked/global_monthly_2020_01_mosaic_L15-0434E-1218N_1736_3318_13.tif,672,0,12.370500564575195,0,No Urban Expansion
/kaggle/working/spacenet7_urban_expansion_outputs/processed_difference_patches/L15_1703E_1219N_6813_3313_13_0007_0_0.png,L15-1703E-1219N_6813_3313_13,/kaggle/input/datasets/amerii/spacenet-7-multitemporal-urban-development/SN7_buildings_train/train/L15-1703E-1219N_6813_3313_13/images/global_monthly_2018_01_mosaic_L15-1703E-1219N_6813_3313_13.tif,/kaggle/input/datasets/amerii/spacenet-7-multitemporal-urban-development/SN7_buildings_train/train/L15-1703E-1219N_6813_3313_13/images_masked/global_monthly_2020_01_mosaic_L15-1703E-1219N_6813_3313_13.tif,0,0,19.65585708618164,0,No Urban Expansion
/kaggle/working/spacenet7_urban_expansion_outputs/processed_difference_patches/L15_1335E_1166N_5342_3524_13_0003_672_448.png,L15-1335E-1166N_5342_3524_13,/kaggle/input/datasets/amerii/spacenet-7-multitemporal-urban-development/SN7_buildings_train/train/L15-1335E-1166N_5342_3524_13/images/global_monthly_2018_01_mosaic_L15-1335E-1166N_5342_3524_13.tif,/kaggle/input/datasets/amerii/spacenet-7-multitemporal-urban-development/SN7_buildings_train/train/L15-1335E-1166N_5342_3524_13/images_masked/global_monthly_2020_01_mosaic_L15-1335E-1166N_5342_3524_13.tif,672,448,13.142593383789062,0,No Urban Expansion
/kaggle/working/spacenet7_urban_expansion_outputs/processed_difference_patches/L15_0331E_1257N_1327_3160_13_0015_672_0.png,L15-0331E-1257N_1327_3160_13,/kaggle/input/datasets/amerii/spacenet-7-multitemporal-urban-development/SN7_buildings_train/train/L15-0331E-1257N_1327_3160_13/images/global_monthly_2018_01_mosaic_L15-0331E-1257N_1327_3160_13.tif,/kaggle/input/datasets/amerii/spacenet-7-multitemporal-urban-development/SN7_buildings_train/train/L15-0331E-1257N_1327_3160_13/images_masked/global_monthly_2020_01_mosaic_L15-0331E-1257N_1327_3160_13.tif,672,0,8.283048629760742,0,No Urban Expansion
/kaggle/working/spacenet7_urban_expansion_outputs/processed_difference_patches/L15_0457E_1135N_1831_3648_13_0009_448_224.png,L15-0457E-1135N_1831_3648_13,/kaggle/input/datasets/amerii/spacenet-7-multitemporal-urban-development/SN7_buildings_train/train/L15-0457E-1135N_1831_3648_13/images/global_monthly_2018_01_mosaic_L15-0457E-1135N_1831_3648_13.tif,/kaggle/input/datasets/amerii/spacenet-7-multitemporal-urban-development/SN7_buildings_train/train/L15-0457E-1135N_1831_3648_13/images_masked/global_monthly_2019_12_mosaic_L15-0457E-1135N_1831_3648_13.tif,448,224,33.08816146850586,1,Urban Expansion
/kaggle/working/spacenet7_urban_expansion_outputs/processed_difference_patches/L15_1666E_1189N_6665_3433_13_0004_224_224.png,L15-1666E-1189N_6665_3433_13,/kaggle/input/datasets/amerii/spacenet-7-multitemporal-urban-development/SN7_buildings_test_public/test_public/L15-1666E-1189N_6665_3433_13/images_masked/global_monthly_2018_01_mosaic_L15-1666E-1189N_6665_3433_13.tif,/kaggle/input/datasets/amerii/spacenet-7-multitemporal-urban-development/SN7_buildings_test_public/test_public/L15-1666E-1189N_6665_3433_13/images_masked/global_monthly_2020_01_mosaic_L15-1666E-1189N_6665_3433_13.tif,224,224,33.76799392700195,1,Urban Expansion
/kaggle/working/spacenet7_urban_expansion_outputs/processed_difference_patches/L15_1538E_1163N_6154_3539_13_0003_672_448.png,L15-1538E-1163N_6154_3539_13,/kaggle/input/datasets/amerii/spacenet-7-multitemporal-urban-development/SN7_buildings_train/train/L15-1538E-1163N_6154_3539_13/images/global_monthly_2018_01_mosaic_L15-1538E-1163N_6154_3539_13.tif,/kaggle/input/datasets/amerii/spacenet-7-multitemporal-urban-development/SN7_buildings_train/train/L15-1538E-1163N_6154_3539_13/images_masked/global_monthly_2020_01_mosaic_L15-1538E-1163N_6154_3539_13.tif,672,448,16.572032928466797,0,No Urban Expansion
/kaggle/working/spacenet7_urban_expansion_outputs/processed_difference_patches/L15_1298E_1322N_5193_2903_13_0008_672_672.png,L15-1298E-1322N_5193_2903_13,/kaggle/input/datasets/amerii/spacenet-7-multitemporal-urban-development/SN7_buildings_train/train/L15-1298E-1322N_5193_2903_13/images/global_monthly_2018_01_mosaic_L15-1298E-1322N_5193_2903_13.tif,/kaggle/input/datasets/amerii/spacenet-7-multitemporal-urban-development/SN7_buildings_train/train/L15-1298E-1322N_5193_2903_13/images_masked/global_monthly_2020_01_mosaic_L15-1298E-1322N_5193_2903_13.tif,672,672,18.727581024169922,0,No Urban Expansion
/kaggle/working/spacenet7_urban_expansion_outputs/processed_difference_patches/L15_0595E_1278N_2383_3079_13_0014_0_224.png,L15-0595E-1278N_2383_3079_13,/kaggle/input/datasets/amerii/spacenet-7-multitemporal-urban-development/SN7_buildings_train/train/L15-0595E-1278N_2383_3079_13/images/global_monthly_2018_01_mosaic_L15-0595E-1278N_2383_3079_13.tif,/kaggle/input/datasets/amerii/spacenet-7-multitemporal-urban-development/SN7_buildings_train/train/L15-0595E-1278N_2383_3079_13/images_masked/global_monthly_2020_01_mosaic_L15-0595E-1278N_2383_3079_13.tif,0,224,13.479582786560059,0,No Urban Expansion
/kaggle/working/spacenet7_urban_expansion_outputs/processed_difference_patches/L15_0744E_0927N_2979_4481_13_0014_448_448.png,L15-0744E-0927N_2979_4481_13,/kaggle/input/datasets/amerii/spacenet-7-multitemporal-urban-development/SN7_buildings_test_public/test_public/L15-0744E-0927N_2979_4481_13/images_masked/global_monthly_2018_01_mosaic_L15-0744E-0927N_2979_4481_13.tif,/kaggle/input/datasets/amerii/spacenet-7-multitemporal-urban-development/SN7_buildings_test_public/test_public/L15-0744E-0927N_2979_4481_13/images_masked/global_monthly_2020_01_mosaic_L15-0744E-0927N_2979_4481_13.tif,448,448,15.934808731079102,0,No Urban Expansion
/kaggle/working/spacenet7_urban_expansion_outputs/processed_difference_patches/L15_0566E_1185N_2265_3451_13_0011_672_672.png,L15-0566E-1185N_2265_3451_13,/kaggle/input/datasets/amerii/spacenet-7-multitemporal-urban-development/SN7_buildings_train/train/L15-0566E-1185N_2265_3451_13/images/global_monthly_2018_01_mosaic_L15-0566E-1185N_2265_3451_13.tif,/kaggle/input/datasets/amerii/spacenet-7-multitemporal-urban-development/SN7_buildings_train/train/L15-0566E-1185N_2265_3451_13/images_masked/global_monthly_2020_01_mosaic_L15-0566E-1185N_2265_3451_13.tif,672,672,19.744375228881836,0,No Urban Expansion
/kaggle/working/spacenet7_urban_expansion_outputs/processed_difference_patches/L15_1209E_1113N_4838_3737_13_0013_0_672.png,L15-1209E-1113N_4838_3737_13,/kaggle/input/datasets/amerii/spacenet-7-multitemporal-urban-development/SN7_buildings_train/train/L15-1209E-1113N_4838_3737_13/images/global_monthly_2018_01_mosaic_L15-1209E-1113N_4838_3737_13.tif,/kaggle/input/datasets/amerii/spacenet-7-multitemporal-urban-development/SN7_buildings_train/train/L15-1209E-1113N_4838_3737_13/images_masked/global_monthly_2020_01_mosaic_L15-1209E-1113N_4838_3737_13.tif,0,672,34.081443786621094,1,Urban Expansion
/kaggle/working/spacenet7_urban_expansion_outputs/processed_difference_patches/L15_1335E_1166N_5342_3524_13_0014_224_224.png,L15-1335E-1166N_5342_3524_13,/kaggle/input/datasets/amerii/spacenet-7-multitemporal-urban-development/SN7_buildings_train/train/L15-1335E-1166N_5342_3524_13/images/global_monthly_2018_01_mosaic_L15-1335E-1166N_5342_3524_13.tif,/kaggle/input/datasets/amerii/spacenet-7-multitemporal-urban-development/SN7_buildings_train/train/L15-1335E-1166N_5342_3524_13/images_masked/global_monthly_2020_01_mosaic_L15-1335E-1166N_5342_3524_13.tif,224,224,19.811338424682617,0,No Urban Expansion
/kaggle/working/spacenet7_urban_expansion_outputs/processed_difference_patches/L15_1848E_0793N_7394_5018_13_0009_448_448.png,L15-1848E-0793N_7394_5018_13,/kaggle/input/datasets/amerii/spacenet-7-multitemporal-urban-development/SN7_buildings_train/train/L15-1848E-0793N_7394_5018_13/images/global_monthly_2018_01_mosaic_L15-1848E-0793N_7394_5018_13.tif,/kaggle/input/datasets/amerii/spacenet-7-multitemporal-urban-development/SN7_buildings_train/train/L15-1848E-0793N_7394_5018_13/images_masked/global_monthly_2020_01_mosaic_L15-1848E-0793N_7394_5018_13.tif,448,448,18.764888763427734,0,No Urban Expansion
/kaggle/working/spacenet7_urban_expansion_outputs/processed_difference_patches/L15_0387E_1276N_1549_3087_13_0007_448_224.png,L15-0387E-1276N_1549_3087_13,/kaggle/input/datasets/amerii/spacenet-7-multitemporal-urban-development/SN7_buildings_train/train/L15-0387E-1276N_1549_3087_13/images/global_monthly_2018_01_mosaic_L15-0387E-1276N_1549_3087_13.tif,/kaggle/input/datasets/amerii/spacenet-7-multitemporal-urban-development/SN7_buildings_train/train/L15-0387E-1276N_1549_3087_13/images_masked/global_monthly_2019_12_mosaic_L15-0387E-1276N_1549_3087_13.tif,448,224,69.28717041015625,1,Urban Expansion
/kaggle/working/spacenet7_urban_expansion_outputs/processed_difference_patches/L15_1615E_1205N_6460_3370_13_0009_672_0.png,L15-1615E-1205N_6460_3370_13,/kaggle/input/datasets/amerii/spacenet-7-multitemporal-urban-development/SN7_buildings_train/train/L15-1615E-1205N_6460_3370_13/images/global_monthly_2017_07_mosaic_L15-1615E-1205N_6460_3370_13.tif,/kaggle/input/datasets/amerii/spacenet-7-multitemporal-urban-development/SN7_buildings_train/train/L15-1615E-1205N_6460_3370_13/images_masked/global_monthly_2019_09_mosaic_L15-1615E-1205N_6460_3370_13.tif,672,0,37.572959899902344,1,Urban Expansion
/kaggle/working/spacenet7_urban_expansion_outputs/processed_difference_patches/L15_0361E_1300N_1446_2989_13_0015_672_0.png,L15-0361E-1300N_1446_2989_13,/kaggle/input/datasets/amerii/spacenet-7-multitemporal-urban-development/SN7_buildings_train/train/L15-0361E-1300N_1446_2989_13/images/global_monthly_2018_01_mosaic_L15-0361E-1300N_1446_2989_13.tif,/kaggle/input/datasets/amerii/spacenet-7-multitemporal-urban-development/SN7_buildings_train/train/L15-0361E-1300N_1446_2989_13/images_masked/global_monthly_2020_01_mosaic_L15-0361E-1300N_1446_2989_13.tif,672,0,11.819255828857422,0,No Urban Expansion
/kaggle/working/spacenet7_urban_expansion_outputs/processed_difference_patches/L15_1138E_1216N_4553_3325_13_0003_672_0.png,L15-1138E-1216N_4553_3325_13,/kaggle/input/datasets/amerii/spacenet-7-multitemporal-urban-development/SN7_buildings_train/train/L15-1138E-1216N_4553_3325_13/images/global_monthly_2018_01_mosaic_L15-1138E-1216N_4553_3325_13.tif,/kaggle/input/datasets/amerii/spacenet-7-multitemporal-urban-development/SN7_buildings_train/train/L15-1138E-1216N_4553_3325_13/images_masked/global_monthly_2020_01_mosaic_L15-1138E-1216N_4553_3325_13.tif,672,0,32.057373046875,1,Urban Expansion
/kaggle/working/spacenet7_urban_expansion_outputs/processed_difference_patches/L15_1203E_1203N_4815_3379_13_0015_224_224.png,L15-1203E-1203N_4815_3379_13,/kaggle/input/datasets/amerii/spacenet-7-multitemporal-urban-development/SN7_buildings_test_public/test_public/L15-1203E-1203N_4815_3379_13/images_masked/global_monthly_2017_07_mosaic_L15-1203E-1203N_4815_3379_13.tif,/kaggle/input/datasets/amerii/spacenet-7-multitemporal-urban-development/SN7_buildings_test_public/test_public/L15-1203E-1203N_4815_3379_13/images_masked/global_monthly_2019_09_mosaic_L15-1203E-1203N_4815_3379_13.tif,224,224,32.02668380737305,1,Urban Expansion
/kaggle/working/spacenet7_urban_expansion_outputs/processed_difference_patches/L15_1848E_0793N_7394_5018_13_0011_224_672.png,L15-1848E-0793N_7394_5018_13,/kaggle/input/datasets/amerii/spacenet-7-multitemporal-urban-development/SN7_buildings_train/train/L15-1848E-0793N_7394_5018_13/images/global_monthly_2018_01_mosaic_L15-1848E-0793N_7394_5018_13.tif,/kaggle/input/datasets/amerii/spacenet-7-multitemporal-urban-development/SN7_buildings_train/train/L15-1848E-0793N_7394_5018_13/images_masked/global_monthly_2020_01_mosaic_L15-1848E-0793N_7394_5018_13.tif,224,672,17.37590217590332,0,No Urban Expansion
/kaggle/working/spacenet7_urban_expansion_outputs/processed_difference_patches/L15_0358E_1220N_1433_3310_13_0002_0_0.png,L15-0358E-1220N_1433_3310_13,/kaggle/input/datasets/amerii/spacenet-7-multitemporal-urban-development/SN7_buildings_train/train/L15-0358E-1220N_1433_3310_13/images/global_monthly_2018_02_mosaic_L15-0358E-1220N_1433_3310_13.tif,/kaggle/input/datasets/amerii/spacenet-7-multitemporal-urban-development/SN7_buildings_train/train/L15-0358E-1220N_1433_3310_13/images_masked/global_monthly_2020_01_mosaic_L15-0358E-1220N_1433_3310_13.tif,0,0,44.31733703613281,1,Urban Expansion
/kaggle/working/spacenet7_urban_expansion_outputs/processed_difference_patches/L15_1014E_1375N_4056_2688_13_0001_448_672.png,L15-1014E-1375N_4056_2688_13,/kaggle/input/datasets/amerii/spacenet-7-multitemporal-urban-development/SN7_buildings_train/train/L15-1014E-1375N_4056_2688_13/images/global_monthly_2018_01_mosaic_L15-1014E-1375N_4056_2688_13.tif,/kaggle/input/datasets/amerii/spacenet-7-multitemporal-urban-development/SN7_buildings_train/train/L15-1014E-1375N_4056_2688_13/images_masked/global_monthly_2020_01_mosaic_L15-1014E-1375N_4056_2688_13.tif,448,672,18.34438705444336,0,No Urban Expansion
/kaggle/working/spacenet7_urban_expansion_outputs/processed_difference_patches/L15_1204E_1202N_4816_3380_13_0001_448_224.png,L15-1204E-1202N_4816_3380_13,/kaggle/input/datasets/amerii/spacenet-7-multitemporal-urban-development/SN7_buildings_train/train/L15-1204E-1202N_4816_3380_13/images/global_monthly_2017_07_mosaic_L15-1204E-1202N_4816_3380_13.tif,/kaggle/input/datasets/amerii/spacenet-7-multitemporal-urban-development/SN7_buildings_train/train/L15-1204E-1202N_4816_3380_13/images_masked/global_monthly_2019_09_mosaic_L15-1204E-1202N_4816_3380_13.tif,448,224,35.45933532714844,1,Urban Expansion
/kaggle/working/spacenet7_urban_expansion_outputs/processed_difference_patches/L15_1546E_1154N_6186_3574_13_0003_448_224.png,L15-1546E-1154N_6186_3574_13,/kaggle/input/datasets/amerii/spacenet-7-multitemporal-urban-development/SN7_buildings_test_public/test_public/L15-1546E-1154N_6186_3574_13/images_masked/global_monthly_2018_01_mosaic_L15-1546E-1154N_6186_3574_13.tif,/kaggle/input/datasets/amerii/spacenet-7-multitemporal-urban-development/SN7_buildings_test_public/test_public/L15-1546E-1154N_6186_3574_13/images_masked/global_monthly_2020_01_mosaic_L15-1546E-1154N_6186_3574_13.tif,448,224,9.881012916564941,0,No Urban Expansion
/kaggle/working/spacenet7_urban_expansion_outputs/processed_difference_patches/L15_0331E_1257N_1327_3160_13_0003_448_224.png,L15-0331E-1257N_1327_3160_13,/kaggle/input/datasets/amerii/spacenet-7-multitemporal-urban-development/SN7_buildings_train/train/L15-0331E-1257N_1327_3160_13/images/global_monthly_2018_01_mosaic_L15-0331E-1257N_1327_3160_13.tif,/kaggle/input/datasets/amerii/spacenet-7-multitemporal-urban-development/SN7_buildings_train/train/L15-0331E-1257N_1327_3160_13/images_masked/global_monthly_2020_01_mosaic_L15-0331E-1257N_1327_3160_13.tif,448,224,13.160380363464355,0,No Urban Expansion
/kaggle/working/spacenet7_urban_expansion_outputs/processed_difference_patches/SN7_buildings_train_0007_0_224.png,SN7_buildings_train,/kaggle/input/datasets/amerii/spacenet-7-multitemporal-urban-development/SN7_buildings_train/train/L15-1669E-1160N_6678_3548_13/UDM_masks/global_monthly_2017_07_mosaic_L15-1669E-1160N_6678_3548_13_UDM.tif,/kaggle/input/datasets/amerii/spacenet-7-multitemporal-urban-development/SN7_buildings_train/train/L15-0571E-1075N_2287_3888_13/UDM_masks/global_monthly_2020_01_mosaic_L15-0571E-1075N_2287_3888_13_UDM.tif,0,224,99.91683959960938,1,Urban Expansion
/kaggle/working/spacenet7_urban_expansion_outputs/processed_difference_patches/L15_1049E_1370N_4196_2710_13_0000_672_448.png,L15-1049E-1370N_4196_2710_13,/kaggle/input/datasets/amerii/spacenet-7-multitemporal-urban-development/SN7_buildings_train/train/L15-1049E-1370N_4196_2710_13/images/global_monthly_2018_01_mosaic_L15-1049E-1370N_4196_2710_13.tif,/kaggle/input/datasets/amerii/spacenet-7-multitemporal-urban-development/SN7_buildings_train/train/L15-1049E-1370N_4196_2710_13/images_masked/global_monthly_2020_01_mosaic_L15-1049E-1370N_4196_2710_13.tif,672,448,41.08980941772461,1,Urban Expansion
/kaggle/working/spacenet7_urban_expansion_outputs/processed_difference_patches/L15_0331E_1257N_1327_3160_13_0006_0_672.png,L15-0331E-1257N_1327_3160_13,/kaggle/input/datasets/amerii/spacenet-7-multitemporal-urban-development/SN7_buildings_train/train/L15-0331E-1257N_1327_3160_13/images/global_monthly_2018_01_mosaic_L15-0331E-1257N_1327_3160_13.tif,/kaggle/input/datasets/amerii/spacenet-7-multitemporal-urban-development/SN7_buildings_train/train/L15-0331E-1257N_1327_3160_13/images_masked/global_monthly_2020_01_mosaic_L15-0331E-1257N_1327_3160_13.tif,0,672,15.701614379882812,0,No Urban Expansion
/kaggle/working/spacenet7_urban_expansion_outputs/processed_difference_patches/L15_1276E_1107N_5105_3761_13_0014_224_448.png,L15-1276E-1107N_5105_3761_13,/kaggle/input/datasets/amerii/spacenet-7-multitemporal-urban-development/SN7_buildings_train/train/L15-1276E-1107N_5105_3761_13/images/global_monthly_2018_01_mosaic_L15-1276E-1107N_5105_3761_13.tif,/kaggle/input/datasets/amerii/spacenet-7-multitemporal-urban-development/SN7_buildings_train/train/L15-1276E-1107N_5105_3761_13/images_masked/global_monthly_2020_01_mosaic_L15-1276E-1107N_5105_3761_13.tif,224,448,14.957025527954102,0,No Urban Expansion
/kaggle/working/spacenet7_urban_expansion_outputs/processed_difference_patches/L15_0632E_0892N_2528_4620_13_0011_672_0.png,L15-0632E-0892N_2528_4620_13,/kaggle/input/datasets/amerii/spacenet-7-multitemporal-urban-development/SN7_buildings_train/train/L15-0632E-0892N_2528_4620_13/images/global_monthly_2018_01_mosaic_L15-0632E-0892N_2528_4620_13.tif,/kaggle/input/datasets/amerii/spacenet-7-multitemporal-urban-development/SN7_buildings_train/train/L15-0632E-0892N_2528_4620_13/images_masked/global_monthly_2020_01_mosaic_L15-0632E-0892N_2528_4620_13.tif,672,0,15.368019104003906,0,No Urban Expansion
/kaggle/working/spacenet7_urban_expansion_outputs/processed_difference_patches/L15_1669E_1153N_6678_3579_13_0013_224_672.png,L15-1669E-1153N_6678_3579_13,/kaggle/input/datasets/amerii/spacenet-7-multitemporal-urban-development/SN7_buildings_train/train/L15-1669E-1153N_6678_3579_13/images/global_monthly_2018_01_mosaic_L15-1669E-1153N_6678_3579_13.tif,/kaggle/input/datasets/amerii/spacenet-7-multitemporal-urban-development/SN7_buildings_train/train/L15-1669E-1153N_6678_3579_13/images_masked/global_monthly_2019_12_mosaic_L15-1669E-1153N_6678_3579_13.tif,224,672,45.223594665527344,1,Urban Expansion
/kaggle/working/spacenet7_urban_expansion_outputs/processed_difference_patches/L15_1172E_1306N_4688_2967_13_0014_672_224.png,L15-1172E-1306N_4688_2967_13,/kaggle/input/datasets/amerii/spacenet-7-multitemporal-urban-development/SN7_buildings_train/train/L15-1172E-1306N_4688_2967_13/images/global_monthly_2018_01_mosaic_L15-1172E-1306N_4688_2967_13.tif,/kaggle/input/datasets/amerii/spacenet-7-multitemporal-urban-development/SN7_buildings_train/train/L15-1172E-1306N_4688_2967_13/images_masked/global_monthly_2020_01_mosaic_L15-1172E-1306N_4688_2967_13.tif,672,224,8.953767776489258,0,No Urban Expansion
/kaggle/working/spacenet7_urban_expansion_outputs/processed_difference_patches/L15_0487E_1246N_1950_3207_13_0012_0_448.png,L15-0487E-1246N_1950_3207_13,/kaggle/input/datasets/amerii/spacenet-7-multitemporal-urban-development/SN7_buildings_train/train/L15-0487E-1246N_1950_3207_13/images/global_monthly_2018_01_mosaic_L15-0487E-1246N_1950_3207_13.tif,/kaggle/input/datasets/amerii/spacenet-7-multitemporal-urban-development/SN7_buildings_train/train/L15-0487E-1246N_1950_3207_13/images_masked/global_monthly_2020_01_mosaic_L15-0487E-1246N_1950_3207_13.tif,0,448,14.167505264282227,0,No Urban Expansion
/kaggle/working/spacenet7_urban_expansion_outputs/processed_difference_patches/L15_0358E_1220N_1433_3310_13_0013_448_0.png,L15-0358E-1220N_1433_3310_13,/kaggle/input/datasets/amerii/spacenet-7-multitemporal-urban-development/SN7_buildings_train/train/L15-0358E-1220N_1433_3310_13/images/global_monthly_2018_02_mosaic_L15-0358E-1220N_1433_3310_13.tif,/kaggle/input/datasets/amerii/spacenet-7-multitemporal-urban-development/SN7_buildings_train/train/L15-0358E-1220N_1433_3310_13/images_masked/global_monthly_2020_01_mosaic_L15-0358E-1220N_1433_3310_13.tif,448,0,36.1731071472168,1,Urban Expansion
/kaggle/working/spacenet7_urban_expansion_outputs/processed_difference_patches/L15_0571E_1302N_2284_2983_13_0010_0_0.png,L15-0571E-1302N_2284_2983_13,/kaggle/input/datasets/amerii/spacenet-7-multitemporal-urban-development/SN7_buildings_test_public/test_public/L15-0571E-1302N_2284_2983_13/images_masked/global_monthly_2018_03_mosaic_L15-0571E-1302N_2284_2983_13.tif,/kaggle/input/datasets/amerii/spacenet-7-multitemporal-urban-development/SN7_buildings_test_public/test_public/L15-0571E-1302N_2284_2983_13/images_masked/global_monthly_2019_11_mosaic_L15-0571E-1302N_2284_2983_13.tif,0,0,55.62675476074219,1,Urban Expansion
/kaggle/working/spacenet7_urban_expansion_outputs/processed_difference_patches/L15_0571E_1302N_2284_2983_13_0012_672_224.png,L15-0571E-1302N_2284_2983_13,/kaggle/input/datasets/amerii/spacenet-7-multitemporal-urban-development/SN7_buildings_test_public/test_public/L15-0571E-1302N_2284_2983_13/images_masked/global_monthly_2018_03_mosaic_L15-0571E-1302N_2284_2983_13.tif,/kaggle/input/datasets/amerii/spacenet-7-multitemporal-urban-development/SN7_buildings_test_public/test_public/L15-0571E-1302N_2284_2983_13/images_masked/global_monthly_2019_11_mosaic_L15-0571E-1302N_2284_2983_13.tif,672,224,45.14005661010742,1,Urban Expansion
/kaggle/working/spacenet7_urban_expansion_outputs/processed_difference_patches/L15_1031E_1300N_4127_2991_13_0003_448_224.png,L15-1031E-1300N_4127_2991_13,/kaggle/input/datasets/amerii/spacenet-7-multitemporal-urban-development/SN7_buildings_test_public/test_public/L15-1031E-1300N_4127_2991_13/images_masked/global_monthly_2018_01_mosaic_L15-1031E-1300N_4127_2991_13.tif,/kaggle/input/datasets/amerii/spacenet-7-multitemporal-urban-development/SN7_buildings_test_public/test_public/L15-1031E-1300N_4127_2991_13/images_masked/global_monthly_2020_01_mosaic_L15-1031E-1300N_4127_2991_13.tif,448,224,17.336889266967773,0,No Urban Expansion
/kaggle/working/spacenet7_urban_expansion_outputs/processed_difference_patches/L15_0614E_0946N_2459_4406_13_0008_448_0.png,L15-0614E-0946N_2459_4406_13,/kaggle/input/datasets/amerii/spacenet-7-multitemporal-urban-development/SN7_buildings_train/train/L15-0614E-0946N_2459_4406_13/images/global_monthly_2018_03_mosaic_L15-0614E-0946N_2459_4406_13.tif,/kaggle/input/datasets/amerii/spacenet-7-multitemporal-urban-development/SN7_buildings_train/train/L15-0614E-0946N_2459_4406_13/images_masked/global_monthly_2020_01_mosaic_L15-0614E-0946N_2459_4406_13.tif,448,0,35.55284881591797,1,Urban Expansion
/kaggle/working/spacenet7_urban_expansion_outputs/processed_difference_patches/L15_0487E_1246N_1950_3207_13_0015_224_448.png,L15-0487E-1246N_1950_3207_13,/kaggle/input/datasets/amerii/spacenet-7-multitemporal-urban-development/SN7_buildings_train/train/L15-0487E-1246N_1950_3207_13/images/global_monthly_2018_01_mosaic_L15-0487E-1246N_1950_3207_13.tif,/kaggle/input/datasets/amerii/spacenet-7-multitemporal-urban-development/SN7_buildings_train/train/L15-0487E-1246N_1950_3207_13/images_masked/global_monthly_2020_01_mosaic_L15-0487E-1246N_1950_3207_13.tif,224,448,14.463314056396484,0,No Urban Expansion
/kaggle/working/spacenet7_urban_expansion_outputs/processed_difference_patches/L15_0331E_1257N_1327_3160_13_0001_224_448.png,L15-0331E-1257N_1327_3160_13,/kaggle/input/datasets/amerii/spacenet-7-multitemporal-urban-development/SN7_buildings_train/train/L15-0331E-1257N_1327_3160_13/images/global_monthly_2018_01_mosaic_L15-0331E-1257N_1327_3160_13.tif,/kaggle/input/datasets/amerii/spacenet-7-multitemporal-urban-development/SN7_buildings_train/train/L15-0331E-1257N_1327_3160_13/images_masked/global_monthly_2020_01_mosaic_L15-0331E-1257N_1327_3160_13.tif,224,448,15.57502555847168,0,No Urban Expansion
/kaggle/working/spacenet7_urban_expansion_outputs/processed_difference_patches/L15_0595E_1278N_2383_3079_13_0011_672_224.png,L15-0595E-1278N_2383_3079_13,/kaggle/input/datasets/amerii/spacenet-7-multitemporal-urban-development/SN7_buildings_train/train/L15-0595E-1278N_2383_3079_13/images/global_monthly_2018_01_mosaic_L15-0595E-1278N_2383_3079_13.tif,/kaggle/input/datasets/amerii/spacenet-7-multitemporal-urban-development/SN7_buildings_train/train/L15-0595E-1278N_2383_3079_13/images_masked/global_monthly_2020_01_mosaic_L15-0595E-1278N_2383_3079_13.tif,672,224,19.72398567199707,0,No Urban Expansion
/kaggle/working/spacenet7_urban_expansion_outputs/processed_difference_patches/L15_1296E_1198N_5184_3399_13_0002_224_0.png,L15-1296E-1198N_5184_3399_13,/kaggle/input/datasets/amerii/spacenet-7-multitemporal-urban-development/SN7_buildings_train/train/L15-1296E-1198N_5184_3399_13/images/global_monthly_2018_01_mosaic_L15-1296E-1198N_5184_3399_13.tif,/kaggle/input/datasets/amerii/spacenet-7-multitemporal-urban-development/SN7_buildings_train/train/L15-1296E-1198N_5184_3399_13/images_masked/global_monthly_2020_01_mosaic_L15-1296E-1198N_5184_3399_13.tif,224,0,13.933145523071289,0,No Urban Expansion
/kaggle/working/spacenet7_urban_expansion_outputs/processed_difference_patches/L15_0506E_1204N_2027_3374_13_0010_672_672.png,L15-0506E-1204N_2027_3374_13,/kaggle/input/datasets/amerii/spacenet-7-multitemporal-urban-development/SN7_buildings_train/train/L15-0506E-1204N_2027_3374_13/images/global_monthly_2018_01_mosaic_L15-0506E-1204N_2027_3374_13.tif,/kaggle/input/datasets/amerii/spacenet-7-multitemporal-urban-development/SN7_buildings_train_sample/sample/L15-0506E-1204N_2027_3374_13/images_masked/global_monthly_2019_12_mosaic_L15-0506E-1204N_2027_3374_13.tif,672,672,16.26451873779297,0,No Urban Expansion
/kaggle/working/spacenet7_urban_expansion_outputs/processed_difference_patches/L15_1615E_1205N_6461_3368_13_0005_672_224.png,L15-1615E-1205N_6461_3368_13,/kaggle/input/datasets/amerii/spacenet-7-multitemporal-urban-development/SN7_buildings_test_public/test_public/L15-1615E-1205N_6461_3368_13/images_masked/global_monthly_2017_07_mosaic_L15-1615E-1205N_6461_3368_13.tif,/kaggle/input/datasets/amerii/spacenet-7-multitemporal-urban-development/SN7_buildings_test_public/test_public/L15-1615E-1205N_6461_3368_13/images_masked/global_monthly_2019_09_mosaic_L15-1615E-1205N_6461_3368_13.tif,672,224,44.892845153808594,1,Urban Expansion
/kaggle/working/spacenet7_urban_expansion_outputs/processed_difference_patches/L15_1276E_1107N_5105_3761_13_0002_0_224.png,L15-1276E-1107N_5105_3761_13,/kaggle/input/datasets/amerii/spacenet-7-multitemporal-urban-development/SN7_buildings_train/train/L15-1276E-1107N_5105_3761_13/images/global_monthly_2018_01_mosaic_L15-1276E-1107N_5105_3761_13.tif,/kaggle/input/datasets/amerii/spacenet-7-multitemporal-urban-development/SN7_buildings_train/train/L15-1276E-1107N_5105_3761_13/images_masked/global_monthly_2020_01_mosaic_L15-1276E-1107N_5105_3761_13.tif,0,224,13.702611923217773,0,No Urban Expansion
/kaggle/working/spacenet7_urban_expansion_outputs/processed_difference_patches/L15_1015E_1062N_4061_3941_13_0013_448_448.png,L15-1015E-1062N_4061_3941_13,/kaggle/input/datasets/amerii/spacenet-7-multitemporal-urban-development/SN7_buildings_train/train/L15-1015E-1062N_4061_3941_13/images/global_monthly_2018_01_mosaic_L15-1015E-1062N_4061_3941_13.tif,/kaggle/input/datasets/amerii/spacenet-7-multitemporal-urban-development/SN7_buildings_train/train/L15-1015E-1062N_4061_3941_13/images_masked/global_monthly_2020_01_mosaic_L15-1015E-1062N_4061_3941_13.tif,448,448,19.304981231689453,0,No Urban Expansion
/kaggle/working/spacenet7_urban_expansion_outputs/processed_difference_patches/L15_1203E_1203N_4815_3379_13_0014_672_448.png,L15-1203E-1203N_4815_3379_13,/kaggle/input/datasets/amerii/spacenet-7-multitemporal-urban-development/SN7_buildings_test_public/test_public/L15-1203E-1203N_4815_3379_13/images_masked/global_monthly_2017_07_mosaic_L15-1203E-1203N_4815_3379_13.tif,/kaggle/input/datasets/amerii/spacenet-7-multitemporal-urban-development/SN7_buildings_test_public/test_public/L15-1203E-1203N_4815_3379_13/images_masked/global_monthly_2019_09_mosaic_L15-1203E-1203N_4815_3379_13.tif,672,448,33.52815246582031,1,Urban Expansion
/kaggle/working/spacenet7_urban_expansion_outputs/processed_difference_patches/L15_0361E_1300N_1446_2989_13_0000_448_0.png,L15-0361E-1300N_1446_2989_13,/kaggle/input/datasets/amerii/spacenet-7-multitemporal-urban-development/SN7_buildings_train/train/L15-0361E-1300N_1446_2989_13/images/global_monthly_2018_01_mosaic_L15-0361E-1300N_1446_2989_13.tif,/kaggle/input/datasets/amerii/spacenet-7-multitemporal-urban-development/SN7_buildings_train/train/L15-0361E-1300N_1446_2989_13/images_masked/global_monthly_2020_01_mosaic_L15-0361E-1300N_1446_2989_13.tif,448,0,10.918437004089355,0,No Urban Expansion
/kaggle/working/spacenet7_urban_expansion_outputs/processed_difference_patches/L15_1703E_1219N_6813_3313_13_0012_0_448.png,L15-1703E-1219N_6813_3313_13,/kaggle/input/datasets/amerii/spacenet-7-multitemporal-urban-development/SN7_buildings_train/train/L15-1703E-1219N_6813_3313_13/images/global_monthly_2018_01_mosaic_L15-1703E-1219N_6813_3313_13.tif,/kaggle/input/datasets/amerii/spacenet-7-multitemporal-urban-development/SN7_buildings_train/train/L15-1703E-1219N_6813_3313_13/images_masked/global_monthly_2020_01_mosaic_L15-1703E-1219N_6813_3313_13.tif,0,448,18.02812957763672,0,No Urban Expansion
/kaggle/working/spacenet7_urban_expansion_outputs/processed_difference_patches/L15_1669E_1160N_6678_3548_13_0002_224_672.png,L15-1669E-1160N_6678_3548_13,/kaggle/input/datasets/amerii/spacenet-7-multitemporal-urban-development/SN7_buildings_train/train/L15-1669E-1160N_6678_3548_13/images/global_monthly_2017_07_mosaic_L15-1669E-1160N_6678_3548_13.tif,/kaggle/input/datasets/amerii/spacenet-7-multitemporal-urban-development/SN7_buildings_train/train/L15-1669E-1160N_6678_3548_13/images_masked/global_monthly_2019_09_mosaic_L15-1669E-1160N_6678_3548_13.tif,224,672,31.572750091552734,1,Urban Expansion
/kaggle/working/spacenet7_urban_expansion_outputs/processed_difference_patches/L15_1749E_1266N_6997_3126_13_0000_224_672.png,L15-1749E-1266N_6997_3126_13,/kaggle/input/datasets/amerii/spacenet-7-multitemporal-urban-development/SN7_buildings_test_public/test_public/L15-1749E-1266N_6997_3126_13/images_masked/global_monthly_2018_02_mosaic_L15-1749E-1266N_6997_3126_13.tif,/kaggle/input/datasets/amerii/spacenet-7-multitemporal-urban-development/SN7_buildings_test_public/test_public/L15-1749E-1266N_6997_3126_13/images_masked/global_monthly_2019_10_mosaic_L15-1749E-1266N_6997_3126_13.tif,224,672,41.43796157836914,1,Urban Expansion
/kaggle/working/spacenet7_urban_expansion_outputs/processed_difference_patches/L15_0595E_1278N_2383_3079_13_0001_448_448.png,L15-0595E-1278N_2383_3079_13,/kaggle/input/datasets/amerii/spacenet-7-multitemporal-urban-development/SN7_buildings_train/train/L15-0595E-1278N_2383_3079_13/images/global_monthly_2018_01_mosaic_L15-0595E-1278N_2383_3079_13.tif,/kaggle/input/datasets/amerii/spacenet-7-multitemporal-urban-development/SN7_buildings_train/train/L15-0595E-1278N_2383_3079_13/images_masked/global_monthly_2020_01_mosaic_L15-0595E-1278N_2383_3079_13.tif,448,448,16.672657012939453,0,No Urban Expansion
/kaggle/working/spacenet7_urban_expansion_outputs/processed_difference_patches/L15_1546E_1154N_6186_3574_13_0008_448_0.png,L15-1546E-1154N_6186_3574_13,/kaggle/input/datasets/amerii/spacenet-7-multitemporal-urban-development/SN7_buildings_test_public/test_public/L15-1546E-1154N_6186_3574_13/images_masked/global_monthly_2018_01_mosaic_L15-1546E-1154N_6186_3574_13.tif,/kaggle/input/datasets/amerii/spacenet-7-multitemporal-urban-development/SN7_buildings_test_public/test_public/L15-1546E-1154N_6186_3574_13/images_masked/global_monthly_2020_01_mosaic_L15-1546E-1154N_6186_3574_13.tif,448,0,12.165826797485352,0,No Urban Expansion
/kaggle/working/spacenet7_urban_expansion_outputs/processed_difference_patches/L15_1690E_1210N_6762_3348_13_0005_672_224.png,L15-1690E-1210N_6762_3348_13,/kaggle/input/datasets/amerii/spacenet-7-multitemporal-urban-development/SN7_buildings_test_public/test_public/L15-1690E-1210N_6762_3348_13/images_masked/global_monthly_2017_07_mosaic_L15-1690E-1210N_6762_3348_13.tif,/kaggle/input/datasets/amerii/spacenet-7-multitemporal-urban-development/SN7_buildings_test_public/test_public/L15-1690E-1210N_6762_3348_13/images_masked/global_monthly_2019_09_mosaic_L15-1690E-1210N_6762_3348_13.tif,672,224,38.713592529296875,1,Urban Expansion
/kaggle/working/spacenet7_urban_expansion_outputs/processed_difference_patches/L15_1709E_1112N_6838_3742_13_0015_224_672.png,L15-1709E-1112N_6838_3742_13,/kaggle/input/datasets/amerii/spacenet-7-multitemporal-urban-development/SN7_buildings_train/train/L15-1709E-1112N_6838_3742_13/images/global_monthly_2018_01_mosaic_L15-1709E-1112N_6838_3742_13.tif,/kaggle/input/datasets/amerii/spacenet-7-multitemporal-urban-development/SN7_buildings_train/train/L15-1709E-1112N_6838_3742_13/images_masked/global_monthly_2020_01_mosaic_L15-1709E-1112N_6838_3742_13.tif,224,672,17.662084579467773,0,No Urban Expansion
/kaggle/working/spacenet7_urban_expansion_outputs/processed_difference_patches/L15_1672E_1207N_6691_3363_13_0012_448_672.png,L15-1672E-1207N_6691_3363_13,/kaggle/input/datasets/amerii/spacenet-7-multitemporal-urban-development/SN7_buildings_train/train/L15-1672E-1207N_6691_3363_13/images/global_monthly_2018_01_mosaic_L15-1672E-1207N_6691_3363_13.tif,/kaggle/input/datasets/amerii/spacenet-7-multitemporal-urban-development/SN7_buildings_train/train/L15-1672E-1207N_6691_3363_13/images_masked/global_monthly_2020_01_mosaic_L15-1672E-1207N_6691_3363_13.tif,448,672,17.129539489746094,0,No Urban Expansion
/kaggle/working/spacenet7_urban_expansion_outputs/processed_difference_patches/L15_0487E_1246N_1950_3207_13_0009_448_0.png,L15-0487E-1246N_1950_3207_13,/kaggle/input/datasets/amerii/spacenet-7-multitemporal-urban-development/SN7_buildings_train/train/L15-0487E-1246N_1950_3207_13/images/global_monthly_2018_01_mosaic_L15-0487E-1246N_1950_3207_13.tif,/kaggle/input/datasets/amerii/spacenet-7-multitemporal-urban-development/SN7_buildings_train/train/L15-0487E-1246N_1950_3207_13/images_masked/global_monthly_2020_01_mosaic_L15-0487E-1246N_1950_3207_13.tif,448,0,16.78023338317871,0,No Urban Expansion
/kaggle/working/spacenet7_urban_expansion_outputs/processed_difference_patches/L15_0358E_1220N_1433_3310_13_0004_448_672.png,L15-0358E-1220N_1433_3310_13,/kaggle/input/datasets/amerii/spacenet-7-multitemporal-urban-development/SN7_buildings_train/train/L15-0358E-1220N_1433_3310_13/images/global_monthly_2018_02_mosaic_L15-0358E-1220N_1433_3310_13.tif,/kaggle/input/datasets/amerii/spacenet-7-multitemporal-urban-development/SN7_buildings_train/train/L15-0358E-1220N_1433_3310_13/images_masked/global_monthly_2020_01_mosaic_L15-0358E-1220N_1433_3310_13.tif,448,672,36.52232360839844,1,Urban Expansion
/kaggle/working/spacenet7_urban_expansion_outputs/processed_difference_patches/L15_1749E_1266N_6997_3126_13_0013_224_224.png,L15-1749E-1266N_6997_3126_13,/kaggle/input/datasets/amerii/spacenet-7-multitemporal-urban-development/SN7_buildings_test_public/test_public/L15-1749E-1266N_6997_3126_13/images_masked/global_monthly_2018_02_mosaic_L15-1749E-1266N_6997_3126_13.tif,/kaggle/input/datasets/amerii/spacenet-7-multitemporal-urban-development/SN7_buildings_test_public/test_public/L15-1749E-1266N_6997_3126_13/images_masked/global_monthly_2019_10_mosaic_L15-1749E-1266N_6997_3126_13.tif,224,224,41.79743194580078,1,Urban Expansion
/kaggle/working/spacenet7_urban_expansion_outputs/processed_difference_patches/L15_1670E_1159N_6681_3552_13_0000_224_224.png,L15-1670E-1159N_6681_3552_13,/kaggle/input/datasets/amerii/spacenet-7-multitemporal-urban-development/SN7_buildings_test_public/test_public/L15-1670E-1159N_6681_3552_13/images_masked/global_monthly_2017_07_mosaic_L15-1670E-1159N_6681_3552_13.tif,/kaggle/input/datasets/amerii/spacenet-7-multitemporal-urban-development/SN7_buildings_test_public/test_public/L15-1670E-1159N_6681_3552_13/images_masked/global_monthly_2019_09_mosaic_L15-1670E-1159N_6681_3552_13.tif,224,224,32.27460479736328,1,Urban Expansion
/kaggle/working/spacenet7_urban_expansion_outputs/processed_difference_patches/L15_1615E_1205N_6460_3370_13_0014_672_448.png,L15-1615E-1205N_6460_3370_13,/kaggle/input/datasets/amerii/spacenet-7-multitemporal-urban-development/SN7_buildings_train/train/L15-1615E-1205N_6460_3370_13/images/global_monthly_2017_07_mosaic_L15-1615E-1205N_6460_3370_13.tif,/kaggle/input/datasets/amerii/spacenet-7-multitemporal-urban-development/SN7_buildings_train/train/L15-1615E-1205N_6460_3370_13/images_masked/global_monthly_2019_09_mosaic_L15-1615E-1205N_6460_3370_13.tif,672,448,32.52882766723633,1,Urban Expansion
/kaggle/working/spacenet7_urban_expansion_outputs/processed_difference_patches/L15_0331E_1257N_1327_3160_13_0012_0_224.png,L15-0331E-1257N_1327_3160_13,/kaggle/input/datasets/amerii/spacenet-7-multitemporal-urban-development/SN7_buildings_train/train/L15-0331E-1257N_1327_3160_13/images/global_monthly_2018_01_mosaic_L15-0331E-1257N_1327_3160_13.tif,/kaggle/input/datasets/amerii/spacenet-7-multitemporal-urban-development/SN7_buildings_train/train/L15-0331E-1257N_1327_3160_13/images_masked/global_monthly_2020_01_mosaic_L15-0331E-1257N_1327_3160_13.tif,0,224,18.808773040771484,0,No Urban Expansion
/kaggle/working/spacenet7_urban_expansion_outputs/processed_difference_patches/L15_1615E_1206N_6460_3366_13_0011_448_224.png,L15-1615E-1206N_6460_3366_13,/kaggle/input/datasets/amerii/spacenet-7-multitemporal-urban-development/SN7_buildings_train/train/L15-1615E-1206N_6460_3366_13/images/global_monthly_2017_07_mosaic_L15-1615E-1206N_6460_3366_13.tif,/kaggle/input/datasets/amerii/spacenet-7-multitemporal-urban-development/SN7_buildings_train/train/L15-1615E-1206N_6460_3366_13/images_masked/global_monthly_2019_09_mosaic_L15-1615E-1206N_6460_3366_13.tif,448,224,35.28596115112305,1,Urban Expansion
/kaggle/working/spacenet7_urban_expansion_outputs/processed_difference_patches/L15_1615E_1206N_6460_3366_13_0004_448_448.png,L15-1615E-1206N_6460_3366_13,/kaggle/input/datasets/amerii/spacenet-7-multitemporal-urban-development/SN7_buildings_train/train/L15-1615E-1206N_6460_3366_13/images/global_monthly_2017_07_mosaic_L15-1615E-1206N_6460_3366_13.tif,/kaggle/input/datasets/amerii/spacenet-7-multitemporal-urban-development/SN7_buildings_train/train/L15-1615E-1206N_6460_3366_13/images_masked/global_monthly_2019_09_mosaic_L15-1615E-1206N_6460_3366_13.tif,448,448,31.153907775878906,1,Urban Expansion
/kaggle/working/spacenet7_urban_expansion_outputs/processed_difference_patches/L15_1296E_1198N_5184_3399_13_0011_672_224.png,L15-1296E-1198N_5184_3399_13,/kaggle/input/datasets/amerii/spacenet-7-multitemporal-urban-development/SN7_buildings_train/train/L15-1296E-1198N_5184_3399_13/images/global_monthly_2018_01_mosaic_L15-1296E-1198N_5184_3399_13.tif,/kaggle/input/datasets/amerii/spacenet-7-multitemporal-urban-development/SN7_buildings_train/train/L15-1296E-1198N_5184_3399_13/images_masked/global_monthly_2020_01_mosaic_L15-1296E-1198N_5184_3399_13.tif,672,224,12.280517578125,0,No Urban Expansion
/kaggle/working/spacenet7_urban_expansion_outputs/processed_difference_patches/L15_1748E_1247N_6993_3202_13_0014_448_672.png,L15-1748E-1247N_6993_3202_13,/kaggle/input/datasets/amerii/spacenet-7-multitemporal-urban-development/SN7_buildings_train/train/L15-1748E-1247N_6993_3202_13/images/global_monthly_2018_01_mosaic_L15-1748E-1247N_6993_3202_13.tif,/kaggle/input/datasets/amerii/spacenet-7-multitemporal-urban-development/SN7_buildings_train/train/L15-1748E-1247N_6993_3202_13/images_masked/global_monthly_2020_01_mosaic_L15-1748E-1247N_6993_3202_13.tif,448,672,32.61993408203125,1,Urban Expansion
/kaggle/working/spacenet7_urban_expansion_outputs/processed_difference_patches/L15_1538E_1163N_6154_3539_13_0015_224_672.png,L15-1538E-1163N_6154_3539_13,/kaggle/input/datasets/amerii/spacenet-7-multitemporal-urban-development/SN7_buildings_train/train/L15-1538E-1163N_6154_3539_13/images/global_monthly_2018_01_mosaic_L15-1538E-1163N_6154_3539_13.tif,/kaggle/input/datasets/amerii/spacenet-7-multitemporal-urban-development/SN7_buildings_train/train/L15-1538E-1163N_6154_3539_13/images_masked/global_monthly_2020_01_mosaic_L15-1538E-1163N_6154_3539_13.tif,224,672,19.275192260742188,0,No Urban Expansion
/kaggle/working/spacenet7_urban_expansion_outputs/processed_difference_patches/L15_1538E_1163N_6154_3539_13_0013_448_672.png,L15-1538E-1163N_6154_3539_13,/kaggle/input/datasets/amerii/spacenet-7-multitemporal-urban-development/SN7_buildings_train/train/L15-1538E-1163N_6154_3539_13/images/global_monthly_2018_01_mosaic_L15-1538E-1163N_6154_3539_13.tif,/kaggle/input/datasets/amerii/spacenet-7-multitemporal-urban-development/SN7_buildings_train/train/L15-1538E-1163N_6154_3539_13/images_masked/global_monthly_2020_01_mosaic_L15-1538E-1163N_6154_3539_13.tif,448,672,14.068792343139648,0,No Urban Expansion
/kaggle/working/spacenet7_urban_expansion_outputs/processed_difference_patches/L15_1209E_1113N_4838_3737_13_0001_672_672.png,L15-1209E-1113N_4838_3737_13,/kaggle/input/datasets/amerii/spacenet-7-multitemporal-urban-development/SN7_buildings_train/train/L15-1209E-1113N_4838_3737_13/images/global_monthly_2018_01_mosaic_L15-1209E-1113N_4838_3737_13.tif,/kaggle/input/datasets/amerii/spacenet-7-multitemporal-urban-development/SN7_buildings_train/train/L15-1209E-1113N_4838_3737_13/images_masked/global_monthly_2020_01_mosaic_L15-1209E-1113N_4838_3737_13.tif,672,672,17.615957260131836,0,No Urban Expansion
/kaggle/working/spacenet7_urban_expansion_outputs/processed_difference_patches/L15_1669E_1153N_6678_3579_13_0010_448_224.png,L15-1669E-1153N_6678_3579_13,/kaggle/input/datasets/amerii/spacenet-7-multitemporal-urban-development/SN7_buildings_train/train/L15-1669E-1153N_6678_3579_13/images/global_monthly_2018_01_mosaic_L15-1669E-1153N_6678_3579_13.tif,/kaggle/input/datasets/amerii/spacenet-7-multitemporal-urban-development/SN7_buildings_train/train/L15-1669E-1153N_6678_3579_13/images_masked/global_monthly_2019_12_mosaic_L15-1669E-1153N_6678_3579_13.tif,448,224,41.0278205871582,1,Urban Expansion
/kaggle/working/spacenet7_urban_expansion_outputs/processed_difference_patches/L15_0586E_1127N_2345_3680_13_0001_0_224.png,L15-0586E-1127N_2345_3680_13,/kaggle/input/datasets/amerii/spacenet-7-multitemporal-urban-development/SN7_buildings_train/train/L15-0586E-1127N_2345_3680_13/images/global_monthly_2018_01_mosaic_L15-0586E-1127N_2345_3680_13.tif,/kaggle/input/datasets/amerii/spacenet-7-multitemporal-urban-development/SN7_buildings_train/train/L15-0586E-1127N_2345_3680_13/images_masked/global_monthly_2020_01_mosaic_L15-0586E-1127N_2345_3680_13.tif,0,224,12.122150421142578,0,No Urban Expansion
/kaggle/working/spacenet7_urban_expansion_outputs/processed_difference_patches/L15_1138E_1216N_4553_3325_13_0001_448_672.png,L15-1138E-1216N_4553_3325_13,/kaggle/input/datasets/amerii/spacenet-7-multitemporal-urban-development/SN7_buildings_train/train/L15-1138E-1216N_4553_3325_13/images/global_monthly_2018_01_mosaic_L15-1138E-1216N_4553_3325_13.tif,/kaggle/input/datasets/amerii/spacenet-7-multitemporal-urban-development/SN7_buildings_train/train/L15-1138E-1216N_4553_3325_13/images_masked/global_monthly_2020_01_mosaic_L15-1138E-1216N_4553_3325_13.tif,448,672,32.608482360839844,1,Urban Expansion
/kaggle/working/spacenet7_urban_expansion_outputs/processed_difference_patches/L15_1630E_0988N_6522_4239_13_0005_448_672.png,L15-1630E-0988N_6522_4239_13,/kaggle/input/datasets/amerii/spacenet-7-multitemporal-urban-development/SN7_buildings_test_public/test_public/L15-1630E-0988N_6522_4239_13/images_masked/global_monthly_2018_01_mosaic_L15-1630E-0988N_6522_4239_13.tif,/kaggle/input/datasets/amerii/spacenet-7-multitemporal-urban-development/SN7_buildings_test_public/test_public/L15-1630E-0988N_6522_4239_13/images_masked/global_monthly_2020_01_mosaic_L15-1630E-0988N_6522_4239_13.tif,448,672,34.12682342529297,1,Urban Expansion
/kaggle/working/spacenet7_urban_expansion_outputs/processed_difference_patches/L15_1276E_1107N_5105_3761_13_0005_672_448.png,L15-1276E-1107N_5105_3761_13,/kaggle/input/datasets/amerii/spacenet-7-multitemporal-urban-development/SN7_buildings_train/train/L15-1276E-1107N_5105_3761_13/images/global_monthly_2018_01_mosaic_L15-1276E-1107N_5105_3761_13.tif,/kaggle/input/datasets/amerii/spacenet-7-multitemporal-urban-development/SN7_buildings_train/train/L15-1276E-1107N_5105_3761_13/images_masked/global_monthly_2020_01_mosaic_L15-1276E-1107N_5105_3761_13.tif,672,448,18.362085342407227,0,No Urban Expansion
/kaggle/working/spacenet7_urban_expansion_outputs/processed_difference_patches/L15_1296E_1198N_5184_3399_13_0010_448_0.png,L15-1296E-1198N_5184_3399_13,/kaggle/input/datasets/amerii/spacenet-7-multitemporal-urban-development/SN7_buildings_train/train/L15-1296E-1198N_5184_3399_13/images/global_monthly_2018_01_mosaic_L15-1296E-1198N_5184_3399_13.tif,/kaggle/input/datasets/amerii/spacenet-7-multitemporal-urban-development/SN7_buildings_train/train/L15-1296E-1198N_5184_3399_13/images_masked/global_monthly_2020_01_mosaic_L15-1296E-1198N_5184_3399_13.tif,448,0,14.433599472045898,0,No Urban Expansion
/kaggle/working/spacenet7_urban_expansion_outputs/processed_difference_patches/L15_1296E_1198N_5184_3399_13_0013_224_224.png,L15-1296E-1198N_5184_3399_13,/kaggle/input/datasets/amerii/spacenet-7-multitemporal-urban-development/SN7_buildings_train/train/L15-1296E-1198N_5184_3399_13/images/global_monthly_2018_01_mosaic_L15-1296E-1198N_5184_3399_13.tif,/kaggle/input/datasets/amerii/spacenet-7-multitemporal-urban-development/SN7_buildings_train/train/L15-1296E-1198N_5184_3399_13/images_masked/global_monthly_2020_01_mosaic_L15-1296E-1198N_5184_3399_13.tif,224,224,11.472745895385742,0,No Urban Expansion
/kaggle/working/spacenet7_urban_expansion_outputs/processed_difference_patches/L15_1049E_1370N_4196_2710_13_0005_672_224.png,L15-1049E-1370N_4196_2710_13,/kaggle/input/datasets/amerii/spacenet-7-multitemporal-urban-development/SN7_buildings_train/train/L15-1049E-1370N_4196_2710_13/images/global_monthly_2018_01_mosaic_L15-1049E-1370N_4196_2710_13.tif,/kaggle/input/datasets/amerii/spacenet-7-multitemporal-urban-development/SN7_buildings_train/train/L15-1049E-1370N_4196_2710_13/images_masked/global_monthly_2020_01_mosaic_L15-1049E-1370N_4196_2710_13.tif,672,224,32.672637939453125,1,Urban Expansion
/kaggle/working/spacenet7_urban_expansion_outputs/processed_difference_patches/L15_0977E_1187N_3911_3441_13_0008_448_448.png,L15-0977E-1187N_3911_3441_13,/kaggle/input/datasets/amerii/spacenet-7-multitemporal-urban-development/SN7_buildings_train/train/L15-0977E-1187N_3911_3441_13/images/global_monthly_2018_01_mosaic_L15-0977E-1187N_3911_3441_13.tif,/kaggle/input/datasets/amerii/spacenet-7-multitemporal-urban-development/SN7_buildings_train/train/L15-0977E-1187N_3911_3441_13/images_masked/global_monthly_2020_01_mosaic_L15-0977E-1187N_3911_3441_13.tif,448,448,17.473506927490234,0,No Urban Expansion
/kaggle/working/spacenet7_urban_expansion_outputs/processed_difference_patches/L15_1479E_1101N_5916_3785_13_0000_0_448.png,L15-1479E-1101N_5916_3785_13,/kaggle/input/datasets/amerii/spacenet-7-multitemporal-urban-development/SN7_buildings_train/train/L15-1479E-1101N_5916_3785_13/images/global_monthly_2018_01_mosaic_L15-1479E-1101N_5916_3785_13.tif,/kaggle/input/datasets/amerii/spacenet-7-multitemporal-urban-development/SN7_buildings_train/train/L15-1479E-1101N_5916_3785_13/images_masked/global_monthly_2020_01_mosaic_L15-1479E-1101N_5916_3785_13.tif,0,448,31.767333984375,1,Urban Expansion
/kaggle/working/spacenet7_urban_expansion_outputs/processed_difference_patches/L15_1276E_1107N_5105_3761_13_0006_224_224.png,L15-1276E-1107N_5105_3761_13,/kaggle/input/datasets/amerii/spacenet-7-multitemporal-urban-development/SN7_buildings_train/train/L15-1276E-1107N_5105_3761_13/images/global_monthly_2018_01_mosaic_L15-1276E-1107N_5105_3761_13.tif,/kaggle/input/datasets/amerii/spacenet-7-multitemporal-urban-development/SN7_buildings_train/train/L15-1276E-1107N_5105_3761_13/images_masked/global_monthly_2020_01_mosaic_L15-1276E-1107N_5105_3761_13.tif,224,224,15.896259307861328,0,No Urban Expansion
/kaggle/working/spacenet7_urban_expansion_outputs/processed_difference_patches/L15_1185E_0935N_4742_4450_13_0009_448_448.png,L15-1185E-0935N_4742_4450_13,/kaggle/input/datasets/amerii/spacenet-7-multitemporal-urban-development/SN7_buildings_train/train/L15-1185E-0935N_4742_4450_13/images/global_monthly_2018_01_mosaic_L15-1185E-0935N_4742_4450_13.tif,/kaggle/input/datasets/amerii/spacenet-7-multitemporal-urban-development/SN7_buildings_train/train/L15-1185E-0935N_4742_4450_13/images_masked/global_monthly_2020_01_mosaic_L15-1185E-0935N_4742_4450_13.tif,448,448,30.75790786743164,1,Urban Expansion
/kaggle/working/spacenet7_urban_expansion_outputs/processed_difference_patches/L15_1213E_1238N_4852_3239_13_0001_448_448.png,L15-1213E-1238N_4852_3239_13,/kaggle/input/datasets/amerii/spacenet-7-multitemporal-urban-development/SN7_buildings_test_public/test_public/L15-1213E-1238N_4852_3239_13/images_masked/global_monthly_2018_03_mosaic_L15-1213E-1238N_4852_3239_13.tif,/kaggle/input/datasets/amerii/spacenet-7-multitemporal-urban-development/SN7_buildings_test_public/test_public/L15-1213E-1238N_4852_3239_13/images_masked/global_monthly_2019_12_mosaic_L15-1213E-1238N_4852_3239_13.tif,448,448,34.92264938354492,1,Urban Expansion
/kaggle/working/spacenet7_urban_expansion_outputs/processed_difference_patches/L15_0683E_1006N_2732_4164_13_0001_224_448.png,L15-0683E-1006N_2732_4164_13,/kaggle/input/datasets/amerii/spacenet-7-multitemporal-urban-development/SN7_buildings_train/train/L15-0683E-1006N_2732_4164_13/images/global_monthly_2018_01_mosaic_L15-0683E-1006N_2732_4164_13.tif,/kaggle/input/datasets/amerii/spacenet-7-multitemporal-urban-development/SN7_buildings_train/train/L15-0683E-1006N_2732_4164_13/images_masked/global_monthly_2020_01_mosaic_L15-0683E-1006N_2732_4164_13.tif,224,448,33.271324157714844,1,Urban Expansion
/kaggle/working/spacenet7_urban_expansion_outputs/processed_difference_patches/L15_1690E_1210N_6762_3348_13_0000_0_224.png,L15-1690E-1210N_6762_3348_13,/kaggle/input/datasets/amerii/spacenet-7-multitemporal-urban-development/SN7_buildings_test_public/test_public/L15-1690E-1210N_6762_3348_13/images_masked/global_monthly_2017_07_mosaic_L15-1690E-1210N_6762_3348_13.tif,/kaggle/input/datasets/amerii/spacenet-7-multitemporal-urban-development/SN7_buildings_test_public/test_public/L15-1690E-1210N_6762_3348_13/images_masked/global_monthly_2019_09_mosaic_L15-1690E-1210N_6762_3348_13.tif,0,224,43.322200775146484,1,Urban Expansion
/kaggle/working/spacenet7_urban_expansion_outputs/processed_difference_patches/L15_0387E_1276N_1549_3087_13_0003_448_0.png,L15-0387E-1276N_1549_3087_13,/kaggle/input/datasets/amerii/spacenet-7-multitemporal-urban-development/SN7_buildings_train/train/L15-0387E-1276N_1549_3087_13/images/global_monthly_2018_01_mosaic_L15-0387E-1276N_1549_3087_13.tif,/kaggle/input/datasets/amerii/spacenet-7-multitemporal-urban-development/SN7_buildings_train/train/L15-0387E-1276N_1549_3087_13/images_masked/global_monthly_2019_12_mosaic_L15-0387E-1276N_1549_3087_13.tif,448,0,45.23862075805664,1,Urban Expansion
/kaggle/working/spacenet7_urban_expansion_outputs/processed_difference_patches/L15_1204E_1204N_4819_3372_13_0010_0_0.png,L15-1204E-1204N_4819_3372_13,/kaggle/input/datasets/amerii/spacenet-7-multitemporal-urban-development/SN7_buildings_train/train/L15-1204E-1204N_4819_3372_13/images/global_monthly_2018_01_mosaic_L15-1204E-1204N_4819_3372_13.tif,/kaggle/input/datasets/amerii/spacenet-7-multitemporal-urban-development/SN7_buildings_train/train/L15-1204E-1204N_4819_3372_13/images_masked/global_monthly_2020_01_mosaic_L15-1204E-1204N_4819_3372_13.tif,0,0,32.531490325927734,1,Urban Expansion
/kaggle/working/spacenet7_urban_expansion_outputs/processed_difference_patches/L15_1031E_1300N_4127_2991_13_0013_224_0.png,L15-1031E-1300N_4127_2991_13,/kaggle/input/datasets/amerii/spacenet-7-multitemporal-urban-development/SN7_buildings_test_public/test_public/L15-1031E-1300N_4127_2991_13/images_masked/global_monthly_2018_01_mosaic_L15-1031E-1300N_4127_2991_13.tif,/kaggle/input/datasets/amerii/spacenet-7-multitemporal-urban-development/SN7_buildings_test_public/test_public/L15-1031E-1300N_4127_2991_13/images_masked/global_monthly_2020_01_mosaic_L15-1031E-1300N_4127_2991_13.tif,224,0,19.13525390625,0,No Urban Expansion
/kaggle/working/spacenet7_urban_expansion_outputs/processed_difference_patches/L15_1691E_1211N_6764_3347_13_0003_672_0.png,L15-1691E-1211N_6764_3347_13,/kaggle/input/datasets/amerii/spacenet-7-multitemporal-urban-development/SN7_buildings_train/train/L15-1691E-1211N_6764_3347_13/images/global_monthly_2017_07_mosaic_L15-1691E-1211N_6764_3347_13.tif,/kaggle/input/datasets/amerii/spacenet-7-multitemporal-urban-development/SN7_buildings_train/train/L15-1691E-1211N_6764_3347_13/images_masked/global_monthly_2019_09_mosaic_L15-1691E-1211N_6764_3347_13.tif,672,0,54.55218505859375,1,Urban Expansion
/kaggle/working/spacenet7_urban_expansion_outputs/processed_difference_patches/L15_1438E_1134N_5753_3655_13_0002_672_0.png,L15-1438E-1134N_5753_3655_13,/kaggle/input/datasets/amerii/spacenet-7-multitemporal-urban-development/SN7_buildings_train/train/L15-1438E-1134N_5753_3655_13/images/global_monthly_2018_01_mosaic_L15-1438E-1134N_5753_3655_13.tif,/kaggle/input/datasets/amerii/spacenet-7-multitemporal-urban-development/SN7_buildings_train/train/L15-1438E-1134N_5753_3655_13/images_masked/global_monthly_2020_01_mosaic_L15-1438E-1134N_5753_3655_13.tif,672,0,18.22872543334961,0,No Urban Expansion
/kaggle/working/spacenet7_urban_expansion_outputs/processed_difference_patches/L15_0566E_1185N_2265_3451_13_0002_0_672.png,L15-0566E-1185N_2265_3451_13,/kaggle/input/datasets/amerii/spacenet-7-multitemporal-urban-development/SN7_buildings_train/train/L15-0566E-1185N_2265_3451_13/images/global_monthly_2018_01_mosaic_L15-0566E-1185N_2265_3451_13.tif,/kaggle/input/datasets/amerii/spacenet-7-multitemporal-urban-development/SN7_buildings_train/train/L15-0566E-1185N_2265_3451_13/images_masked/global_monthly_2020_01_mosaic_L15-0566E-1185N_2265_3451_13.tif,0,672,10.491704940795898,0,No Urban Expansion
/kaggle/working/spacenet7_urban_expansion_outputs/processed_difference_patches/L15_1281E_1035N_5125_4049_13_0014_0_224.png,L15-1281E-1035N_5125_4049_13,/kaggle/input/datasets/amerii/spacenet-7-multitemporal-urban-development/SN7_buildings_test_public/test_public/L15-1281E-1035N_5125_4049_13/images_masked/global_monthly_2018_01_mosaic_L15-1281E-1035N_5125_4049_13.tif,/kaggle/input/datasets/amerii/spacenet-7-multitemporal-urban-development/SN7_buildings_test_public/test_public/L15-1281E-1035N_5125_4049_13/images_masked/global_monthly_2020_01_mosaic_L15-1281E-1035N_5125_4049_13.tif,0,224,17.994544982910156,0,No Urban Expansion
/kaggle/working/spacenet7_urban_expansion_outputs/processed_difference_patches/L15_1025E_1366N_4102_2726_13_0008_448_448.png,L15-1025E-1366N_4102_2726_13,/kaggle/input/datasets/amerii/spacenet-7-multitemporal-urban-development/SN7_buildings_train/train/L15-1025E-1366N_4102_2726_13/images/global_monthly_2018_01_mosaic_L15-1025E-1366N_4102_2726_13.tif,/kaggle/input/datasets/amerii/spacenet-7-multitemporal-urban-development/SN7_buildings_train/train/L15-1025E-1366N_4102_2726_13/images_masked/global_monthly_2020_01_mosaic_L15-1025E-1366N_4102_2726_13.tif,448,448,44.43887710571289,1,Urban Expansion
/kaggle/working/spacenet7_urban_expansion_outputs/processed_difference_patches/L15_1185E_0935N_4742_4450_13_0002_672_448.png,L15-1185E-0935N_4742_4450_13,/kaggle/input/datasets/amerii/spacenet-7-multitemporal-urban-development/SN7_buildings_train/train/L15-1185E-0935N_4742_4450_13/images/global_monthly_2018_01_mosaic_L15-1185E-0935N_4742_4450_13.tif,/kaggle/input/datasets/amerii/spacenet-7-multitemporal-urban-development/SN7_buildings_train/train/L15-1185E-0935N_4742_4450_13/images_masked/global_monthly_2020_01_mosaic_L15-1185E-0935N_4742_4450_13.tif,672,448,32.641395568847656,1,Urban Expansion
/kaggle/working/spacenet7_urban_expansion_outputs/processed_difference_patches/L15_0357E_1223N_1429_3296_13_0010_672_0.png,L15-0357E-1223N_1429_3296_13,/kaggle/input/datasets/amerii/spacenet-7-multitemporal-urban-development/SN7_buildings_train/train/L15-0357E-1223N_1429_3296_13/images/global_monthly_2018_01_mosaic_L15-0357E-1223N_1429_3296_13.tif,/kaggle/input/datasets/amerii/spacenet-7-multitemporal-urban-development/SN7_buildings_train/train/L15-0357E-1223N_1429_3296_13/images_masked/global_monthly_2020_01_mosaic_L15-0357E-1223N_1429_3296_13.tif,672,0,17.889076232910156,0,No Urban Expansion
/kaggle/working/spacenet7_urban_expansion_outputs/processed_difference_patches/L15_1015E_1062N_4061_3941_13_0000_224_448.png,L15-1015E-1062N_4061_3941_13,/kaggle/input/datasets/amerii/spacenet-7-multitemporal-urban-development/SN7_buildings_train/train/L15-1015E-1062N_4061_3941_13/images/global_monthly_2018_01_mosaic_L15-1015E-1062N_4061_3941_13.tif,/kaggle/input/datasets/amerii/spacenet-7-multitemporal-urban-development/SN7_buildings_train/train/L15-1015E-1062N_4061_3941_13/images_masked/global_monthly_2020_01_mosaic_L15-1015E-1062N_4061_3941_13.tif,224,448,32.68108367919922,1,Urban Expansion
/kaggle/working/spacenet7_urban_expansion_outputs/processed_difference_patches/L15_0391E_1219N_1567_3314_13_0005_672_672.png,L15-0391E-1219N_1567_3314_13,/kaggle/input/datasets/amerii/spacenet-7-multitemporal-urban-development/SN7_buildings_test_public/test_public/L15-0391E-1219N_1567_3314_13/images_masked/global_monthly_2018_01_mosaic_L15-0391E-1219N_1567_3314_13.tif,/kaggle/input/datasets/amerii/spacenet-7-multitemporal-urban-development/SN7_buildings_test_public/test_public/L15-0391E-1219N_1567_3314_13/images_masked/global_monthly_2020_01_mosaic_L15-0391E-1219N_1567_3314_13.tif,672,672,35.0535888671875,1,Urban Expansion
/kaggle/working/spacenet7_urban_expansion_outputs/processed_difference_patches/L15_1031E_1300N_4127_2991_13_0010_224_448.png,L15-1031E-1300N_4127_2991_13,/kaggle/input/datasets/amerii/spacenet-7-multitemporal-urban-development/SN7_buildings_test_public/test_public/L15-1031E-1300N_4127_2991_13/images_masked/global_monthly_2018_01_mosaic_L15-1031E-1300N_4127_2991_13.tif,/kaggle/input/datasets/amerii/spacenet-7-multitemporal-urban-development/SN7_buildings_test_public/test_public/L15-1031E-1300N_4127_2991_13/images_masked/global_monthly_2020_01_mosaic_L15-1031E-1300N_4127_2991_13.tif,224,448,18.504833221435547,0,No Urban Expansion
/kaggle/working/spacenet7_urban_expansion_outputs/processed_difference_patches/L15_0632E_0892N_2528_4620_13_0015_672_224.png,L15-0632E-0892N_2528_4620_13,/kaggle/input/datasets/amerii/spacenet-7-multitemporal-urban-development/SN7_buildings_train/train/L15-0632E-0892N_2528_4620_13/images/global_monthly_2018_01_mosaic_L15-0632E-0892N_2528_4620_13.tif,/kaggle/input/datasets/amerii/spacenet-7-multitemporal-urban-development/SN7_buildings_train/train/L15-0632E-0892N_2528_4620_13/images_masked/global_monthly_2020_01_mosaic_L15-0632E-0892N_2528_4620_13.tif,672,224,8.83215618133545,0,No Urban Expansion
/kaggle/working/spacenet7_urban_expansion_outputs/processed_difference_patches/L15_1204E_1202N_4816_3380_13_0009_448_0.png,L15-1204E-1202N_4816_3380_13,/kaggle/input/datasets/amerii/spacenet-7-multitemporal-urban-development/SN7_buildings_train/train/L15-1204E-1202N_4816_3380_13/images/global_monthly_2017_07_mosaic_L15-1204E-1202N_4816_3380_13.tif,/kaggle/input/datasets/amerii/spacenet-7-multitemporal-urban-development/SN7_buildings_train/train/L15-1204E-1202N_4816_3380_13/images_masked/global_monthly_2019_09_mosaic_L15-1204E-1202N_4816_3380_13.tif,448,0,36.31562805175781,1,Urban Expansion
/kaggle/working/spacenet7_urban_expansion_outputs/processed_difference_patches/L15_0566E_1185N_2265_3451_13_0009_448_672.png,L15-0566E-1185N_2265_3451_13,/kaggle/input/datasets/amerii/spacenet-7-multitemporal-urban-development/SN7_buildings_train/train/L15-0566E-1185N_2265_3451_13/images/global_monthly_2018_01_mosaic_L15-0566E-1185N_2265_3451_13.tif,/kaggle/input/datasets/amerii/spacenet-7-multitemporal-urban-development/SN7_buildings_train/train/L15-0566E-1185N_2265_3451_13/images_masked/global_monthly_2020_01_mosaic_L15-0566E-1185N_2265_3451_13.tif,448,672,11.307771682739258,0,No Urban Expansion
/kaggle/working/spacenet7_urban_expansion_outputs/processed_difference_patches/L15_1709E_1112N_6838_3742_13_0002_672_672.png,L15-1709E-1112N_6838_3742_13,/kaggle/input/datasets/amerii/spacenet-7-multitemporal-urban-development/SN7_buildings_train/train/L15-1709E-1112N_6838_3742_13/images/global_monthly_2018_01_mosaic_L15-1709E-1112N_6838_3742_13.tif,/kaggle/input/datasets/amerii/spacenet-7-multitemporal-urban-development/SN7_buildings_train/train/L15-1709E-1112N_6838_3742_13/images_masked/global_monthly_2020_01_mosaic_L15-1709E-1112N_6838_3742_13.tif,672,672,38.599395751953125,1,Urban Expansion
/kaggle/working/spacenet7_urban_expansion_outputs/processed_difference_patches/L15_1709E_1112N_6838_3742_13_0004_0_448.png,L15-1709E-1112N_6838_3742_13,/kaggle/input/datasets/amerii/spacenet-7-multitemporal-urban-development/SN7_buildings_train/train/L15-1709E-1112N_6838_3742_13/images/global_monthly_2018_01_mosaic_L15-1709E-1112N_6838_3742_13.tif,/kaggle/input/datasets/amerii/spacenet-7-multitemporal-urban-development/SN7_buildings_train/train/L15-1709E-1112N_6838_3742_13/images_masked/global_monthly_2020_01_mosaic_L15-1709E-1112N_6838_3742_13.tif,0,448,18.854063034057617,0,No Urban Expansion
/kaggle/working/spacenet7_urban_expansion_outputs/processed_difference_patches/L15_1203E_1203N_4815_3378_13_0008_224_448.png,L15-1203E-1203N_4815_3378_13,/kaggle/input/datasets/amerii/spacenet-7-multitemporal-urban-development/SN7_buildings_train/train/L15-1203E-1203N_4815_3378_13/images/global_monthly_2017_07_mosaic_L15-1203E-1203N_4815_3378_13.tif,/kaggle/input/datasets/amerii/spacenet-7-multitemporal-urban-development/SN7_buildings_train/train/L15-1203E-1203N_4815_3378_13/images_masked/global_monthly_2019_09_mosaic_L15-1203E-1203N_4815_3378_13.tif,224,448,34.989349365234375,1,Urban Expansion
/kaggle/working/spacenet7_urban_expansion_outputs/processed_difference_patches/L15_1669E_1160N_6678_3548_13_0011_672_448.png,L15-1669E-1160N_6678_3548_13,/kaggle/input/datasets/amerii/spacenet-7-multitemporal-urban-development/SN7_buildings_train/train/L15-1669E-1160N_6678_3548_13/images/global_monthly_2017_07_mosaic_L15-1669E-1160N_6678_3548_13.tif,/kaggle/input/datasets/amerii/spacenet-7-multitemporal-urban-development/SN7_buildings_train/train/L15-1669E-1160N_6678_3548_13/images_masked/global_monthly_2019_09_mosaic_L15-1669E-1160N_6678_3548_13.tif,672,448,54.17148971557617,1,Urban Expansion
/kaggle/working/spacenet7_urban_expansion_outputs/processed_difference_patches/L15_0571E_1302N_2284_2983_13_0013_448_672.png,L15-0571E-1302N_2284_2983_13,/kaggle/input/datasets/amerii/spacenet-7-multitemporal-urban-development/SN7_buildings_test_public/test_public/L15-0571E-1302N_2284_2983_13/images_masked/global_monthly_2018_03_mosaic_L15-0571E-1302N_2284_2983_13.tif,/kaggle/input/datasets/amerii/spacenet-7-multitemporal-urban-development/SN7_buildings_test_public/test_public/L15-0571E-1302N_2284_2983_13/images_masked/global_monthly_2019_11_mosaic_L15-0571E-1302N_2284_2983_13.tif,448,672,43.67366027832031,1,Urban Expansion
/kaggle/working/spacenet7_urban_expansion_outputs/processed_difference_patches/L15_0509E_1108N_2037_3758_13_0007_672_0.png,L15-0509E-1108N_2037_3758_13,/kaggle/input/datasets/amerii/spacenet-7-multitemporal-urban-development/SN7_buildings_test_public/test_public/L15-0509E-1108N_2037_3758_13/images_masked/global_monthly_2018_02_mosaic_L15-0509E-1108N_2037_3758_13.tif,/kaggle/input/datasets/amerii/spacenet-7-multitemporal-urban-development/SN7_buildings_test_public/test_public/L15-0509E-1108N_2037_3758_13/images_masked/global_monthly_2020_01_mosaic_L15-0509E-1108N_2037_3758_13.tif,672,0,34.486114501953125,1,Urban Expansion
/kaggle/working/spacenet7_urban_expansion_outputs/processed_difference_patches/L15_0506E_1204N_2027_3374_13_0007_224_0.png,L15-0506E-1204N_2027_3374_13,/kaggle/input/datasets/amerii/spacenet-7-multitemporal-urban-development/SN7_buildings_train/train/L15-0506E-1204N_2027_3374_13/images/global_monthly_2018_01_mosaic_L15-0506E-1204N_2027_3374_13.tif,/kaggle/input/datasets/amerii/spacenet-7-multitemporal-urban-development/SN7_buildings_train_sample/sample/L15-0506E-1204N_2027_3374_13/images_masked/global_monthly_2019_12_mosaic_L15-0506E-1204N_2027_3374_13.tif,224,0,33.21744155883789,1,Urban Expansion
/kaggle/working/spacenet7_urban_expansion_outputs/processed_difference_patches/L15_1438E_1227N_5753_3282_13_0013_448_672.png,L15-1438E-1227N_5753_3282_13,/kaggle/input/datasets/amerii/spacenet-7-multitemporal-urban-development/SN7_buildings_test_public/test_public/L15-1438E-1227N_5753_3282_13/images_masked/global_monthly_2018_01_mosaic_L15-1438E-1227N_5753_3282_13.tif,/kaggle/input/datasets/amerii/spacenet-7-multitemporal-urban-development/SN7_buildings_test_public/test_public/L15-1438E-1227N_5753_3282_13/images_masked/global_monthly_2020_01_mosaic_L15-1438E-1227N_5753_3282_13.tif,448,672,19.88978385925293,0,No Urban Expansion
/kaggle/working/spacenet7_urban_expansion_outputs/processed_difference_patches/L15_1298E_1322N_5193_2903_13_0015_448_448.png,L15-1298E-1322N_5193_2903_13,/kaggle/input/datasets/amerii/spacenet-7-multitemporal-urban-development/SN7_buildings_train/train/L15-1298E-1322N_5193_2903_13/images/global_monthly_2018_01_mosaic_L15-1298E-1322N_5193_2903_13.tif,/kaggle/input/datasets/amerii/spacenet-7-multitemporal-urban-development/SN7_buildings_train/train/L15-1298E-1322N_5193_2903_13/images_masked/global_monthly_2020_01_mosaic_L15-1298E-1322N_5193_2903_13.tif,448,448,15.94489860534668,0,No Urban Expansion
/kaggle/working/spacenet7_urban_expansion_outputs/processed_difference_patches/L15_0760E_0887N_3041_4643_13_0005_0_0.png,L15-0760E-0887N_3041_4643_13,/kaggle/input/datasets/amerii/spacenet-7-multitemporal-urban-development/SN7_buildings_train/train/L15-0760E-0887N_3041_4643_13/images/global_monthly_2018_01_mosaic_L15-0760E-0887N_3041_4643_13.tif,/kaggle/input/datasets/amerii/spacenet-7-multitemporal-urban-development/SN7_buildings_train/train/L15-0760E-0887N_3041_4643_13/images_masked/global_monthly_2020_01_mosaic_L15-0760E-0887N_3041_4643_13.tif,0,0,19.687545776367188,0,No Urban Expansion
/kaggle/working/spacenet7_urban_expansion_outputs/processed_difference_patches/L15_0586E_1127N_2345_3680_13_0014_448_672.png,L15-0586E-1127N_2345_3680_13,/kaggle/input/datasets/amerii/spacenet-7-multitemporal-urban-development/SN7_buildings_train/train/L15-0586E-1127N_2345_3680_13/images/global_monthly_2018_01_mosaic_L15-0586E-1127N_2345_3680_13.tif,/kaggle/input/datasets/amerii/spacenet-7-multitemporal-urban-development/SN7_buildings_train/train/L15-0586E-1127N_2345_3680_13/images_masked/global_monthly_2020_01_mosaic_L15-0586E-1127N_2345_3680_13.tif,448,672,16.61315155029297,0,No Urban Expansion
/kaggle/working/spacenet7_urban_expansion_outputs/processed_difference_patches/L15_1481E_1119N_5927_3715_13_0002_672_0.png,L15-1481E-1119N_5927_3715_13,/kaggle/input/datasets/amerii/spacenet-7-multitemporal-urban-development/SN7_buildings_train/train/L15-1481E-1119N_5927_3715_13/images/global_monthly_2018_01_mosaic_L15-1481E-1119N_5927_3715_13.tif,/kaggle/input/datasets/amerii/spacenet-7-multitemporal-urban-development/SN7_buildings_train/train/L15-1481E-1119N_5927_3715_13/images_masked/global_monthly_2020_01_mosaic_L15-1481E-1119N_5927_3715_13.tif,672,0,17.590457916259766,0,No Urban Expansion
/kaggle/working/spacenet7_urban_expansion_outputs/processed_difference_patches/L15_0509E_1108N_2037_3758_13_0000_0_0.png,L15-0509E-1108N_2037_3758_13,/kaggle/input/datasets/amerii/spacenet-7-multitemporal-urban-development/SN7_buildings_test_public/test_public/L15-0509E-1108N_2037_3758_13/images_masked/global_monthly_2018_02_mosaic_L15-0509E-1108N_2037_3758_13.tif,/kaggle/input/datasets/amerii/spacenet-7-multitemporal-urban-development/SN7_buildings_test_public/test_public/L15-0509E-1108N_2037_3758_13/images_masked/global_monthly_2020_01_mosaic_L15-0509E-1108N_2037_3758_13.tif,0,0,43.77262496948242,1,Urban Expansion
/kaggle/working/spacenet7_urban_expansion_outputs/processed_difference_patches/L15_1615E_1205N_6460_3370_13_0003_224_0.png,L15-1615E-1205N_6460_3370_13,/kaggle/input/datasets/amerii/spacenet-7-multitemporal-urban-development/SN7_buildings_train/train/L15-1615E-1205N_6460_3370_13/images/global_monthly_2017_07_mosaic_L15-1615E-1205N_6460_3370_13.tif,/kaggle/input/datasets/amerii/spacenet-7-multitemporal-urban-development/SN7_buildings_train/train/L15-1615E-1205N_6460_3370_13/images_masked/global_monthly_2019_09_mosaic_L15-1615E-1205N_6460_3370_13.tif,224,0,45.44173812866211,1,Urban Expansion
/kaggle/working/spacenet7_urban_expansion_outputs/processed_difference_patches/L15_1203E_1203N_4815_3379_13_0011_0_672.png,L15-1203E-1203N_4815_3379_13,/kaggle/input/datasets/amerii/spacenet-7-multitemporal-urban-development/SN7_buildings_test_public/test_public/L15-1203E-1203N_4815_3379_13/images_masked/global_monthly_2017_07_mosaic_L15-1203E-1203N_4815_3379_13.tif,/kaggle/input/datasets/amerii/spacenet-7-multitemporal-urban-development/SN7_buildings_test_public/test_public/L15-1203E-1203N_4815_3379_13/images_masked/global_monthly_2019_09_mosaic_L15-1203E-1203N_4815_3379_13.tif,0,672,39.85144805908203,1,Urban Expansion
/kaggle/working/spacenet7_urban_expansion_outputs/processed_difference_patches/L15_1210E_1025N_4840_4088_13_0004_224_224.png,L15-1210E-1025N_4840_4088_13,/kaggle/input/datasets/amerii/spacenet-7-multitemporal-urban-development/SN7_buildings_train/train/L15-1210E-1025N_4840_4088_13/images/global_monthly_2018_01_mosaic_L15-1210E-1025N_4840_4088_13.tif,/kaggle/input/datasets/amerii/spacenet-7-multitemporal-urban-development/SN7_buildings_train/train/L15-1210E-1025N_4840_4088_13/images_masked/global_monthly_2020_01_mosaic_L15-1210E-1025N_4840_4088_13.tif,224,224,18.415447235107422,0,No Urban Expansion
/kaggle/working/spacenet7_urban_expansion_outputs/processed_difference_patches/L15_1439E_1134N_5759_3655_13_0008_0_672.png,L15-1439E-1134N_5759_3655_13,/kaggle/input/datasets/amerii/spacenet-7-multitemporal-urban-development/SN7_buildings_train/train/L15-1439E-1134N_5759_3655_13/images/global_monthly_2018_02_mosaic_L15-1439E-1134N_5759_3655_13.tif,/kaggle/input/datasets/amerii/spacenet-7-multitemporal-urban-development/SN7_buildings_train/train/L15-1439E-1134N_5759_3655_13/images_masked/global_monthly_2020_01_mosaic_L15-1439E-1134N_5759_3655_13.tif,0,672,34.000396728515625,1,Urban Expansion
/kaggle/working/spacenet7_urban_expansion_outputs/processed_difference_patches/L15_1669E_1153N_6678_3579_13_0012_0_448.png,L15-1669E-1153N_6678_3579_13,/kaggle/input/datasets/amerii/spacenet-7-multitemporal-urban-development/SN7_buildings_train/train/L15-1669E-1153N_6678_3579_13/images/global_monthly_2018_01_mosaic_L15-1669E-1153N_6678_3579_13.tif,/kaggle/input/datasets/amerii/spacenet-7-multitemporal-urban-development/SN7_buildings_train/train/L15-1669E-1153N_6678_3579_13/images_masked/global_monthly_2019_12_mosaic_L15-1669E-1153N_6678_3579_13.tif,0,448,37.7031364440918,1,Urban Expansion
/kaggle/working/spacenet7_urban_expansion_outputs/processed_difference_patches/L15_1669E_1153N_6678_3579_13_0007_224_224.png,L15-1669E-1153N_6678_3579_13,/kaggle/input/datasets/amerii/spacenet-7-multitemporal-urban-development/SN7_buildings_train/train/L15-1669E-1153N_6678_3579_13/images/global_monthly_2018_01_mosaic_L15-1669E-1153N_6678_3579_13.tif,/kaggle/input/datasets/amerii/spacenet-7-multitemporal-urban-development/SN7_buildings_train/train/L15-1669E-1153N_6678_3579_13/images_masked/global_monthly_2019_12_mosaic_L15-1669E-1153N_6678_3579_13.tif,224,224,19.655872344970703,0,No Urban Expansion
/kaggle/working/spacenet7_urban_expansion_outputs/processed_difference_patches/L15_1615E_1205N_6460_3370_13_0006_224_224.png,L15-1615E-1205N_6460_3370_13,/kaggle/input/datasets/amerii/spacenet-7-multitemporal-urban-development/SN7_buildings_train/train/L15-1615E-1205N_6460_3370_13/images/global_monthly_2017_07_mosaic_L15-1615E-1205N_6460_3370_13.tif,/kaggle/input/datasets/amerii/spacenet-7-multitemporal-urban-development/SN7_buildings_train/train/L15-1615E-1205N_6460_3370_13/images_masked/global_monthly_2019_09_mosaic_L15-1615E-1205N_6460_3370_13.tif,224,224,34.07833480834961,1,Urban Expansion
/kaggle/working/spacenet7_urban_expansion_outputs/processed_difference_patches/L15_0571E_1302N_2284_2983_13_0011_672_672.png,L15-0571E-1302N_2284_2983_13,/kaggle/input/datasets/amerii/spacenet-7-multitemporal-urban-development/SN7_buildings_test_public/test_public/L15-0571E-1302N_2284_2983_13/images_masked/global_monthly_2018_03_mosaic_L15-0571E-1302N_2284_2983_13.tif,/kaggle/input/datasets/amerii/spacenet-7-multitemporal-urban-development/SN7_buildings_test_public/test_public/L15-0571E-1302N_2284_2983_13/images_masked/global_monthly_2019_11_mosaic_L15-0571E-1302N_2284_2983_13.tif,672,672,43.709739685058594,1,Urban Expansion
/kaggle/working/spacenet7_urban_expansion_outputs/processed_difference_patches/L15_1666E_1189N_6665_3433_13_0008_0_0.png,L15-1666E-1189N_6665_3433_13,/kaggle/input/datasets/amerii/spacenet-7-multitemporal-urban-development/SN7_buildings_test_public/test_public/L15-1666E-1189N_6665_3433_13/images_masked/global_monthly_2018_01_mosaic_L15-1666E-1189N_6665_3433_13.tif,/kaggle/input/datasets/amerii/spacenet-7-multitemporal-urban-development/SN7_buildings_test_public/test_public/L15-1666E-1189N_6665_3433_13/images_masked/global_monthly_2020_01_mosaic_L15-1666E-1189N_6665_3433_13.tif,0,0,15.582767486572266,0,No Urban Expansion
/kaggle/working/spacenet7_urban_expansion_outputs/processed_difference_patches/L15_1025E_1366N_4102_2726_13_0006_448_0.png,L15-1025E-1366N_4102_2726_13,/kaggle/input/datasets/amerii/spacenet-7-multitemporal-urban-development/SN7_buildings_train/train/L15-1025E-1366N_4102_2726_13/images/global_monthly_2018_01_mosaic_L15-1025E-1366N_4102_2726_13.tif,/kaggle/input/datasets/amerii/spacenet-7-multitemporal-urban-development/SN7_buildings_train/train/L15-1025E-1366N_4102_2726_13/images_masked/global_monthly_2020_01_mosaic_L15-1025E-1366N_4102_2726_13.tif,448,0,18.952611923217773,0,No Urban Expansion
/kaggle/working/spacenet7_urban_expansion_outputs/processed_difference_patches/L15_1690E_1211N_6763_3346_13_0015_0_672.png,L15-1690E-1211N_6763_3346_13,/kaggle/input/datasets/amerii/spacenet-7-multitemporal-urban-development/SN7_buildings_train/train/L15-1690E-1211N_6763_3346_13/images/global_monthly_2017_07_mosaic_L15-1690E-1211N_6763_3346_13.tif,/kaggle/input/datasets/amerii/spacenet-7-multitemporal-urban-development/SN7_buildings_train/train/L15-1690E-1211N_6763_3346_13/images_masked/global_monthly_2019_09_mosaic_L15-1690E-1211N_6763_3346_13.tif,0,672,32.34575271606445,1,Urban Expansion
/kaggle/working/spacenet7_urban_expansion_outputs/processed_difference_patches/L15_0697E_0874N_2789_4694_13_0012_448_672.png,L15-0697E-0874N_2789_4694_13,/kaggle/input/datasets/amerii/spacenet-7-multitemporal-urban-development/SN7_buildings_test_public/test_public/L15-0697E-0874N_2789_4694_13/images_masked/global_monthly_2018_01_mosaic_L15-0697E-0874N_2789_4694_13.tif,/kaggle/input/datasets/amerii/spacenet-7-multitemporal-urban-development/SN7_buildings_test_public/test_public/L15-0697E-0874N_2789_4694_13/images_masked/global_monthly_2020_01_mosaic_L15-0697E-0874N_2789_4694_13.tif,448,672,18.534339904785156,0,No Urban Expansion
/kaggle/working/spacenet7_urban_expansion_outputs/processed_difference_patches/L15_0544E_1228N_2176_3279_13_0000_224_448.png,L15-0544E-1228N_2176_3279_13,/kaggle/input/datasets/amerii/spacenet-7-multitemporal-urban-development/SN7_buildings_train/train/L15-0544E-1228N_2176_3279_13/images/global_monthly_2018_01_mosaic_L15-0544E-1228N_2176_3279_13.tif,/kaggle/input/datasets/amerii/spacenet-7-multitemporal-urban-development/SN7_buildings_train/train/L15-0544E-1228N_2176_3279_13/images_masked/global_monthly_2019_12_mosaic_L15-0544E-1228N_2176_3279_13.tif,224,448,32.62074279785156,1,Urban Expansion
/kaggle/working/spacenet7_urban_expansion_outputs/processed_difference_patches/L15_0977E_1187N_3911_3441_13_0004_672_224.png,L15-0977E-1187N_3911_3441_13,/kaggle/input/datasets/amerii/spacenet-7-multitemporal-urban-development/SN7_buildings_train/train/L15-0977E-1187N_3911_3441_13/images/global_monthly_2018_01_mosaic_L15-0977E-1187N_3911_3441_13.tif,/kaggle/input/datasets/amerii/spacenet-7-multitemporal-urban-development/SN7_buildings_train/train/L15-0977E-1187N_3911_3441_13/images_masked/global_monthly_2020_01_mosaic_L15-0977E-1187N_3911_3441_13.tif,672,224,4.460554122924805,0,No Urban Expansion
/kaggle/working/spacenet7_urban_expansion_outputs/processed_difference_patches/L15_1281E_1035N_5125_4049_13_0006_672_672.png,L15-1281E-1035N_5125_4049_13,/kaggle/input/datasets/amerii/spacenet-7-multitemporal-urban-development/SN7_buildings_test_public/test_public/L15-1281E-1035N_5125_4049_13/images_masked/global_monthly_2018_01_mosaic_L15-1281E-1035N_5125_4049_13.tif,/kaggle/input/datasets/amerii/spacenet-7-multitemporal-urban-development/SN7_buildings_test_public/test_public/L15-1281E-1035N_5125_4049_13/images_masked/global_monthly_2020_01_mosaic_L15-1281E-1035N_5125_4049_13.tif,672,672,31.338104248046875,1,Urban Expansion
/kaggle/working/spacenet7_urban_expansion_outputs/processed_difference_patches/L15_1204E_1202N_4816_3380_13_0013_224_224.png,L15-1204E-1202N_4816_3380_13,/kaggle/input/datasets/amerii/spacenet-7-multitemporal-urban-development/SN7_buildings_train/train/L15-1204E-1202N_4816_3380_13/images/global_monthly_2017_07_mosaic_L15-1204E-1202N_4816_3380_13.tif,/kaggle/input/datasets/amerii/spacenet-7-multitemporal-urban-development/SN7_buildings_train/train/L15-1204E-1202N_4816_3380_13/images_masked/global_monthly_2019_09_mosaic_L15-1204E-1202N_4816_3380_13.tif,224,224,32.757537841796875,1,Urban Expansion
/kaggle/working/spacenet7_urban_expansion_outputs/processed_difference_patches/L15_1690E_1210N_6762_3348_13_0007_448_448.png,L15-1690E-1210N_6762_3348_13,/kaggle/input/datasets/amerii/spacenet-7-multitemporal-urban-development/SN7_buildings_test_public/test_public/L15-1690E-1210N_6762_3348_13/images_masked/global_monthly_2017_07_mosaic_L15-1690E-1210N_6762_3348_13.tif,/kaggle/input/datasets/amerii/spacenet-7-multitemporal-urban-development/SN7_buildings_test_public/test_public/L15-1690E-1210N_6762_3348_13/images_masked/global_monthly_2019_09_mosaic_L15-1690E-1210N_6762_3348_13.tif,448,448,37.78395462036133,1,Urban Expansion
/kaggle/working/spacenet7_urban_expansion_outputs/processed_difference_patches/L15_1049E_1370N_4196_2710_13_0001_224_0.png,L15-1049E-1370N_4196_2710_13,/kaggle/input/datasets/amerii/spacenet-7-multitemporal-urban-development/SN7_buildings_train/train/L15-1049E-1370N_4196_2710_13/images/global_monthly_2018_01_mosaic_L15-1049E-1370N_4196_2710_13.tif,/kaggle/input/datasets/amerii/spacenet-7-multitemporal-urban-development/SN7_buildings_train/train/L15-1049E-1370N_4196_2710_13/images_masked/global_monthly_2020_01_mosaic_L15-1049E-1370N_4196_2710_13.tif,224,0,32.381011962890625,1,Urban Expansion
/kaggle/working/spacenet7_urban_expansion_outputs/processed_difference_patches/L15_0358E_1220N_1433_3310_13_0012_672_0.png,L15-0358E-1220N_1433_3310_13,/kaggle/input/datasets/amerii/spacenet-7-multitemporal-urban-development/SN7_buildings_train/train/L15-0358E-1220N_1433_3310_13/images/global_monthly_2018_02_mosaic_L15-0358E-1220N_1433_3310_13.tif,/kaggle/input/datasets/amerii/spacenet-7-multitemporal-urban-development/SN7_buildings_train/train/L15-0358E-1220N_1433_3310_13/images_masked/global_monthly_2020_01_mosaic_L15-0358E-1220N_1433_3310_13.tif,672,0,44.31962203979492,1,Urban Expansion
/kaggle/working/spacenet7_urban_expansion_outputs/processed_difference_patches/SN7_buildings_train_sample_0007_0_224.png,SN7_buildings_train_sample,/kaggle/input/datasets/amerii/spacenet-7-multitemporal-urban-development/SN7_buildings_train_sample/sample/L15-0506E-1204N_2027_3374_13/UDM_masks/global_monthly_2018_06_mosaic_L15-0506E-1204N_2027_3374_13_UDM.tif,/kaggle/input/datasets/amerii/spacenet-7-multitemporal-urban-development/SN7_buildings_train_sample/sample/L15-0506E-1204N_2027_3374_13/UDM_masks/global_monthly_2019_11_mosaic_L15-0506E-1204N_2027_3374_13_UDM.tif,0,224,10.53775691986084,0,No Urban Expansion
/kaggle/working/spacenet7_urban_expansion_outputs/processed_difference_patches/L15_0487E_1246N_1950_3207_13_0006_0_224.png,L15-0487E-1246N_1950_3207_13,/kaggle/input/datasets/amerii/spacenet-7-multitemporal-urban-development/SN7_buildings_train/train/L15-0487E-1246N_1950_3207_13/images/global_monthly_2018_01_mosaic_L15-0487E-1246N_1950_3207_13.tif,/kaggle/input/datasets/amerii/spacenet-7-multitemporal-urban-development/SN7_buildings_train/train/L15-0487E-1246N_1950_3207_13/images_masked/global_monthly_2020_01_mosaic_L15-0487E-1246N_1950_3207_13.tif,0,224,18.023347854614258,0,No Urban Expansion
/kaggle/working/spacenet7_urban_expansion_outputs/processed_difference_patches/L15_1690E_1210N_6762_3348_13_0004_0_0.png,L15-1690E-1210N_6762_3348_13,/kaggle/input/datasets/amerii/spacenet-7-multitemporal-urban-development/SN7_buildings_test_public/test_public/L15-1690E-1210N_6762_3348_13/images_masked/global_monthly_2017_07_mosaic_L15-1690E-1210N_6762_3348_13.tif,/kaggle/input/datasets/amerii/spacenet-7-multitemporal-urban-development/SN7_buildings_test_public/test_public/L15-1690E-1210N_6762_3348_13/images_masked/global_monthly_2019_09_mosaic_L15-1690E-1210N_6762_3348_13.tif,0,0,31.571149826049805,1,Urban Expansion
/kaggle/working/spacenet7_urban_expansion_outputs/processed_difference_patches/L15_0977E_1187N_3911_3441_13_0010_448_0.png,L15-0977E-1187N_3911_3441_13,/kaggle/input/datasets/amerii/spacenet-7-multitemporal-urban-development/SN7_buildings_train/train/L15-0977E-1187N_3911_3441_13/images/global_monthly_2018_01_mosaic_L15-0977E-1187N_3911_3441_13.tif,/kaggle/input/datasets/amerii/spacenet-7-multitemporal-urban-development/SN7_buildings_train/train/L15-0977E-1187N_3911_3441_13/images_masked/global_monthly_2020_01_mosaic_L15-0977E-1187N_3911_3441_13.tif,448,0,6.047727108001709,0,No Urban Expansion
/kaggle/working/spacenet7_urban_expansion_outputs/processed_difference_patches/L15_1172E_1306N_4688_2967_13_0002_0_0.png,L15-1172E-1306N_4688_2967_13,/kaggle/input/datasets/amerii/spacenet-7-multitemporal-urban-development/SN7_buildings_train/train/L15-1172E-1306N_4688_2967_13/images/global_monthly_2018_01_mosaic_L15-1172E-1306N_4688_2967_13.tif,/kaggle/input/datasets/amerii/spacenet-7-multitemporal-urban-development/SN7_buildings_train/train/L15-1172E-1306N_4688_2967_13/images_masked/global_monthly_2020_01_mosaic_L15-1172E-1306N_4688_2967_13.tif,0,0,13.882728576660156,0,No Urban Expansion
/kaggle/working/spacenet7_urban_expansion_outputs/processed_difference_patches/L15_0566E_1185N_2265_3451_13_0007_224_224.png,L15-0566E-1185N_2265_3451_13,/kaggle/input/datasets/amerii/spacenet-7-multitemporal-urban-development/SN7_buildings_train/train/L15-0566E-1185N_2265_3451_13/images/global_monthly_2018_01_mosaic_L15-0566E-1185N_2265_3451_13.tif,/kaggle/input/datasets/amerii/spacenet-7-multitemporal-urban-development/SN7_buildings_train/train/L15-0566E-1185N_2265_3451_13/images_masked/global_monthly_2020_01_mosaic_L15-0566E-1185N_2265_3451_13.tif,224,224,17.219104766845703,0,No Urban Expansion
/kaggle/working/spacenet7_urban_expansion_outputs/processed_difference_patches/L15_0744E_0927N_2979_4481_13_0002_672_0.png,L15-0744E-0927N_2979_4481_13,/kaggle/input/datasets/amerii/spacenet-7-multitemporal-urban-development/SN7_buildings_test_public/test_public/L15-0744E-0927N_2979_4481_13/images_masked/global_monthly_2018_01_mosaic_L15-0744E-0927N_2979_4481_13.tif,/kaggle/input/datasets/amerii/spacenet-7-multitemporal-urban-development/SN7_buildings_test_public/test_public/L15-0744E-0927N_2979_4481_13/images_masked/global_monthly_2020_01_mosaic_L15-0744E-0927N_2979_4481_13.tif,672,0,15.795379638671875,0,No Urban Expansion
/kaggle/working/spacenet7_urban_expansion_outputs/processed_difference_patches/L15_0358E_1220N_1433_3310_13_0008_448_224.png,L15-0358E-1220N_1433_3310_13,/kaggle/input/datasets/amerii/spacenet-7-multitemporal-urban-development/SN7_buildings_train/train/L15-0358E-1220N_1433_3310_13/images/global_monthly_2018_02_mosaic_L15-0358E-1220N_1433_3310_13.tif,/kaggle/input/datasets/amerii/spacenet-7-multitemporal-urban-development/SN7_buildings_train/train/L15-0358E-1220N_1433_3310_13/images_masked/global_monthly_2020_01_mosaic_L15-0358E-1220N_1433_3310_13.tif,448,224,37.53961181640625,1,Urban Expansion
/kaggle/working/spacenet7_urban_expansion_outputs/processed_difference_patches/L15_0387E_1276N_1549_3087_13_0010_224_224.png,L15-0387E-1276N_1549_3087_13,/kaggle/input/datasets/amerii/spacenet-7-multitemporal-urban-development/SN7_buildings_train/train/L15-0387E-1276N_1549_3087_13/images/global_monthly_2018_01_mosaic_L15-0387E-1276N_1549_3087_13.tif,/kaggle/input/datasets/amerii/spacenet-7-multitemporal-urban-development/SN7_buildings_train/train/L15-0387E-1276N_1549_3087_13/images_masked/global_monthly_2019_12_mosaic_L15-0387E-1276N_1549_3087_13.tif,224,224,45.52532958984375,1,Urban Expansion
/kaggle/working/spacenet7_urban_expansion_outputs/processed_difference_patches/L15_1138E_1216N_4553_3325_13_0007_0_0.png,L15-1138E-1216N_4553_3325_13,/kaggle/input/datasets/amerii/spacenet-7-multitemporal-urban-development/SN7_buildings_train/train/L15-1138E-1216N_4553_3325_13/images/global_monthly_2018_01_mosaic_L15-1138E-1216N_4553_3325_13.tif,/kaggle/input/datasets/amerii/spacenet-7-multitemporal-urban-development/SN7_buildings_train/train/L15-1138E-1216N_4553_3325_13/images_masked/global_monthly_2020_01_mosaic_L15-1138E-1216N_4553_3325_13.tif,0,0,35.02164840698242,1,Urban Expansion
/kaggle/working/spacenet7_urban_expansion_outputs/processed_difference_patches/L15_0577E_1243N_2309_3217_13_0012_672_672.png,L15-0577E-1243N_2309_3217_13,/kaggle/input/datasets/amerii/spacenet-7-multitemporal-urban-development/SN7_buildings_train/train/L15-0577E-1243N_2309_3217_13/images/global_monthly_2018_02_mosaic_L15-0577E-1243N_2309_3217_13.tif,/kaggle/input/datasets/amerii/spacenet-7-multitemporal-urban-development/SN7_buildings_train/train/L15-0577E-1243N_2309_3217_13/images_masked/global_monthly_2019_11_mosaic_L15-0577E-1243N_2309_3217_13.tif,672,672,33.666595458984375,1,Urban Expansion
/kaggle/working/spacenet7_urban_expansion_outputs/processed_difference_patches/L15_1670E_1159N_6681_3552_13_0011_448_224.png,L15-1670E-1159N_6681_3552_13,/kaggle/input/datasets/amerii/spacenet-7-multitemporal-urban-development/SN7_buildings_test_public/test_public/L15-1670E-1159N_6681_3552_13/images_masked/global_monthly_2017_07_mosaic_L15-1670E-1159N_6681_3552_13.tif,/kaggle/input/datasets/amerii/spacenet-7-multitemporal-urban-development/SN7_buildings_test_public/test_public/L15-1670E-1159N_6681_3552_13/images_masked/global_monthly_2019_09_mosaic_L15-1670E-1159N_6681_3552_13.tif,448,224,40.29441452026367,1,Urban Expansion
/kaggle/working/spacenet7_urban_expansion_outputs/processed_difference_patches/L15_1049E_1370N_4196_2710_13_0003_224_672.png,L15-1049E-1370N_4196_2710_13,/kaggle/input/datasets/amerii/spacenet-7-multitemporal-urban-development/SN7_buildings_train/train/L15-1049E-1370N_4196_2710_13/images/global_monthly_2018_01_mosaic_L15-1049E-1370N_4196_2710_13.tif,/kaggle/input/datasets/amerii/spacenet-7-multitemporal-urban-development/SN7_buildings_train/train/L15-1049E-1370N_4196_2710_13/images_masked/global_monthly_2020_01_mosaic_L15-1049E-1370N_4196_2710_13.tif,224,672,15.95376205444336,0,No Urban Expansion
/kaggle/working/spacenet7_urban_expansion_outputs/processed_difference_patches/L15_0632E_0892N_2528_4620_13_0013_224_0.png,L15-0632E-0892N_2528_4620_13,/kaggle/input/datasets/amerii/spacenet-7-multitemporal-urban-development/SN7_buildings_train/train/L15-0632E-0892N_2528_4620_13/images/global_monthly_2018_01_mosaic_L15-0632E-0892N_2528_4620_13.tif,/kaggle/input/datasets/amerii/spacenet-7-multitemporal-urban-development/SN7_buildings_train/train/L15-0632E-0892N_2528_4620_13/images_masked/global_monthly_2020_01_mosaic_L15-0632E-0892N_2528_4620_13.tif,224,0,18.203567504882812,0,No Urban Expansion
/kaggle/working/spacenet7_urban_expansion_outputs/processed_difference_patches/L15_1172E_1306N_4688_2967_13_0012_448_448.png,L15-1172E-1306N_4688_2967_13,/kaggle/input/datasets/amerii/spacenet-7-multitemporal-urban-development/SN7_buildings_train/train/L15-1172E-1306N_4688_2967_13/images/global_monthly_2018_01_mosaic_L15-1172E-1306N_4688_2967_13.tif,/kaggle/input/datasets/amerii/spacenet-7-multitemporal-urban-development/SN7_buildings_train/train/L15-1172E-1306N_4688_2967_13/images_masked/global_monthly_2020_01_mosaic_L15-1172E-1306N_4688_2967_13.tif,448,448,19.408283233642578,0,No Urban Expansion
/kaggle/working/spacenet7_urban_expansion_outputs/processed_difference_patches/L15_0357E_1223N_1429_3296_13_0013_224_448.png,L15-0357E-1223N_1429_3296_13,/kaggle/input/datasets/amerii/spacenet-7-multitemporal-urban-development/SN7_buildings_train/train/L15-0357E-1223N_1429_3296_13/images/global_monthly_2018_01_mosaic_L15-0357E-1223N_1429_3296_13.tif,/kaggle/input/datasets/amerii/spacenet-7-multitemporal-urban-development/SN7_buildings_train/train/L15-0357E-1223N_1429_3296_13/images_masked/global_monthly_2020_01_mosaic_L15-0357E-1223N_1429_3296_13.tif,224,448,13.703763961791992,0,No Urban Expansion
/kaggle/working/spacenet7_urban_expansion_outputs/processed_difference_patches/L15_1848E_0793N_7394_5018_13_0010_0_224.png,L15-1848E-0793N_7394_5018_13,/kaggle/input/datasets/amerii/spacenet-7-multitemporal-urban-development/SN7_buildings_train/train/L15-1848E-0793N_7394_5018_13/images/global_monthly_2018_01_mosaic_L15-1848E-0793N_7394_5018_13.tif,/kaggle/input/datasets/amerii/spacenet-7-multitemporal-urban-development/SN7_buildings_train/train/L15-1848E-0793N_7394_5018_13/images_masked/global_monthly_2020_01_mosaic_L15-1848E-0793N_7394_5018_13.tif,0,224,4.675676345825195,0,No Urban Expansion
/kaggle/working/spacenet7_urban_expansion_outputs/processed_difference_patches/L15_1129E_0819N_4517_4915_13_0013_0_224.png,L15-1129E-0819N_4517_4915_13,/kaggle/input/datasets/amerii/spacenet-7-multitemporal-urban-development/SN7_buildings_test_public/test_public/L15-1129E-0819N_4517_4915_13/images_masked/global_monthly_2018_01_mosaic_L15-1129E-0819N_4517_4915_13.tif,/kaggle/input/datasets/amerii/spacenet-7-multitemporal-urban-development/SN7_buildings_test_public/test_public/L15-1129E-0819N_4517_4915_13/images_masked/global_monthly_2020_01_mosaic_L15-1129E-0819N_4517_4915_13.tif,0,224,33.231773376464844,1,Urban Expansion
/kaggle/working/spacenet7_urban_expansion_outputs/processed_difference_patches/L15_1335E_1166N_5342_3524_13_0002_448_0.png,L15-1335E-1166N_5342_3524_13,/kaggle/input/datasets/amerii/spacenet-7-multitemporal-urban-development/SN7_buildings_train/train/L15-1335E-1166N_5342_3524_13/images/global_monthly_2018_01_mosaic_L15-1335E-1166N_5342_3524_13.tif,/kaggle/input/datasets/amerii/spacenet-7-multitemporal-urban-development/SN7_buildings_train/train/L15-1335E-1166N_5342_3524_13/images_masked/global_monthly_2020_01_mosaic_L15-1335E-1166N_5342_3524_13.tif,448,0,18.954988479614258,0,No Urban Expansion
/kaggle/working/spacenet7_urban_expansion_outputs/processed_difference_patches/L15_0586E_1127N_2345_3680_13_0005_0_448.png,L15-0586E-1127N_2345_3680_13,/kaggle/input/datasets/amerii/spacenet-7-multitemporal-urban-development/SN7_buildings_train/train/L15-0586E-1127N_2345_3680_13/images/global_monthly_2018_01_mosaic_L15-0586E-1127N_2345_3680_13.tif,/kaggle/input/datasets/amerii/spacenet-7-multitemporal-urban-development/SN7_buildings_train/train/L15-0586E-1127N_2345_3680_13/images_masked/global_monthly_2020_01_mosaic_L15-0586E-1127N_2345_3680_13.tif,0,448,9.433788299560547,0,No Urban Expansion
/kaggle/working/spacenet7_urban_expansion_outputs/processed_difference_patches/L15_0391E_1219N_1567_3314_13_0006_0_224.png,L15-0391E-1219N_1567_3314_13,/kaggle/input/datasets/amerii/spacenet-7-multitemporal-urban-development/SN7_buildings_test_public/test_public/L15-0391E-1219N_1567_3314_13/images_masked/global_monthly_2018_01_mosaic_L15-0391E-1219N_1567_3314_13.tif,/kaggle/input/datasets/amerii/spacenet-7-multitemporal-urban-development/SN7_buildings_test_public/test_public/L15-0391E-1219N_1567_3314_13/images_masked/global_monthly_2020_01_mosaic_L15-0391E-1219N_1567_3314_13.tif,0,224,33.08631896972656,1,Urban Expansion
/kaggle/working/spacenet7_urban_expansion_outputs/processed_difference_patches/L15_0391E_1219N_1567_3314_13_0010_0_672.png,L15-0391E-1219N_1567_3314_13,/kaggle/input/datasets/amerii/spacenet-7-multitemporal-urban-development/SN7_buildings_test_public/test_public/L15-0391E-1219N_1567_3314_13/images_masked/global_monthly_2018_01_mosaic_L15-0391E-1219N_1567_3314_13.tif,/kaggle/input/datasets/amerii/spacenet-7-multitemporal-urban-development/SN7_buildings_test_public/test_public/L15-0391E-1219N_1567_3314_13/images_masked/global_monthly_2020_01_mosaic_L15-0391E-1219N_1567_3314_13.tif,0,672,31.38092803955078,1,Urban Expansion
/kaggle/working/spacenet7_urban_expansion_outputs/processed_difference_patches/L15_1276E_1107N_5105_3761_13_0009_224_0.png,L15-1276E-1107N_5105_3761_13,/kaggle/input/datasets/amerii/spacenet-7-multitemporal-urban-development/SN7_buildings_train/train/L15-1276E-1107N_5105_3761_13/images/global_monthly_2018_01_mosaic_L15-1276E-1107N_5105_3761_13.tif,/kaggle/input/datasets/amerii/spacenet-7-multitemporal-urban-development/SN7_buildings_train/train/L15-1276E-1107N_5105_3761_13/images_masked/global_monthly_2020_01_mosaic_L15-1276E-1107N_5105_3761_13.tif,224,0,13.634631156921387,0,No Urban Expansion
/kaggle/working/spacenet7_urban_expansion_outputs/processed_difference_patches/L15_0595E_1278N_2383_3079_13_0010_448_672.png,L15-0595E-1278N_2383_3079_13,/kaggle/input/datasets/amerii/spacenet-7-multitemporal-urban-development/SN7_buildings_train/train/L15-0595E-1278N_2383_3079_13/images/global_monthly_2018_01_mosaic_L15-0595E-1278N_2383_3079_13.tif,/kaggle/input/datasets/amerii/spacenet-7-multitemporal-urban-development/SN7_buildings_train/train/L15-0595E-1278N_2383_3079_13/images_masked/global_monthly_2020_01_mosaic_L15-0595E-1278N_2383_3079_13.tif,448,672,19.523319244384766,0,No Urban Expansion
/kaggle/working/spacenet7_urban_expansion_outputs/processed_difference_patches/L15_1691E_1211N_6764_3347_13_0013_672_448.png,L15-1691E-1211N_6764_3347_13,/kaggle/input/datasets/amerii/spacenet-7-multitemporal-urban-development/SN7_buildings_train/train/L15-1691E-1211N_6764_3347_13/images/global_monthly_2017_07_mosaic_L15-1691E-1211N_6764_3347_13.tif,/kaggle/input/datasets/amerii/spacenet-7-multitemporal-urban-development/SN7_buildings_train/train/L15-1691E-1211N_6764_3347_13/images_masked/global_monthly_2019_09_mosaic_L15-1691E-1211N_6764_3347_13.tif,672,448,34.25333786010742,1,Urban Expansion
/kaggle/working/spacenet7_urban_expansion_outputs/processed_difference_patches/L15_1210E_1025N_4840_4088_13_0009_672_224.png,L15-1210E-1025N_4840_4088_13,/kaggle/input/datasets/amerii/spacenet-7-multitemporal-urban-development/SN7_buildings_train/train/L15-1210E-1025N_4840_4088_13/images/global_monthly_2018_01_mosaic_L15-1210E-1025N_4840_4088_13.tif,/kaggle/input/datasets/amerii/spacenet-7-multitemporal-urban-development/SN7_buildings_train/train/L15-1210E-1025N_4840_4088_13/images_masked/global_monthly_2020_01_mosaic_L15-1210E-1025N_4840_4088_13.tif,672,224,17.56002426147461,0,No Urban Expansion
/kaggle/working/spacenet7_urban_expansion_outputs/processed_difference_patches/L15_1716E_1211N_6864_3345_13_0011_0_448.png,L15-1716E-1211N_6864_3345_13,/kaggle/input/datasets/amerii/spacenet-7-multitemporal-urban-development/SN7_buildings_train/train/L15-1716E-1211N_6864_3345_13/images/global_monthly_2018_01_mosaic_L15-1716E-1211N_6864_3345_13.tif,/kaggle/input/datasets/amerii/spacenet-7-multitemporal-urban-development/SN7_buildings_train/train/L15-1716E-1211N_6864_3345_13/images_masked/global_monthly_2020_01_mosaic_L15-1716E-1211N_6864_3345_13.tif,0,448,16.89263916015625,0,No Urban Expansion
/kaggle/working/spacenet7_urban_expansion_outputs/processed_difference_patches/L15_1749E_1266N_6997_3126_13_0012_224_448.png,L15-1749E-1266N_6997_3126_13,/kaggle/input/datasets/amerii/spacenet-7-multitemporal-urban-development/SN7_buildings_test_public/test_public/L15-1749E-1266N_6997_3126_13/images_masked/global_monthly_2018_02_mosaic_L15-1749E-1266N_6997_3126_13.tif,/kaggle/input/datasets/amerii/spacenet-7-multitemporal-urban-development/SN7_buildings_test_public/test_public/L15-1749E-1266N_6997_3126_13/images_masked/global_monthly_2019_10_mosaic_L15-1749E-1266N_6997_3126_13.tif,224,448,45.26770782470703,1,Urban Expansion
/kaggle/working/spacenet7_urban_expansion_outputs/processed_difference_patches/L15_1172E_1306N_4688_2967_13_0011_672_0.png,L15-1172E-1306N_4688_2967_13,/kaggle/input/datasets/amerii/spacenet-7-multitemporal-urban-development/SN7_buildings_train/train/L15-1172E-1306N_4688_2967_13/images/global_monthly_2018_01_mosaic_L15-1172E-1306N_4688_2967_13.tif,/kaggle/input/datasets/amerii/spacenet-7-multitemporal-urban-development/SN7_buildings_train/train/L15-1172E-1306N_4688_2967_13/images_masked/global_monthly_2020_01_mosaic_L15-1172E-1306N_4688_2967_13.tif,672,0,11.005655288696289,0,No Urban Expansion
/kaggle/working/spacenet7_urban_expansion_outputs/processed_difference_patches/L15_0331E_1257N_1327_3160_13_0004_448_672.png,L15-0331E-1257N_1327_3160_13,/kaggle/input/datasets/amerii/spacenet-7-multitemporal-urban-development/SN7_buildings_train/train/L15-0331E-1257N_1327_3160_13/images/global_monthly_2018_01_mosaic_L15-0331E-1257N_1327_3160_13.tif,/kaggle/input/datasets/amerii/spacenet-7-multitemporal-urban-development/SN7_buildings_train/train/L15-0331E-1257N_1327_3160_13/images_masked/global_monthly_2020_01_mosaic_L15-0331E-1257N_1327_3160_13.tif,448,672,16.529924392700195,0,No Urban Expansion
/kaggle/working/spacenet7_urban_expansion_outputs/processed_difference_patches/L15_1666E_1189N_6665_3433_13_0002_448_672.png,L15-1666E-1189N_6665_3433_13,/kaggle/input/datasets/amerii/spacenet-7-multitemporal-urban-development/SN7_buildings_test_public/test_public/L15-1666E-1189N_6665_3433_13/images_masked/global_monthly_2018_01_mosaic_L15-1666E-1189N_6665_3433_13.tif,/kaggle/input/datasets/amerii/spacenet-7-multitemporal-urban-development/SN7_buildings_test_public/test_public/L15-1666E-1189N_6665_3433_13/images_masked/global_monthly_2020_01_mosaic_L15-1666E-1189N_6665_3433_13.tif,448,672,16.727081298828125,0,No Urban Expansion
/kaggle/working/spacenet7_urban_expansion_outputs/processed_difference_patches/L15_1276E_1107N_5105_3761_13_0012_672_0.png,L15-1276E-1107N_5105_3761_13,/kaggle/input/datasets/amerii/spacenet-7-multitemporal-urban-development/SN7_buildings_train/train/L15-1276E-1107N_5105_3761_13/images/global_monthly_2018_01_mosaic_L15-1276E-1107N_5105_3761_13.tif,/kaggle/input/datasets/amerii/spacenet-7-multitemporal-urban-development/SN7_buildings_train/train/L15-1276E-1107N_5105_3761_13/images_masked/global_monthly_2020_01_mosaic_L15-1276E-1107N_5105_3761_13.tif,672,0,18.388824462890625,0,No Urban Expansion
/kaggle/working/spacenet7_urban_expansion_outputs/processed_difference_patches/L15_0683E_1006N_2732_4164_13_0006_0_672.png,L15-0683E-1006N_2732_4164_13,/kaggle/input/datasets/amerii/spacenet-7-multitemporal-urban-development/SN7_buildings_train/train/L15-0683E-1006N_2732_4164_13/images/global_monthly_2018_01_mosaic_L15-0683E-1006N_2732_4164_13.tif,/kaggle/input/datasets/amerii/spacenet-7-multitemporal-urban-development/SN7_buildings_train/train/L15-0683E-1006N_2732_4164_13/images_masked/global_monthly_2020_01_mosaic_L15-0683E-1006N_2732_4164_13.tif,0,672,38.908103942871094,1,Urban Expansion
/kaggle/working/spacenet7_urban_expansion_outputs/processed_difference_patches/L15_0361E_1300N_1446_2989_13_0003_0_672.png,L15-0361E-1300N_1446_2989_13,/kaggle/input/datasets/amerii/spacenet-7-multitemporal-urban-development/SN7_buildings_train/train/L15-0361E-1300N_1446_2989_13/images/global_monthly_2018_01_mosaic_L15-0361E-1300N_1446_2989_13.tif,/kaggle/input/datasets/amerii/spacenet-7-multitemporal-urban-development/SN7_buildings_train/train/L15-0361E-1300N_1446_2989_13/images_masked/global_monthly_2020_01_mosaic_L15-0361E-1300N_1446_2989_13.tif,0,672,8.431461334228516,0,No Urban Expansion
/kaggle/working/spacenet7_urban_expansion_outputs/processed_difference_patches/L15_1296E_1198N_5184_3399_13_0014_448_224.png,L15-1296E-1198N_5184_3399_13,/kaggle/input/datasets/amerii/spacenet-7-multitemporal-urban-development/SN7_buildings_train/train/L15-1296E-1198N_5184_3399_13/images/global_monthly_2018_01_mosaic_L15-1296E-1198N_5184_3399_13.tif,/kaggle/input/datasets/amerii/spacenet-7-multitemporal-urban-development/SN7_buildings_train/train/L15-1296E-1198N_5184_3399_13/images_masked/global_monthly_2020_01_mosaic_L15-1296E-1198N_5184_3399_13.tif,448,224,13.470897674560547,0,No Urban Expansion
/kaggle/working/spacenet7_urban_expansion_outputs/processed_difference_patches/L15_0391E_1219N_1567_3314_13_0003_448_448.png,L15-0391E-1219N_1567_3314_13,/kaggle/input/datasets/amerii/spacenet-7-multitemporal-urban-development/SN7_buildings_test_public/test_public/L15-0391E-1219N_1567_3314_13/images_masked/global_monthly_2018_01_mosaic_L15-0391E-1219N_1567_3314_13.tif,/kaggle/input/datasets/amerii/spacenet-7-multitemporal-urban-development/SN7_buildings_test_public/test_public/L15-0391E-1219N_1567_3314_13/images_masked/global_monthly_2020_01_mosaic_L15-0391E-1219N_1567_3314_13.tif,448,448,34.650848388671875,1,Urban Expansion
/kaggle/working/spacenet7_urban_expansion_outputs/processed_difference_patches/L15_1276E_1107N_5105_3761_13_0008_0_672.png,L15-1276E-1107N_5105_3761_13,/kaggle/input/datasets/amerii/spacenet-7-multitemporal-urban-development/SN7_buildings_train/train/L15-1276E-1107N_5105_3761_13/images/global_monthly_2018_01_mosaic_L15-1276E-1107N_5105_3761_13.tif,/kaggle/input/datasets/amerii/spacenet-7-multitemporal-urban-development/SN7_buildings_train/train/L15-1276E-1107N_5105_3761_13/images_masked/global_monthly_2020_01_mosaic_L15-1276E-1107N_5105_3761_13.tif,0,672,10.591582298278809,0,No Urban Expansion
/kaggle/working/spacenet7_urban_expansion_outputs/processed_difference_patches/L15_1281E_1035N_5125_4049_13_0007_0_448.png,L15-1281E-1035N_5125_4049_13,/kaggle/input/datasets/amerii/spacenet-7-multitemporal-urban-development/SN7_buildings_test_public/test_public/L15-1281E-1035N_5125_4049_13/images_masked/global_monthly_2018_01_mosaic_L15-1281E-1035N_5125_4049_13.tif,/kaggle/input/datasets/amerii/spacenet-7-multitemporal-urban-development/SN7_buildings_test_public/test_public/L15-1281E-1035N_5125_4049_13/images_masked/global_monthly_2020_01_mosaic_L15-1281E-1035N_5125_4049_13.tif,0,448,17.63100814819336,0,No Urban Expansion
/kaggle/working/spacenet7_urban_expansion_outputs/processed_difference_patches/L15_1335E_1166N_5342_3524_13_0008_448_448.png,L15-1335E-1166N_5342_3524_13,/kaggle/input/datasets/amerii/spacenet-7-multitemporal-urban-development/SN7_buildings_train/train/L15-1335E-1166N_5342_3524_13/images/global_monthly_2018_01_mosaic_L15-1335E-1166N_5342_3524_13.tif,/kaggle/input/datasets/amerii/spacenet-7-multitemporal-urban-development/SN7_buildings_train/train/L15-1335E-1166N_5342_3524_13/images_masked/global_monthly_2020_01_mosaic_L15-1335E-1166N_5342_3524_13.tif,448,448,16.962278366088867,0,No Urban Expansion
/kaggle/working/spacenet7_urban_expansion_outputs/processed_difference_patches/L15_0614E_0946N_2459_4406_13_0011_672_224.png,L15-0614E-0946N_2459_4406_13,/kaggle/input/datasets/amerii/spacenet-7-multitemporal-urban-development/SN7_buildings_train/train/L15-0614E-0946N_2459_4406_13/images/global_monthly_2018_03_mosaic_L15-0614E-0946N_2459_4406_13.tif,/kaggle/input/datasets/amerii/spacenet-7-multitemporal-urban-development/SN7_buildings_train/train/L15-0614E-0946N_2459_4406_13/images_masked/global_monthly_2020_01_mosaic_L15-0614E-0946N_2459_4406_13.tif,672,224,48.17503356933594,1,Urban Expansion
/kaggle/working/spacenet7_urban_expansion_outputs/processed_difference_patches/L15_1749E_1266N_6997_3126_13_0002_0_448.png,L15-1749E-1266N_6997_3126_13,/kaggle/input/datasets/amerii/spacenet-7-multitemporal-urban-development/SN7_buildings_test_public/test_public/L15-1749E-1266N_6997_3126_13/images_masked/global_monthly_2018_02_mosaic_L15-1749E-1266N_6997_3126_13.tif,/kaggle/input/datasets/amerii/spacenet-7-multitemporal-urban-development/SN7_buildings_test_public/test_public/L15-1749E-1266N_6997_3126_13/images_masked/global_monthly_2019_10_mosaic_L15-1749E-1266N_6997_3126_13.tif,0,448,35.77827072143555,1,Urban Expansion
/kaggle/working/spacenet7_urban_expansion_outputs/processed_difference_patches/L15_1204E_1202N_4816_3380_13_0007_672_0.png,L15-1204E-1202N_4816_3380_13,/kaggle/input/datasets/amerii/spacenet-7-multitemporal-urban-development/SN7_buildings_train/train/L15-1204E-1202N_4816_3380_13/images/global_monthly_2017_07_mosaic_L15-1204E-1202N_4816_3380_13.tif,/kaggle/input/datasets/amerii/spacenet-7-multitemporal-urban-development/SN7_buildings_train/train/L15-1204E-1202N_4816_3380_13/images_masked/global_monthly_2019_09_mosaic_L15-1204E-1202N_4816_3380_13.tif,672,0,41.76142501831055,1,Urban Expansion
/kaggle/working/spacenet7_urban_expansion_outputs/processed_difference_patches/L15_0387E_1276N_1549_3087_13_0005_0_672.png,L15-0387E-1276N_1549_3087_13,/kaggle/input/datasets/amerii/spacenet-7-multitemporal-urban-development/SN7_buildings_train/train/L15-0387E-1276N_1549_3087_13/images/global_monthly_2018_01_mosaic_L15-0387E-1276N_1549_3087_13.tif,/kaggle/input/datasets/amerii/spacenet-7-multitemporal-urban-development/SN7_buildings_train/train/L15-0387E-1276N_1549_3087_13/images_masked/global_monthly_2019_12_mosaic_L15-0387E-1276N_1549_3087_13.tif,0,672,59.5034065246582,1,Urban Expansion
/kaggle/working/spacenet7_urban_expansion_outputs/processed_difference_patches/L15_1031E_1300N_4127_2991_13_0000_224_224.png,L15-1031E-1300N_4127_2991_13,/kaggle/input/datasets/amerii/spacenet-7-multitemporal-urban-development/SN7_buildings_test_public/test_public/L15-1031E-1300N_4127_2991_13/images_masked/global_monthly_2018_01_mosaic_L15-1031E-1300N_4127_2991_13.tif,/kaggle/input/datasets/amerii/spacenet-7-multitemporal-urban-development/SN7_buildings_test_public/test_public/L15-1031E-1300N_4127_2991_13/images_masked/global_monthly_2020_01_mosaic_L15-1031E-1300N_4127_2991_13.tif,224,224,16.114505767822266,0,No Urban Expansion
/kaggle/working/spacenet7_urban_expansion_outputs/processed_difference_patches/L15_0614E_0946N_2459_4406_13_0002_0_672.png,L15-0614E-0946N_2459_4406_13,/kaggle/input/datasets/amerii/spacenet-7-multitemporal-urban-development/SN7_buildings_train/train/L15-0614E-0946N_2459_4406_13/images/global_monthly_2018_03_mosaic_L15-0614E-0946N_2459_4406_13.tif,/kaggle/input/datasets/amerii/spacenet-7-multitemporal-urban-development/SN7_buildings_train/train/L15-0614E-0946N_2459_4406_13/images_masked/global_monthly_2020_01_mosaic_L15-0614E-0946N_2459_4406_13.tif,0,672,35.359642028808594,1,Urban Expansion
/kaggle/working/spacenet7_urban_expansion_outputs/processed_difference_patches/L15_1479E_1101N_5916_3785_13_0006_672_0.png,L15-1479E-1101N_5916_3785_13,/kaggle/input/datasets/amerii/spacenet-7-multitemporal-urban-development/SN7_buildings_train/train/L15-1479E-1101N_5916_3785_13/images/global_monthly_2018_01_mosaic_L15-1479E-1101N_5916_3785_13.tif,/kaggle/input/datasets/amerii/spacenet-7-multitemporal-urban-development/SN7_buildings_train/train/L15-1479E-1101N_5916_3785_13/images_masked/global_monthly_2020_01_mosaic_L15-1479E-1101N_5916_3785_13.tif,672,0,17.10922622680664,0,No Urban Expansion
/kaggle/working/spacenet7_urban_expansion_outputs/processed_difference_patches/L15_1276E_1107N_5105_3761_13_0011_224_672.png,L15-1276E-1107N_5105_3761_13,/kaggle/input/datasets/amerii/spacenet-7-multitemporal-urban-development/SN7_buildings_train/train/L15-1276E-1107N_5105_3761_13/images/global_monthly_2018_01_mosaic_L15-1276E-1107N_5105_3761_13.tif,/kaggle/input/datasets/amerii/spacenet-7-multitemporal-urban-development/SN7_buildings_train/train/L15-1276E-1107N_5105_3761_13/images_masked/global_monthly_2020_01_mosaic_L15-1276E-1107N_5105_3761_13.tif,224,672,12.130610466003418,0,No Urban Expansion
/kaggle/working/spacenet7_urban_expansion_outputs/processed_difference_patches/L15_1669E_1160N_6678_3548_13_0003_0_448.png,L15-1669E-1160N_6678_3548_13,/kaggle/input/datasets/amerii/spacenet-7-multitemporal-urban-development/SN7_buildings_train/train/L15-1669E-1160N_6678_3548_13/images/global_monthly_2017_07_mosaic_L15-1669E-1160N_6678_3548_13.tif,/kaggle/input/datasets/amerii/spacenet-7-multitemporal-urban-development/SN7_buildings_train/train/L15-1669E-1160N_6678_3548_13/images_masked/global_monthly_2019_09_mosaic_L15-1669E-1160N_6678_3548_13.tif,0,448,34.13843536376953,1,Urban Expansion
/kaggle/working/spacenet7_urban_expansion_outputs/processed_difference_patches/L15_1249E_1167N_4999_3521_13_0007_672_0.png,L15-1249E-1167N_4999_3521_13,/kaggle/input/datasets/amerii/spacenet-7-multitemporal-urban-development/SN7_buildings_test_public/test_public/L15-1249E-1167N_4999_3521_13/images_masked/global_monthly_2018_01_mosaic_L15-1249E-1167N_4999_3521_13.tif,/kaggle/input/datasets/amerii/spacenet-7-multitemporal-urban-development/SN7_buildings_test_public/test_public/L15-1249E-1167N_4999_3521_13/images_masked/global_monthly_2020_01_mosaic_L15-1249E-1167N_4999_3521_13.tif,672,0,31.591060638427734,1,Urban Expansion
/kaggle/working/spacenet7_urban_expansion_outputs/processed_difference_patches/L15_0387E_1276N_1549_3087_13_0009_224_672.png,L15-0387E-1276N_1549_3087_13,/kaggle/input/datasets/amerii/spacenet-7-multitemporal-urban-development/SN7_buildings_train/train/L15-0387E-1276N_1549_3087_13/images/global_monthly_2018_01_mosaic_L15-0387E-1276N_1549_3087_13.tif,/kaggle/input/datasets/amerii/spacenet-7-multitemporal-urban-development/SN7_buildings_train/train/L15-0387E-1276N_1549_3087_13/images_masked/global_monthly_2019_12_mosaic_L15-0387E-1276N_1549_3087_13.tif,224,672,53.242767333984375,1,Urban Expansion
/kaggle/working/spacenet7_urban_expansion_outputs/processed_difference_patches/L15_0632E_0892N_2528_4620_13_0003_448_0.png,L15-0632E-0892N_2528_4620_13,/kaggle/input/datasets/amerii/spacenet-7-multitemporal-urban-development/SN7_buildings_train/train/L15-0632E-0892N_2528_4620_13/images/global_monthly_2018_01_mosaic_L15-0632E-0892N_2528_4620_13.tif,/kaggle/input/datasets/amerii/spacenet-7-multitemporal-urban-development/SN7_buildings_train/train/L15-0632E-0892N_2528_4620_13/images_masked/global_monthly_2020_01_mosaic_L15-0632E-0892N_2528_4620_13.tif,448,0,13.888333320617676,0,No Urban Expansion
/kaggle/working/spacenet7_urban_expansion_outputs/processed_difference_patches/L15_1335E_1166N_5342_3524_13_0004_672_224.png,L15-1335E-1166N_5342_3524_13,/kaggle/input/datasets/amerii/spacenet-7-multitemporal-urban-development/SN7_buildings_train/train/L15-1335E-1166N_5342_3524_13/images/global_monthly_2018_01_mosaic_L15-1335E-1166N_5342_3524_13.tif,/kaggle/input/datasets/amerii/spacenet-7-multitemporal-urban-development/SN7_buildings_train/train/L15-1335E-1166N_5342_3524_13/images_masked/global_monthly_2020_01_mosaic_L15-1335E-1166N_5342_3524_13.tif,672,224,6.235914707183838,0,No Urban Expansion
/kaggle/working/spacenet7_urban_expansion_outputs/processed_difference_patches/L15_1749E_1266N_6997_3126_13_0004_224_0.png,L15-1749E-1266N_6997_3126_13,/kaggle/input/datasets/amerii/spacenet-7-multitemporal-urban-development/SN7_buildings_test_public/test_public/L15-1749E-1266N_6997_3126_13/images_masked/global_monthly_2018_02_mosaic_L15-1749E-1266N_6997_3126_13.tif,/kaggle/input/datasets/amerii/spacenet-7-multitemporal-urban-development/SN7_buildings_test_public/test_public/L15-1749E-1266N_6997_3126_13/images_masked/global_monthly_2019_10_mosaic_L15-1749E-1266N_6997_3126_13.tif,224,0,33.35417938232422,1,Urban Expansion
/kaggle/working/spacenet7_urban_expansion_outputs/processed_difference_patches/L15_1672E_1207N_6691_3363_13_0002_224_224.png,L15-1672E-1207N_6691_3363_13,/kaggle/input/datasets/amerii/spacenet-7-multitemporal-urban-development/SN7_buildings_train/train/L15-1672E-1207N_6691_3363_13/images/global_monthly_2018_01_mosaic_L15-1672E-1207N_6691_3363_13.tif,/kaggle/input/datasets/amerii/spacenet-7-multitemporal-urban-development/SN7_buildings_train/train/L15-1672E-1207N_6691_3363_13/images_masked/global_monthly_2020_01_mosaic_L15-1672E-1207N_6691_3363_13.tif,224,224,19.900665283203125,0,No Urban Expansion
/kaggle/working/spacenet7_urban_expansion_outputs/processed_difference_patches/L15_1203E_1203N_4815_3379_13_0005_224_0.png,L15-1203E-1203N_4815_3379_13,/kaggle/input/datasets/amerii/spacenet-7-multitemporal-urban-development/SN7_buildings_test_public/test_public/L15-1203E-1203N_4815_3379_13/images_masked/global_monthly_2017_07_mosaic_L15-1203E-1203N_4815_3379_13.tif,/kaggle/input/datasets/amerii/spacenet-7-multitemporal-urban-development/SN7_buildings_test_public/test_public/L15-1203E-1203N_4815_3379_13/images_masked/global_monthly_2019_09_mosaic_L15-1203E-1203N_4815_3379_13.tif,224,0,31.056629180908203,1,Urban Expansion
/kaggle/working/spacenet7_urban_expansion_outputs/processed_difference_patches/L15_0544E_1228N_2176_3279_13_0007_224_224.png,L15-0544E-1228N_2176_3279_13,/kaggle/input/datasets/amerii/spacenet-7-multitemporal-urban-development/SN7_buildings_train/train/L15-0544E-1228N_2176_3279_13/images/global_monthly_2018_01_mosaic_L15-0544E-1228N_2176_3279_13.tif,/kaggle/input/datasets/amerii/spacenet-7-multitemporal-urban-development/SN7_buildings_train/train/L15-0544E-1228N_2176_3279_13/images_masked/global_monthly_2019_12_mosaic_L15-0544E-1228N_2176_3279_13.tif,224,224,35.44981384277344,1,Urban Expansion
/kaggle/working/spacenet7_urban_expansion_outputs/processed_difference_patches/L15_1669E_1160N_6679_3549_13_0008_672_448.png,L15-1669E-1160N_6679_3549_13,/kaggle/input/datasets/amerii/spacenet-7-multitemporal-urban-development/SN7_buildings_train/train/L15-1669E-1160N_6679_3549_13/images/global_monthly_2017_07_mosaic_L15-1669E-1160N_6679_3549_13.tif,/kaggle/input/datasets/amerii/spacenet-7-multitemporal-urban-development/SN7_buildings_train/train/L15-1669E-1160N_6679_3549_13/images_masked/global_monthly_2019_09_mosaic_L15-1669E-1160N_6679_3549_13.tif,672,448,36.59477233886719,1,Urban Expansion
/kaggle/working/spacenet7_urban_expansion_outputs/processed_difference_patches/L15_1630E_0988N_6522_4239_13_0014_448_0.png,L15-1630E-0988N_6522_4239_13,/kaggle/input/datasets/amerii/spacenet-7-multitemporal-urban-development/SN7_buildings_test_public/test_public/L15-1630E-0988N_6522_4239_13/images_masked/global_monthly_2018_01_mosaic_L15-1630E-0988N_6522_4239_13.tif,/kaggle/input/datasets/amerii/spacenet-7-multitemporal-urban-development/SN7_buildings_test_public/test_public/L15-1630E-0988N_6522_4239_13/images_masked/global_monthly_2020_01_mosaic_L15-1630E-0988N_6522_4239_13.tif,448,0,41.55144500732422,1,Urban Expansion
/kaggle/working/spacenet7_urban_expansion_outputs/processed_difference_patches/L15_1298E_1322N_5193_2903_13_0004_224_448.png,L15-1298E-1322N_5193_2903_13,/kaggle/input/datasets/amerii/spacenet-7-multitemporal-urban-development/SN7_buildings_train/train/L15-1298E-1322N_5193_2903_13/images/global_monthly_2018_01_mosaic_L15-1298E-1322N_5193_2903_13.tif,/kaggle/input/datasets/amerii/spacenet-7-multitemporal-urban-development/SN7_buildings_train/train/L15-1298E-1322N_5193_2903_13/images_masked/global_monthly_2020_01_mosaic_L15-1298E-1322N_5193_2903_13.tif,224,448,11.169179916381836,0,No Urban Expansion
/kaggle/working/spacenet7_urban_expansion_outputs/processed_difference_patches/L15_1210E_1025N_4840_4088_13_0000_0_448.png,L15-1210E-1025N_4840_4088_13,/kaggle/input/datasets/amerii/spacenet-7-multitemporal-urban-development/SN7_buildings_train/train/L15-1210E-1025N_4840_4088_13/images/global_monthly_2018_01_mosaic_L15-1210E-1025N_4840_4088_13.tif,/kaggle/input/datasets/amerii/spacenet-7-multitemporal-urban-development/SN7_buildings_train/train/L15-1210E-1025N_4840_4088_13/images_masked/global_monthly_2020_01_mosaic_L15-1210E-1025N_4840_4088_13.tif,0,448,10.388627052307129,0,No Urban Expansion
/kaggle/working/spacenet7_urban_expansion_outputs/processed_difference_patches/L15_0577E_1243N_2309_3217_13_0002_0_672.png,L15-0577E-1243N_2309_3217_13,/kaggle/input/datasets/amerii/spacenet-7-multitemporal-urban-development/SN7_buildings_train/train/L15-0577E-1243N_2309_3217_13/images/global_monthly_2018_02_mosaic_L15-0577E-1243N_2309_3217_13.tif,/kaggle/input/datasets/amerii/spacenet-7-multitemporal-urban-development/SN7_buildings_train/train/L15-0577E-1243N_2309_3217_13/images_masked/global_monthly_2019_11_mosaic_L15-0577E-1243N_2309_3217_13.tif,0,672,32.27783203125,1,Urban Expansion
/kaggle/working/spacenet7_urban_expansion_outputs/processed_difference_patches/L15_1438E_1134N_5753_3655_13_0014_448_448.png,L15-1438E-1134N_5753_3655_13,/kaggle/input/datasets/amerii/spacenet-7-multitemporal-urban-development/SN7_buildings_train/train/L15-1438E-1134N_5753_3655_13/images/global_monthly_2018_01_mosaic_L15-1438E-1134N_5753_3655_13.tif,/kaggle/input/datasets/amerii/spacenet-7-multitemporal-urban-development/SN7_buildings_train/train/L15-1438E-1134N_5753_3655_13/images_masked/global_monthly_2020_01_mosaic_L15-1438E-1134N_5753_3655_13.tif,448,448,18.222431182861328,0,No Urban Expansion
/kaggle/working/spacenet7_urban_expansion_outputs/processed_difference_patches/L15_1210E_1025N_4840_4088_13_0001_224_0.png,L15-1210E-1025N_4840_4088_13,/kaggle/input/datasets/amerii/spacenet-7-multitemporal-urban-development/SN7_buildings_train/train/L15-1210E-1025N_4840_4088_13/images/global_monthly_2018_01_mosaic_L15-1210E-1025N_4840_4088_13.tif,/kaggle/input/datasets/amerii/spacenet-7-multitemporal-urban-development/SN7_buildings_train/train/L15-1210E-1025N_4840_4088_13/images_masked/global_monthly_2020_01_mosaic_L15-1210E-1025N_4840_4088_13.tif,224,0,18.308887481689453,0,No Urban Expansion
/kaggle/working/spacenet7_urban_expansion_outputs/processed_difference_patches/L15_0391E_1219N_1567_3314_13_0001_672_224.png,L15-0391E-1219N_1567_3314_13,/kaggle/input/datasets/amerii/spacenet-7-multitemporal-urban-development/SN7_buildings_test_public/test_public/L15-0391E-1219N_1567_3314_13/images_masked/global_monthly_2018_01_mosaic_L15-0391E-1219N_1567_3314_13.tif,/kaggle/input/datasets/amerii/spacenet-7-multitemporal-urban-development/SN7_buildings_test_public/test_public/L15-0391E-1219N_1567_3314_13/images_masked/global_monthly_2020_01_mosaic_L15-0391E-1219N_1567_3314_13.tif,672,224,31.573331832885742,1,Urban Expansion
/kaggle/working/spacenet7_urban_expansion_outputs/processed_difference_patches/L15_1298E_1322N_5193_2903_13_0006_448_0.png,L15-1298E-1322N_5193_2903_13,/kaggle/input/datasets/amerii/spacenet-7-multitemporal-urban-development/SN7_buildings_train/train/L15-1298E-1322N_5193_2903_13/images/global_monthly_2018_01_mosaic_L15-1298E-1322N_5193_2903_13.tif,/kaggle/input/datasets/amerii/spacenet-7-multitemporal-urban-development/SN7_buildings_train/train/L15-1298E-1322N_5193_2903_13/images_masked/global_monthly_2020_01_mosaic_L15-1298E-1322N_5193_2903_13.tif,448,0,17.327890396118164,0,No Urban Expansion
/kaggle/working/spacenet7_urban_expansion_outputs/processed_difference_patches/L15_1281E_1035N_5125_4049_13_0015_224_224.png,L15-1281E-1035N_5125_4049_13,/kaggle/input/datasets/amerii/spacenet-7-multitemporal-urban-development/SN7_buildings_test_public/test_public/L15-1281E-1035N_5125_4049_13/images_masked/global_monthly_2018_01_mosaic_L15-1281E-1035N_5125_4049_13.tif,/kaggle/input/datasets/amerii/spacenet-7-multitemporal-urban-development/SN7_buildings_test_public/test_public/L15-1281E-1035N_5125_4049_13/images_masked/global_monthly_2020_01_mosaic_L15-1281E-1035N_5125_4049_13.tif,224,224,18.911251068115234,0,No Urban Expansion
/kaggle/working/spacenet7_urban_expansion_outputs/processed_difference_patches/L15_0977E_1187N_3911_3441_13_0011_0_448.png,L15-0977E-1187N_3911_3441_13,/kaggle/input/datasets/amerii/spacenet-7-multitemporal-urban-development/SN7_buildings_train/train/L15-0977E-1187N_3911_3441_13/images/global_monthly_2018_01_mosaic_L15-0977E-1187N_3911_3441_13.tif,/kaggle/input/datasets/amerii/spacenet-7-multitemporal-urban-development/SN7_buildings_train/train/L15-0977E-1187N_3911_3441_13/images_masked/global_monthly_2020_01_mosaic_L15-0977E-1187N_3911_3441_13.tif,0,448,8.772859573364258,0,No Urban Expansion
/kaggle/working/spacenet7_urban_expansion_outputs/processed_difference_patches/L15_0586E_1127N_2345_3680_13_0011_672_672.png,L15-0586E-1127N_2345_3680_13,/kaggle/input/datasets/amerii/spacenet-7-multitemporal-urban-development/SN7_buildings_train/train/L15-0586E-1127N_2345_3680_13/images/global_monthly_2018_01_mosaic_L15-0586E-1127N_2345_3680_13.tif,/kaggle/input/datasets/amerii/spacenet-7-multitemporal-urban-development/SN7_buildings_train/train/L15-0586E-1127N_2345_3680_13/images_masked/global_monthly_2020_01_mosaic_L15-0586E-1127N_2345_3680_13.tif,672,672,34.727962493896484,1,Urban Expansion
/kaggle/working/spacenet7_urban_expansion_outputs/processed_difference_patches/L15_0487E_1246N_1950_3207_13_0003_672_224.png,L15-0487E-1246N_1950_3207_13,/kaggle/input/datasets/amerii/spacenet-7-multitemporal-urban-development/SN7_buildings_train/train/L15-0487E-1246N_1950_3207_13/images/global_monthly_2018_01_mosaic_L15-0487E-1246N_1950_3207_13.tif,/kaggle/input/datasets/amerii/spacenet-7-multitemporal-urban-development/SN7_buildings_train/train/L15-0487E-1246N_1950_3207_13/images_masked/global_monthly_2020_01_mosaic_L15-0487E-1246N_1950_3207_13.tif,672,224,18.236183166503906,0,No Urban Expansion
/kaggle/working/spacenet7_urban_expansion_outputs/processed_difference_patches/L15_1672E_1207N_6691_3363_13_0001_224_0.png,L15-1672E-1207N_6691_3363_13,/kaggle/input/datasets/amerii/spacenet-7-multitemporal-urban-development/SN7_buildings_train/train/L15-1672E-1207N_6691_3363_13/images/global_monthly_2018_01_mosaic_L15-1672E-1207N_6691_3363_13.tif,/kaggle/input/datasets/amerii/spacenet-7-multitemporal-urban-development/SN7_buildings_train/train/L15-1672E-1207N_6691_3363_13/images_masked/global_monthly_2020_01_mosaic_L15-1672E-1207N_6691_3363_13.tif,224,0,16.10948371887207,0,No Urban Expansion
/kaggle/working/spacenet7_urban_expansion_outputs/processed_difference_patches/L15_0577E_1243N_2309_3217_13_0008_224_0.png,L15-0577E-1243N_2309_3217_13,/kaggle/input/datasets/amerii/spacenet-7-multitemporal-urban-development/SN7_buildings_train/train/L15-0577E-1243N_2309_3217_13/images/global_monthly_2018_02_mosaic_L15-0577E-1243N_2309_3217_13.tif,/kaggle/input/datasets/amerii/spacenet-7-multitemporal-urban-development/SN7_buildings_train/train/L15-0577E-1243N_2309_3217_13/images_masked/global_monthly_2019_11_mosaic_L15-0577E-1243N_2309_3217_13.tif,224,0,32.04362106323242,1,Urban Expansion
/kaggle/working/spacenet7_urban_expansion_outputs/processed_difference_patches/L15_1203E_1203N_4815_3379_13_0008_448_448.png,L15-1203E-1203N_4815_3379_13,/kaggle/input/datasets/amerii/spacenet-7-multitemporal-urban-development/SN7_buildings_test_public/test_public/L15-1203E-1203N_4815_3379_13/images_masked/global_monthly_2017_07_mosaic_L15-1203E-1203N_4815_3379_13.tif,/kaggle/input/datasets/amerii/spacenet-7-multitemporal-urban-development/SN7_buildings_test_public/test_public/L15-1203E-1203N_4815_3379_13/images_masked/global_monthly_2019_09_mosaic_L15-1203E-1203N_4815_3379_13.tif,448,448,34.359527587890625,1,Urban Expansion
/kaggle/working/spacenet7_urban_expansion_outputs/processed_difference_patches/L15_1479E_1101N_5916_3785_13_0005_448_224.png,L15-1479E-1101N_5916_3785_13,/kaggle/input/datasets/amerii/spacenet-7-multitemporal-urban-development/SN7_buildings_train/train/L15-1479E-1101N_5916_3785_13/images/global_monthly_2018_01_mosaic_L15-1479E-1101N_5916_3785_13.tif,/kaggle/input/datasets/amerii/spacenet-7-multitemporal-urban-development/SN7_buildings_train/train/L15-1479E-1101N_5916_3785_13/images_masked/global_monthly_2020_01_mosaic_L15-1479E-1101N_5916_3785_13.tif,448,224,17.918283462524414,0,No Urban Expansion
/kaggle/working/spacenet7_urban_expansion_outputs/processed_difference_patches/L15_1209E_1113N_4838_3737_13_0006_224_0.png,L15-1209E-1113N_4838_3737_13,/kaggle/input/datasets/amerii/spacenet-7-multitemporal-urban-development/SN7_buildings_train/train/L15-1209E-1113N_4838_3737_13/images/global_monthly_2018_01_mosaic_L15-1209E-1113N_4838_3737_13.tif,/kaggle/input/datasets/amerii/spacenet-7-multitemporal-urban-development/SN7_buildings_train/train/L15-1209E-1113N_4838_3737_13/images_masked/global_monthly_2020_01_mosaic_L15-1209E-1113N_4838_3737_13.tif,224,0,19.846256256103516,0,No Urban Expansion
/kaggle/working/spacenet7_urban_expansion_outputs/processed_difference_patches/L15_0391E_1219N_1567_3314_13_0000_224_0.png,L15-0391E-1219N_1567_3314_13,/kaggle/input/datasets/amerii/spacenet-7-multitemporal-urban-development/SN7_buildings_test_public/test_public/L15-0391E-1219N_1567_3314_13/images_masked/global_monthly_2018_01_mosaic_L15-0391E-1219N_1567_3314_13.tif,/kaggle/input/datasets/amerii/spacenet-7-multitemporal-urban-development/SN7_buildings_test_public/test_public/L15-0391E-1219N_1567_3314_13/images_masked/global_monthly_2020_01_mosaic_L15-0391E-1219N_1567_3314_13.tif,224,0,35.05333709716797,1,Urban Expansion
/kaggle/working/spacenet7_urban_expansion_outputs/processed_difference_patches/L15_1630E_0988N_6522_4239_13_0002_0_672.png,L15-1630E-0988N_6522_4239_13,/kaggle/input/datasets/amerii/spacenet-7-multitemporal-urban-development/SN7_buildings_test_public/test_public/L15-1630E-0988N_6522_4239_13/images_masked/global_monthly_2018_01_mosaic_L15-1630E-0988N_6522_4239_13.tif,/kaggle/input/datasets/amerii/spacenet-7-multitemporal-urban-development/SN7_buildings_test_public/test_public/L15-1630E-0988N_6522_4239_13/images_masked/global_monthly_2020_01_mosaic_L15-1630E-0988N_6522_4239_13.tif,0,672,36.605369567871094,1,Urban Expansion
/kaggle/working/spacenet7_urban_expansion_outputs/processed_difference_patches/L15_1298E_1322N_5193_2903_13_0013_672_0.png,L15-1298E-1322N_5193_2903_13,/kaggle/input/datasets/amerii/spacenet-7-multitemporal-urban-development/SN7_buildings_train/train/L15-1298E-1322N_5193_2903_13/images/global_monthly_2018_01_mosaic_L15-1298E-1322N_5193_2903_13.tif,/kaggle/input/datasets/amerii/spacenet-7-multitemporal-urban-development/SN7_buildings_train/train/L15-1298E-1322N_5193_2903_13/images_masked/global_monthly_2020_01_mosaic_L15-1298E-1322N_5193_2903_13.tif,672,0,11.676733016967773,0,No Urban Expansion
/kaggle/working/spacenet7_urban_expansion_outputs/processed_difference_patches/L15_1749E_1266N_6997_3126_13_0010_448_448.png,L15-1749E-1266N_6997_3126_13,/kaggle/input/datasets/amerii/spacenet-7-multitemporal-urban-development/SN7_buildings_test_public/test_public/L15-1749E-1266N_6997_3126_13/images_masked/global_monthly_2018_02_mosaic_L15-1749E-1266N_6997_3126_13.tif,/kaggle/input/datasets/amerii/spacenet-7-multitemporal-urban-development/SN7_buildings_test_public/test_public/L15-1749E-1266N_6997_3126_13/images_masked/global_monthly_2019_10_mosaic_L15-1749E-1266N_6997_3126_13.tif,448,448,44.81658172607422,1,Urban Expansion
/kaggle/working/spacenet7_urban_expansion_outputs/processed_difference_patches/L15_1481E_1119N_5927_3715_13_0008_0_0.png,L15-1481E-1119N_5927_3715_13,/kaggle/input/datasets/amerii/spacenet-7-multitemporal-urban-development/SN7_buildings_train/train/L15-1481E-1119N_5927_3715_13/images/global_monthly_2018_01_mosaic_L15-1481E-1119N_5927_3715_13.tif,/kaggle/input/datasets/amerii/spacenet-7-multitemporal-urban-development/SN7_buildings_train/train/L15-1481E-1119N_5927_3715_13/images_masked/global_monthly_2020_01_mosaic_L15-1481E-1119N_5927_3715_13.tif,0,0,31.831863403320312,1,Urban Expansion
/kaggle/working/spacenet7_urban_expansion_outputs/processed_difference_patches/L15_0683E_1006N_2732_4164_13_0000_224_0.png,L15-0683E-1006N_2732_4164_13,/kaggle/input/datasets/amerii/spacenet-7-multitemporal-urban-development/SN7_buildings_train/train/L15-0683E-1006N_2732_4164_13/images/global_monthly_2018_01_mosaic_L15-0683E-1006N_2732_4164_13.tif,/kaggle/input/datasets/amerii/spacenet-7-multitemporal-urban-development/SN7_buildings_train/train/L15-0683E-1006N_2732_4164_13/images_masked/global_monthly_2020_01_mosaic_L15-0683E-1006N_2732_4164_13.tif,224,0,31.90951156616211,1,Urban Expansion
/kaggle/working/spacenet7_urban_expansion_outputs/processed_difference_patches/L15_1669E_1160N_6679_3549_13_0007_0_224.png,L15-1669E-1160N_6679_3549_13,/kaggle/input/datasets/amerii/spacenet-7-multitemporal-urban-development/SN7_buildings_train/train/L15-1669E-1160N_6679_3549_13/images/global_monthly_2017_07_mosaic_L15-1669E-1160N_6679_3549_13.tif,/kaggle/input/datasets/amerii/spacenet-7-multitemporal-urban-development/SN7_buildings_train/train/L15-1669E-1160N_6679_3549_13/images_masked/global_monthly_2019_09_mosaic_L15-1669E-1160N_6679_3549_13.tif,0,224,35.52180480957031,1,Urban Expansion
/kaggle/working/spacenet7_urban_expansion_outputs/processed_difference_patches/L15_1748E_1247N_6993_3202_13_0004_672_448.png,L15-1748E-1247N_6993_3202_13,/kaggle/input/datasets/amerii/spacenet-7-multitemporal-urban-development/SN7_buildings_train/train/L15-1748E-1247N_6993_3202_13/images/global_monthly_2018_01_mosaic_L15-1748E-1247N_6993_3202_13.tif,/kaggle/input/datasets/amerii/spacenet-7-multitemporal-urban-development/SN7_buildings_train/train/L15-1748E-1247N_6993_3202_13/images_masked/global_monthly_2020_01_mosaic_L15-1748E-1247N_6993_3202_13.tif,672,448,18.129369735717773,0,No Urban Expansion
/kaggle/working/spacenet7_urban_expansion_outputs/processed_difference_patches/L15_1703E_1219N_6813_3313_13_0001_672_0.png,L15-1703E-1219N_6813_3313_13,/kaggle/input/datasets/amerii/spacenet-7-multitemporal-urban-development/SN7_buildings_train/train/L15-1703E-1219N_6813_3313_13/images/global_monthly_2018_01_mosaic_L15-1703E-1219N_6813_3313_13.tif,/kaggle/input/datasets/amerii/spacenet-7-multitemporal-urban-development/SN7_buildings_train/train/L15-1703E-1219N_6813_3313_13/images_masked/global_monthly_2020_01_mosaic_L15-1703E-1219N_6813_3313_13.tif,672,0,19.160110473632812,0,No Urban Expansion
/kaggle/working/spacenet7_urban_expansion_outputs/processed_difference_patches/L15_0571E_1075N_2287_3888_13_0003_0_0.png,L15-0571E-1075N_2287_3888_13,/kaggle/input/datasets/amerii/spacenet-7-multitemporal-urban-development/SN7_buildings_train/train/L15-0571E-1075N_2287_3888_13/images/global_monthly_2018_01_mosaic_L15-0571E-1075N_2287_3888_13.tif,/kaggle/input/datasets/amerii/spacenet-7-multitemporal-urban-development/SN7_buildings_train/train/L15-0571E-1075N_2287_3888_13/images_masked/global_monthly_2020_01_mosaic_L15-0571E-1075N_2287_3888_13.tif,0,0,67.63473510742188,1,Urban Expansion
/kaggle/working/spacenet7_urban_expansion_outputs/processed_difference_patches/L15_1749E_1266N_6997_3126_13_0007_448_672.png,L15-1749E-1266N_6997_3126_13,/kaggle/input/datasets/amerii/spacenet-7-multitemporal-urban-development/SN7_buildings_test_public/test_public/L15-1749E-1266N_6997_3126_13/images_masked/global_monthly_2018_02_mosaic_L15-1749E-1266N_6997_3126_13.tif,/kaggle/input/datasets/amerii/spacenet-7-multitemporal-urban-development/SN7_buildings_test_public/test_public/L15-1749E-1266N_6997_3126_13/images_masked/global_monthly_2019_10_mosaic_L15-1749E-1266N_6997_3126_13.tif,448,672,54.68519973754883,1,Urban Expansion
/kaggle/working/spacenet7_urban_expansion_outputs/processed_difference_patches/L15_1479E_1101N_5916_3785_13_0004_224_672.png,L15-1479E-1101N_5916_3785_13,/kaggle/input/datasets/amerii/spacenet-7-multitemporal-urban-development/SN7_buildings_train/train/L15-1479E-1101N_5916_3785_13/images/global_monthly_2018_01_mosaic_L15-1479E-1101N_5916_3785_13.tif,/kaggle/input/datasets/amerii/spacenet-7-multitemporal-urban-development/SN7_buildings_train/train/L15-1479E-1101N_5916_3785_13/images_masked/global_monthly_2020_01_mosaic_L15-1479E-1101N_5916_3785_13.tif,224,672,34.13144302368164,1,Urban Expansion
/kaggle/working/spacenet7_urban_expansion_outputs/processed_difference_patches/L15_1716E_1211N_6864_3345_13_0003_0_672.png,L15-1716E-1211N_6864_3345_13,/kaggle/input/datasets/amerii/spacenet-7-multitemporal-urban-development/SN7_buildings_train/train/L15-1716E-1211N_6864_3345_13/images/global_monthly_2018_01_mosaic_L15-1716E-1211N_6864_3345_13.tif,/kaggle/input/datasets/amerii/spacenet-7-multitemporal-urban-development/SN7_buildings_train/train/L15-1716E-1211N_6864_3345_13/images_masked/global_monthly_2020_01_mosaic_L15-1716E-1211N_6864_3345_13.tif,0,672,18.266094207763672,0,No Urban Expansion
/kaggle/working/spacenet7_urban_expansion_outputs/processed_difference_patches/L15_1031E_1300N_4127_2991_13_0002_672_224.png,L15-1031E-1300N_4127_2991_13,/kaggle/input/datasets/amerii/spacenet-7-multitemporal-urban-development/SN7_buildings_test_public/test_public/L15-1031E-1300N_4127_2991_13/images_masked/global_monthly_2018_01_mosaic_L15-1031E-1300N_4127_2991_13.tif,/kaggle/input/datasets/amerii/spacenet-7-multitemporal-urban-development/SN7_buildings_test_public/test_public/L15-1031E-1300N_4127_2991_13/images_masked/global_monthly_2020_01_mosaic_L15-1031E-1300N_4127_2991_13.tif,672,224,16.35650634765625,0,No Urban Expansion
/kaggle/working/spacenet7_urban_expansion_outputs/processed_difference_patches/L15_1615E_1205N_6460_3370_13_0001_0_672.png,L15-1615E-1205N_6460_3370_13,/kaggle/input/datasets/amerii/spacenet-7-multitemporal-urban-development/SN7_buildings_train/train/L15-1615E-1205N_6460_3370_13/images/global_monthly_2017_07_mosaic_L15-1615E-1205N_6460_3370_13.tif,/kaggle/input/datasets/amerii/spacenet-7-multitemporal-urban-development/SN7_buildings_train/train/L15-1615E-1205N_6460_3370_13/images_masked/global_monthly_2019_09_mosaic_L15-1615E-1205N_6460_3370_13.tif,0,672,35.73157501220703,1,Urban Expansion
/kaggle/working/spacenet7_urban_expansion_outputs/processed_difference_patches/L15_1389E_1284N_5557_3054_13_0007_0_0.png,L15-1389E-1284N_5557_3054_13,/kaggle/input/datasets/amerii/spacenet-7-multitemporal-urban-development/SN7_buildings_train/train/L15-1389E-1284N_5557_3054_13/images/global_monthly_2018_02_mosaic_L15-1389E-1284N_5557_3054_13.tif,/kaggle/input/datasets/amerii/spacenet-7-multitemporal-urban-development/SN7_buildings_train/train/L15-1389E-1284N_5557_3054_13/images_masked/global_monthly_2020_01_mosaic_L15-1389E-1284N_5557_3054_13.tif,0,0,35.273887634277344,1,Urban Expansion
/kaggle/working/spacenet7_urban_expansion_outputs/processed_difference_patches/L15_1666E_1189N_6665_3433_13_0014_672_448.png,L15-1666E-1189N_6665_3433_13,/kaggle/input/datasets/amerii/spacenet-7-multitemporal-urban-development/SN7_buildings_test_public/test_public/L15-1666E-1189N_6665_3433_13/images_masked/global_monthly_2018_01_mosaic_L15-1666E-1189N_6665_3433_13.tif,/kaggle/input/datasets/amerii/spacenet-7-multitemporal-urban-development/SN7_buildings_test_public/test_public/L15-1666E-1189N_6665_3433_13/images_masked/global_monthly_2020_01_mosaic_L15-1666E-1189N_6665_3433_13.tif,672,448,19.93094825744629,0,No Urban Expansion
/kaggle/working/spacenet7_urban_expansion_outputs/processed_difference_patches/L15_1669E_1160N_6679_3549_13_0009_672_672.png,L15-1669E-1160N_6679_3549_13,/kaggle/input/datasets/amerii/spacenet-7-multitemporal-urban-development/SN7_buildings_train/train/L15-1669E-1160N_6679_3549_13/images/global_monthly_2017_07_mosaic_L15-1669E-1160N_6679_3549_13.tif,/kaggle/input/datasets/amerii/spacenet-7-multitemporal-urban-development/SN7_buildings_train/train/L15-1669E-1160N_6679_3549_13/images_masked/global_monthly_2019_09_mosaic_L15-1669E-1160N_6679_3549_13.tif,672,672,47.356842041015625,1,Urban Expansion
/kaggle/working/spacenet7_urban_expansion_outputs/processed_difference_patches/L15_0586E_1127N_2345_3680_13_0008_224_448.png,L15-0586E-1127N_2345_3680_13,/kaggle/input/datasets/amerii/spacenet-7-multitemporal-urban-development/SN7_buildings_train/train/L15-0586E-1127N_2345_3680_13/images/global_monthly_2018_01_mosaic_L15-0586E-1127N_2345_3680_13.tif,/kaggle/input/datasets/amerii/spacenet-7-multitemporal-urban-development/SN7_buildings_train/train/L15-0586E-1127N_2345_3680_13/images_masked/global_monthly_2020_01_mosaic_L15-0586E-1127N_2345_3680_13.tif,224,448,44.66543197631836,1,Urban Expansion
/kaggle/working/spacenet7_urban_expansion_outputs/processed_difference_patches/L15_1203E_1203N_4815_3378_13_0004_0_224.png,L15-1203E-1203N_4815_3378_13,/kaggle/input/datasets/amerii/spacenet-7-multitemporal-urban-development/SN7_buildings_train/train/L15-1203E-1203N_4815_3378_13/images/global_monthly_2017_07_mosaic_L15-1203E-1203N_4815_3378_13.tif,/kaggle/input/datasets/amerii/spacenet-7-multitemporal-urban-development/SN7_buildings_train/train/L15-1203E-1203N_4815_3378_13/images_masked/global_monthly_2019_09_mosaic_L15-1203E-1203N_4815_3378_13.tif,0,224,32.39303207397461,1,Urban Expansion
/kaggle/working/spacenet7_urban_expansion_outputs/processed_difference_patches/L15_1690E_1211N_6763_3346_13_0000_224_224.png,L15-1690E-1211N_6763_3346_13,/kaggle/input/datasets/amerii/spacenet-7-multitemporal-urban-development/SN7_buildings_train/train/L15-1690E-1211N_6763_3346_13/images/global_monthly_2017_07_mosaic_L15-1690E-1211N_6763_3346_13.tif,/kaggle/input/datasets/amerii/spacenet-7-multitemporal-urban-development/SN7_buildings_train/train/L15-1690E-1211N_6763_3346_13/images_masked/global_monthly_2019_09_mosaic_L15-1690E-1211N_6763_3346_13.tif,224,224,41.373497009277344,1,Urban Expansion
/kaggle/working/spacenet7_urban_expansion_outputs/processed_difference_patches/L15_1690E_1210N_6762_3348_13_0002_224_672.png,L15-1690E-1210N_6762_3348_13,/kaggle/input/datasets/amerii/spacenet-7-multitemporal-urban-development/SN7_buildings_test_public/test_public/L15-1690E-1210N_6762_3348_13/images_masked/global_monthly_2017_07_mosaic_L15-1690E-1210N_6762_3348_13.tif,/kaggle/input/datasets/amerii/spacenet-7-multitemporal-urban-development/SN7_buildings_test_public/test_public/L15-1690E-1210N_6762_3348_13/images_masked/global_monthly_2019_09_mosaic_L15-1690E-1210N_6762_3348_13.tif,224,672,32.51235580444336,1,Urban Expansion
/kaggle/working/spacenet7_urban_expansion_outputs/processed_difference_patches/L15_0434E_1218N_1736_3318_13_0007_672_224.png,L15-0434E-1218N_1736_3318_13,/kaggle/input/datasets/amerii/spacenet-7-multitemporal-urban-development/SN7_buildings_train/train/L15-0434E-1218N_1736_3318_13/images/global_monthly_2018_01_mosaic_L15-0434E-1218N_1736_3318_13.tif,/kaggle/input/datasets/amerii/spacenet-7-multitemporal-urban-development/SN7_buildings_train/train/L15-0434E-1218N_1736_3318_13/images_masked/global_monthly_2020_01_mosaic_L15-0434E-1218N_1736_3318_13.tif,672,224,14.361448287963867,0,No Urban Expansion
/kaggle/working/spacenet7_urban_expansion_outputs/processed_difference_patches/L15_1172E_1306N_4688_2967_13_0007_224_0.png,L15-1172E-1306N_4688_2967_13,/kaggle/input/datasets/amerii/spacenet-7-multitemporal-urban-development/SN7_buildings_train/train/L15-1172E-1306N_4688_2967_13/images/global_monthly_2018_01_mosaic_L15-1172E-1306N_4688_2967_13.tif,/kaggle/input/datasets/amerii/spacenet-7-multitemporal-urban-development/SN7_buildings_train/train/L15-1172E-1306N_4688_2967_13/images_masked/global_monthly_2020_01_mosaic_L15-1172E-1306N_4688_2967_13.tif,224,0,14.177968978881836,0,No Urban Expansion
/kaggle/working/spacenet7_urban_expansion_outputs/processed_difference_patches/L15_0571E_1302N_2284_2983_13_0002_0_224.png,L15-0571E-1302N_2284_2983_13,/kaggle/input/datasets/amerii/spacenet-7-multitemporal-urban-development/SN7_buildings_test_public/test_public/L15-0571E-1302N_2284_2983_13/images_masked/global_monthly_2018_03_mosaic_L15-0571E-1302N_2284_2983_13.tif,/kaggle/input/datasets/amerii/spacenet-7-multitemporal-urban-development/SN7_buildings_test_public/test_public/L15-0571E-1302N_2284_2983_13/images_masked/global_monthly_2019_11_mosaic_L15-0571E-1302N_2284_2983_13.tif,0,224,47.89484405517578,1,Urban Expansion
/kaggle/working/spacenet7_urban_expansion_outputs/processed_difference_patches/L15_0697E_0874N_2789_4694_13_0001_672_448.png,L15-0697E-0874N_2789_4694_13,/kaggle/input/datasets/amerii/spacenet-7-multitemporal-urban-development/SN7_buildings_test_public/test_public/L15-0697E-0874N_2789_4694_13/images_masked/global_monthly_2018_01_mosaic_L15-0697E-0874N_2789_4694_13.tif,/kaggle/input/datasets/amerii/spacenet-7-multitemporal-urban-development/SN7_buildings_test_public/test_public/L15-0697E-0874N_2789_4694_13/images_masked/global_monthly_2020_01_mosaic_L15-0697E-0874N_2789_4694_13.tif,672,448,15.380037307739258,0,No Urban Expansion
/kaggle/working/spacenet7_urban_expansion_outputs/processed_difference_patches/L15_1546E_1154N_6186_3574_13_0001_672_224.png,L15-1546E-1154N_6186_3574_13,/kaggle/input/datasets/amerii/spacenet-7-multitemporal-urban-development/SN7_buildings_test_public/test_public/L15-1546E-1154N_6186_3574_13/images_masked/global_monthly_2018_01_mosaic_L15-1546E-1154N_6186_3574_13.tif,/kaggle/input/datasets/amerii/spacenet-7-multitemporal-urban-development/SN7_buildings_test_public/test_public/L15-1546E-1154N_6186_3574_13/images_masked/global_monthly_2020_01_mosaic_L15-1546E-1154N_6186_3574_13.tif,672,224,14.285455703735352,0,No Urban Expansion
/kaggle/working/spacenet7_urban_expansion_outputs/processed_difference_patches/L15_0487E_1246N_1950_3207_13_0014_224_672.png,L15-0487E-1246N_1950_3207_13,/kaggle/input/datasets/amerii/spacenet-7-multitemporal-urban-development/SN7_buildings_train/train/L15-0487E-1246N_1950_3207_13/images/global_monthly_2018_01_mosaic_L15-0487E-1246N_1950_3207_13.tif,/kaggle/input/datasets/amerii/spacenet-7-multitemporal-urban-development/SN7_buildings_train/train/L15-0487E-1246N_1950_3207_13/images_masked/global_monthly_2020_01_mosaic_L15-0487E-1246N_1950_3207_13.tif,224,672,16.01374626159668,0,No Urban Expansion
/kaggle/working/spacenet7_urban_expansion_outputs/processed_difference_patches/SN7_buildings_train_0003_0_0.png,SN7_buildings_train,/kaggle/input/datasets/amerii/spacenet-7-multitemporal-urban-development/SN7_buildings_train/train/L15-1669E-1160N_6678_3548_13/UDM_masks/global_monthly_2017_07_mosaic_L15-1669E-1160N_6678_3548_13_UDM.tif,/kaggle/input/datasets/amerii/spacenet-7-multitemporal-urban-development/SN7_buildings_train/train/L15-0571E-1075N_2287_3888_13/UDM_masks/global_monthly_2020_01_mosaic_L15-0571E-1075N_2287_3888_13_UDM.tif,0,0,105.01673889160156,1,Urban Expansion
/kaggle/working/spacenet7_urban_expansion_outputs/processed_difference_patches/SN7_buildings_train_0010_224_224.png,SN7_buildings_train,/kaggle/input/datasets/amerii/spacenet-7-multitemporal-urban-development/SN7_buildings_train/train/L15-1669E-1160N_6678_3548_13/UDM_masks/global_monthly_2017_07_mosaic_L15-1669E-1160N_6678_3548_13_UDM.tif,/kaggle/input/datasets/amerii/spacenet-7-multitemporal-urban-development/SN7_buildings_train/train/L15-0571E-1075N_2287_3888_13/UDM_masks/global_monthly_2020_01_mosaic_L15-0571E-1075N_2287_3888_13_UDM.tif,224,224,57.233463287353516,1,Urban Expansion
/kaggle/working/spacenet7_urban_expansion_outputs/processed_difference_patches/L15_1015E_1062N_4061_3941_13_0006_672_224.png,L15-1015E-1062N_4061_3941_13,/kaggle/input/datasets/amerii/spacenet-7-multitemporal-urban-development/SN7_buildings_train/train/L15-1015E-1062N_4061_3941_13/images/global_monthly_2018_01_mosaic_L15-1015E-1062N_4061_3941_13.tif,/kaggle/input/datasets/amerii/spacenet-7-multitemporal-urban-development/SN7_buildings_train/train/L15-1015E-1062N_4061_3941_13/images_masked/global_monthly_2020_01_mosaic_L15-1015E-1062N_4061_3941_13.tif,672,224,19.688114166259766,0,No Urban Expansion
/kaggle/working/spacenet7_urban_expansion_outputs/processed_difference_patches/L15_0331E_1257N_1327_3160_13_0000_672_224.png,L15-0331E-1257N_1327_3160_13,/kaggle/input/datasets/amerii/spacenet-7-multitemporal-urban-development/SN7_buildings_train/train/L15-0331E-1257N_1327_3160_13/images/global_monthly_2018_01_mosaic_L15-0331E-1257N_1327_3160_13.tif,/kaggle/input/datasets/amerii/spacenet-7-multitemporal-urban-development/SN7_buildings_train/train/L15-0331E-1257N_1327_3160_13/images_masked/global_monthly_2020_01_mosaic_L15-0331E-1257N_1327_3160_13.tif,672,224,11.85916519165039,0,No Urban Expansion
/kaggle/working/spacenet7_urban_expansion_outputs/processed_difference_patches/L15_0368E_1245N_1474_3210_13_0014_224_672.png,L15-0368E-1245N_1474_3210_13,/kaggle/input/datasets/amerii/spacenet-7-multitemporal-urban-development/SN7_buildings_train/train/L15-0368E-1245N_1474_3210_13/images/global_monthly_2018_01_mosaic_L15-0368E-1245N_1474_3210_13.tif,/kaggle/input/datasets/amerii/spacenet-7-multitemporal-urban-development/SN7_buildings_train/train/L15-0368E-1245N_1474_3210_13/images_masked/global_monthly_2020_01_mosaic_L15-0368E-1245N_1474_3210_13.tif,224,672,19.985910415649414,0,No Urban Expansion
/kaggle/working/spacenet7_urban_expansion_outputs/processed_difference_patches/L15_0571E_1302N_2284_2983_13_0007_224_672.png,L15-0571E-1302N_2284_2983_13,/kaggle/input/datasets/amerii/spacenet-7-multitemporal-urban-development/SN7_buildings_test_public/test_public/L15-0571E-1302N_2284_2983_13/images_masked/global_monthly_2018_03_mosaic_L15-0571E-1302N_2284_2983_13.tif,/kaggle/input/datasets/amerii/spacenet-7-multitemporal-urban-development/SN7_buildings_test_public/test_public/L15-0571E-1302N_2284_2983_13/images_masked/global_monthly_2019_11_mosaic_L15-0571E-1302N_2284_2983_13.tif,224,672,45.10869598388672,1,Urban Expansion
/kaggle/working/spacenet7_urban_expansion_outputs/processed_difference_patches/L15_1481E_1119N_5927_3715_13_0004_448_448.png,L15-1481E-1119N_5927_3715_13,/kaggle/input/datasets/amerii/spacenet-7-multitemporal-urban-development/SN7_buildings_train/train/L15-1481E-1119N_5927_3715_13/images/global_monthly_2018_01_mosaic_L15-1481E-1119N_5927_3715_13.tif,/kaggle/input/datasets/amerii/spacenet-7-multitemporal-urban-development/SN7_buildings_train/train/L15-1481E-1119N_5927_3715_13/images_masked/global_monthly_2020_01_mosaic_L15-1481E-1119N_5927_3715_13.tif,448,448,19.056570053100586,0,No Urban Expansion
/kaggle/working/spacenet7_urban_expansion_outputs/processed_difference_patches/L15_0391E_1219N_1567_3314_13_0009_224_224.png,L15-0391E-1219N_1567_3314_13,/kaggle/input/datasets/amerii/spacenet-7-multitemporal-urban-development/SN7_buildings_test_public/test_public/L15-0391E-1219N_1567_3314_13/images_masked/global_monthly_2018_01_mosaic_L15-0391E-1219N_1567_3314_13.tif,/kaggle/input/datasets/amerii/spacenet-7-multitemporal-urban-development/SN7_buildings_test_public/test_public/L15-0391E-1219N_1567_3314_13/images_masked/global_monthly_2020_01_mosaic_L15-0391E-1219N_1567_3314_13.tif,224,224,34.2193603515625,1,Urban Expansion
/kaggle/working/spacenet7_urban_expansion_outputs/processed_difference_patches/L15_1630E_0988N_6522_4239_13_0000_0_224.png,L15-1630E-0988N_6522_4239_13,/kaggle/input/datasets/amerii/spacenet-7-multitemporal-urban-development/SN7_buildings_test_public/test_public/L15-1630E-0988N_6522_4239_13/images_masked/global_monthly_2018_01_mosaic_L15-1630E-0988N_6522_4239_13.tif,/kaggle/input/datasets/amerii/spacenet-7-multitemporal-urban-development/SN7_buildings_test_public/test_public/L15-1630E-0988N_6522_4239_13/images_masked/global_monthly_2020_01_mosaic_L15-1630E-0988N_6522_4239_13.tif,0,224,31.532764434814453,1,Urban Expansion
/kaggle/working/spacenet7_urban_expansion_outputs/processed_difference_patches/L15_0632E_0892N_2528_4620_13_0009_448_448.png,L15-0632E-0892N_2528_4620_13,/kaggle/input/datasets/amerii/spacenet-7-multitemporal-urban-development/SN7_buildings_train/train/L15-0632E-0892N_2528_4620_13/images/global_monthly_2018_01_mosaic_L15-0632E-0892N_2528_4620_13.tif,/kaggle/input/datasets/amerii/spacenet-7-multitemporal-urban-development/SN7_buildings_train/train/L15-0632E-0892N_2528_4620_13/images_masked/global_monthly_2020_01_mosaic_L15-0632E-0892N_2528_4620_13.tif,448,448,13.674570083618164,0,No Urban Expansion
/kaggle/working/spacenet7_urban_expansion_outputs/processed_difference_patches/L15_0571E_1302N_2284_2983_13_0006_224_224.png,L15-0571E-1302N_2284_2983_13,/kaggle/input/datasets/amerii/spacenet-7-multitemporal-urban-development/SN7_buildings_test_public/test_public/L15-0571E-1302N_2284_2983_13/images_masked/global_monthly_2018_03_mosaic_L15-0571E-1302N_2284_2983_13.tif,/kaggle/input/datasets/amerii/spacenet-7-multitemporal-urban-development/SN7_buildings_test_public/test_public/L15-0571E-1302N_2284_2983_13/images_masked/global_monthly_2019_11_mosaic_L15-0571E-1302N_2284_2983_13.tif,224,224,53.424869537353516,1,Urban Expansion
/kaggle/working/spacenet7_urban_expansion_outputs/processed_difference_patches/L15_0358E_1220N_1433_3310_13_0001_672_224.png,L15-0358E-1220N_1433_3310_13,/kaggle/input/datasets/amerii/spacenet-7-multitemporal-urban-development/SN7_buildings_train/train/L15-0358E-1220N_1433_3310_13/images/global_monthly_2018_02_mosaic_L15-0358E-1220N_1433_3310_13.tif,/kaggle/input/datasets/amerii/spacenet-7-multitemporal-urban-development/SN7_buildings_train/train/L15-0358E-1220N_1433_3310_13/images_masked/global_monthly_2020_01_mosaic_L15-0358E-1220N_1433_3310_13.tif,672,224,59.19786071777344,1,Urban Expansion
/kaggle/working/spacenet7_urban_expansion_outputs/processed_difference_patches/L15_1546E_1154N_6186_3574_13_0011_224_672.png,L15-1546E-1154N_6186_3574_13,/kaggle/input/datasets/amerii/spacenet-7-multitemporal-urban-development/SN7_buildings_test_public/test_public/L15-1546E-1154N_6186_3574_13/images_masked/global_monthly_2018_01_mosaic_L15-1546E-1154N_6186_3574_13.tif,/kaggle/input/datasets/amerii/spacenet-7-multitemporal-urban-development/SN7_buildings_test_public/test_public/L15-1546E-1154N_6186_3574_13/images_masked/global_monthly_2020_01_mosaic_L15-1546E-1154N_6186_3574_13.tif,224,672,17.822769165039062,0,No Urban Expansion
/kaggle/working/spacenet7_urban_expansion_outputs/processed_difference_patches/L15_1848E_0793N_7394_5018_13_0015_672_224.png,L15-1848E-0793N_7394_5018_13,/kaggle/input/datasets/amerii/spacenet-7-multitemporal-urban-development/SN7_buildings_train/train/L15-1848E-0793N_7394_5018_13/images/global_monthly_2018_01_mosaic_L15-1848E-0793N_7394_5018_13.tif,/kaggle/input/datasets/amerii/spacenet-7-multitemporal-urban-development/SN7_buildings_train/train/L15-1848E-0793N_7394_5018_13/images_masked/global_monthly_2020_01_mosaic_L15-1848E-0793N_7394_5018_13.tif,672,224,19.885435104370117,0,No Urban Expansion
/kaggle/working/spacenet7_urban_expansion_outputs/processed_difference_patches/L15_0566E_1185N_2265_3451_13_0012_448_448.png,L15-0566E-1185N_2265_3451_13,/kaggle/input/datasets/amerii/spacenet-7-multitemporal-urban-development/SN7_buildings_train/train/L15-0566E-1185N_2265_3451_13/images/global_monthly_2018_01_mosaic_L15-0566E-1185N_2265_3451_13.tif,/kaggle/input/datasets/amerii/spacenet-7-multitemporal-urban-development/SN7_buildings_train/train/L15-0566E-1185N_2265_3451_13/images_masked/global_monthly_2020_01_mosaic_L15-0566E-1185N_2265_3451_13.tif,448,448,8.628393173217773,0,No Urban Expansion
/kaggle/working/spacenet7_urban_expansion_outputs/processed_difference_patches/L15_1691E_1211N_6764_3347_13_0002_0_224.png,L15-1691E-1211N_6764_3347_13,/kaggle/input/datasets/amerii/spacenet-7-multitemporal-urban-development/SN7_buildings_train/train/L15-1691E-1211N_6764_3347_13/images/global_monthly_2017_07_mosaic_L15-1691E-1211N_6764_3347_13.tif,/kaggle/input/datasets/amerii/spacenet-7-multitemporal-urban-development/SN7_buildings_train/train/L15-1691E-1211N_6764_3347_13/images_masked/global_monthly_2019_09_mosaic_L15-1691E-1211N_6764_3347_13.tif,0,224,37.31120300292969,1,Urban Expansion
/kaggle/working/spacenet7_urban_expansion_outputs/processed_difference_patches/L15_1666E_1189N_6665_3433_13_0009_0_448.png,L15-1666E-1189N_6665_3433_13,/kaggle/input/datasets/amerii/spacenet-7-multitemporal-urban-development/SN7_buildings_test_public/test_public/L15-1666E-1189N_6665_3433_13/images_masked/global_monthly_2018_01_mosaic_L15-1666E-1189N_6665_3433_13.tif,/kaggle/input/datasets/amerii/spacenet-7-multitemporal-urban-development/SN7_buildings_test_public/test_public/L15-1666E-1189N_6665_3433_13/images_masked/global_monthly_2020_01_mosaic_L15-1666E-1189N_6665_3433_13.tif,0,448,18.567686080932617,0,No Urban Expansion
/kaggle/working/spacenet7_urban_expansion_outputs/processed_difference_patches/L15_0571E_1075N_2287_3888_13_0011_224_448.png,L15-0571E-1075N_2287_3888_13,/kaggle/input/datasets/amerii/spacenet-7-multitemporal-urban-development/SN7_buildings_train/train/L15-0571E-1075N_2287_3888_13/images/global_monthly_2018_01_mosaic_L15-0571E-1075N_2287_3888_13.tif,/kaggle/input/datasets/amerii/spacenet-7-multitemporal-urban-development/SN7_buildings_train/train/L15-0571E-1075N_2287_3888_13/images_masked/global_monthly_2020_01_mosaic_L15-0571E-1075N_2287_3888_13.tif,224,448,12.95129680633545,0,No Urban Expansion
/kaggle/working/spacenet7_urban_expansion_outputs/processed_difference_patches/L15_0509E_1108N_2037_3758_13_0004_224_0.png,L15-0509E-1108N_2037_3758_13,/kaggle/input/datasets/amerii/spacenet-7-multitemporal-urban-development/SN7_buildings_test_public/test_public/L15-0509E-1108N_2037_3758_13/images_masked/global_monthly_2018_02_mosaic_L15-0509E-1108N_2037_3758_13.tif,/kaggle/input/datasets/amerii/spacenet-7-multitemporal-urban-development/SN7_buildings_test_public/test_public/L15-0509E-1108N_2037_3758_13/images_masked/global_monthly_2020_01_mosaic_L15-0509E-1108N_2037_3758_13.tif,224,0,18.257648468017578,0,No Urban Expansion
/kaggle/working/spacenet7_urban_expansion_outputs/processed_difference_patches/L15_0506E_1204N_2027_3374_13_0012_0_672.png,L15-0506E-1204N_2027_3374_13,/kaggle/input/datasets/amerii/spacenet-7-multitemporal-urban-development/SN7_buildings_train/train/L15-0506E-1204N_2027_3374_13/images/global_monthly_2018_01_mosaic_L15-0506E-1204N_2027_3374_13.tif,/kaggle/input/datasets/amerii/spacenet-7-multitemporal-urban-development/SN7_buildings_train_sample/sample/L15-0506E-1204N_2027_3374_13/images_masked/global_monthly_2019_12_mosaic_L15-0506E-1204N_2027_3374_13.tif,0,672,14.156011581420898,0,No Urban Expansion
/kaggle/working/spacenet7_urban_expansion_outputs/processed_difference_patches/L15_0331E_1257N_1327_3160_13_0009_448_0.png,L15-0331E-1257N_1327_3160_13,/kaggle/input/datasets/amerii/spacenet-7-multitemporal-urban-development/SN7_buildings_train/train/L15-0331E-1257N_1327_3160_13/images/global_monthly_2018_01_mosaic_L15-0331E-1257N_1327_3160_13.tif,/kaggle/input/datasets/amerii/spacenet-7-multitemporal-urban-development/SN7_buildings_train/train/L15-0331E-1257N_1327_3160_13/images_masked/global_monthly_2020_01_mosaic_L15-0331E-1257N_1327_3160_13.tif,448,0,10.499551773071289,0,No Urban Expansion
/kaggle/working/spacenet7_urban_expansion_outputs/processed_difference_patches/L15_0391E_1219N_1567_3314_13_0014_672_448.png,L15-0391E-1219N_1567_3314_13,/kaggle/input/datasets/amerii/spacenet-7-multitemporal-urban-development/SN7_buildings_test_public/test_public/L15-0391E-1219N_1567_3314_13/images_masked/global_monthly_2018_01_mosaic_L15-0391E-1219N_1567_3314_13.tif,/kaggle/input/datasets/amerii/spacenet-7-multitemporal-urban-development/SN7_buildings_test_public/test_public/L15-0391E-1219N_1567_3314_13/images_masked/global_monthly_2020_01_mosaic_L15-0391E-1219N_1567_3314_13.tif,672,448,34.70377731323242,1,Urban Expansion
/kaggle/working/spacenet7_urban_expansion_outputs/processed_difference_patches/L15_1690E_1210N_6762_3348_13_0014_672_672.png,L15-1690E-1210N_6762_3348_13,/kaggle/input/datasets/amerii/spacenet-7-multitemporal-urban-development/SN7_buildings_test_public/test_public/L15-1690E-1210N_6762_3348_13/images_masked/global_monthly_2017_07_mosaic_L15-1690E-1210N_6762_3348_13.tif,/kaggle/input/datasets/amerii/spacenet-7-multitemporal-urban-development/SN7_buildings_test_public/test_public/L15-1690E-1210N_6762_3348_13/images_masked/global_monthly_2019_09_mosaic_L15-1690E-1210N_6762_3348_13.tif,672,672,37.42156982421875,1,Urban Expansion
/kaggle/working/spacenet7_urban_expansion_outputs/processed_difference_patches/L15_1669E_1160N_6679_3549_13_0014_672_0.png,L15-1669E-1160N_6679_3549_13,/kaggle/input/datasets/amerii/spacenet-7-multitemporal-urban-development/SN7_buildings_train/train/L15-1669E-1160N_6679_3549_13/images/global_monthly_2017_07_mosaic_L15-1669E-1160N_6679_3549_13.tif,/kaggle/input/datasets/amerii/spacenet-7-multitemporal-urban-development/SN7_buildings_train/train/L15-1669E-1160N_6679_3549_13/images_masked/global_monthly_2019_09_mosaic_L15-1669E-1160N_6679_3549_13.tif,672,0,32.64909362792969,1,Urban Expansion
/kaggle/working/spacenet7_urban_expansion_outputs/processed_difference_patches/L15_1298E_1322N_5193_2903_13_0003_0_448.png,L15-1298E-1322N_5193_2903_13,/kaggle/input/datasets/amerii/spacenet-7-multitemporal-urban-development/SN7_buildings_train/train/L15-1298E-1322N_5193_2903_13/images/global_monthly_2018_01_mosaic_L15-1298E-1322N_5193_2903_13.tif,/kaggle/input/datasets/amerii/spacenet-7-multitemporal-urban-development/SN7_buildings_train/train/L15-1298E-1322N_5193_2903_13/images_masked/global_monthly_2020_01_mosaic_L15-1298E-1322N_5193_2903_13.tif,0,448,16.666259765625,0,No Urban Expansion
/kaggle/working/spacenet7_urban_expansion_outputs/processed_difference_patches/L15_1749E_1266N_6997_3126_13_0011_0_224.png,L15-1749E-1266N_6997_3126_13,/kaggle/input/datasets/amerii/spacenet-7-multitemporal-urban-development/SN7_buildings_test_public/test_public/L15-1749E-1266N_6997_3126_13/images_masked/global_monthly_2018_02_mosaic_L15-1749E-1266N_6997_3126_13.tif,/kaggle/input/datasets/amerii/spacenet-7-multitemporal-urban-development/SN7_buildings_test_public/test_public/L15-1749E-1266N_6997_3126_13/images_masked/global_monthly_2019_10_mosaic_L15-1749E-1266N_6997_3126_13.tif,0,224,41.330894470214844,1,Urban Expansion
/kaggle/working/spacenet7_urban_expansion_outputs/processed_difference_patches/L15_1276E_1107N_5105_3761_13_0007_448_448.png,L15-1276E-1107N_5105_3761_13,/kaggle/input/datasets/amerii/spacenet-7-multitemporal-urban-development/SN7_buildings_train/train/L15-1276E-1107N_5105_3761_13/images/global_monthly_2018_01_mosaic_L15-1276E-1107N_5105_3761_13.tif,/kaggle/input/datasets/amerii/spacenet-7-multitemporal-urban-development/SN7_buildings_train/train/L15-1276E-1107N_5105_3761_13/images_masked/global_monthly_2020_01_mosaic_L15-1276E-1107N_5105_3761_13.tif,448,448,14.984275817871094,0,No Urban Expansion
/kaggle/working/spacenet7_urban_expansion_outputs/processed_difference_patches/L15_1848E_0793N_7394_5018_13_0012_224_224.png,L15-1848E-0793N_7394_5018_13,/kaggle/input/datasets/amerii/spacenet-7-multitemporal-urban-development/SN7_buildings_train/train/L15-1848E-0793N_7394_5018_13/images/global_monthly_2018_01_mosaic_L15-1848E-0793N_7394_5018_13.tif,/kaggle/input/datasets/amerii/spacenet-7-multitemporal-urban-development/SN7_buildings_train/train/L15-1848E-0793N_7394_5018_13/images_masked/global_monthly_2020_01_mosaic_L15-1848E-0793N_7394_5018_13.tif,224,224,9.419050216674805,0,No Urban Expansion
/kaggle/working/spacenet7_urban_expansion_outputs/processed_difference_patches/L15_1690E_1210N_6762_3348_13_0009_224_448.png,L15-1690E-1210N_6762_3348_13,/kaggle/input/datasets/amerii/spacenet-7-multitemporal-urban-development/SN7_buildings_test_public/test_public/L15-1690E-1210N_6762_3348_13/images_masked/global_monthly_2017_07_mosaic_L15-1690E-1210N_6762_3348_13.tif,/kaggle/input/datasets/amerii/spacenet-7-multitemporal-urban-development/SN7_buildings_test_public/test_public/L15-1690E-1210N_6762_3348_13/images_masked/global_monthly_2019_09_mosaic_L15-1690E-1210N_6762_3348_13.tif,224,448,33.08559036254883,1,Urban Expansion
/kaggle/working/spacenet7_urban_expansion_outputs/processed_difference_patches/L15_1335E_1166N_5342_3524_13_0011_448_672.png,L15-1335E-1166N_5342_3524_13,/kaggle/input/datasets/amerii/spacenet-7-multitemporal-urban-development/SN7_buildings_train/train/L15-1335E-1166N_5342_3524_13/images/global_monthly_2018_01_mosaic_L15-1335E-1166N_5342_3524_13.tif,/kaggle/input/datasets/amerii/spacenet-7-multitemporal-urban-development/SN7_buildings_train/train/L15-1335E-1166N_5342_3524_13/images_masked/global_monthly_2020_01_mosaic_L15-1335E-1166N_5342_3524_13.tif,448,672,16.25872039794922,0,No Urban Expansion
/kaggle/working/spacenet7_urban_expansion_outputs/processed_difference_patches/L15_1203E_1203N_4815_3379_13_0003_224_448.png,L15-1203E-1203N_4815_3379_13,/kaggle/input/datasets/amerii/spacenet-7-multitemporal-urban-development/SN7_buildings_test_public/test_public/L15-1203E-1203N_4815_3379_13/images_masked/global_monthly_2017_07_mosaic_L15-1203E-1203N_4815_3379_13.tif,/kaggle/input/datasets/amerii/spacenet-7-multitemporal-urban-development/SN7_buildings_test_public/test_public/L15-1203E-1203N_4815_3379_13/images_masked/global_monthly_2019_09_mosaic_L15-1203E-1203N_4815_3379_13.tif,224,448,37.34420394897461,1,Urban Expansion
/kaggle/working/spacenet7_urban_expansion_outputs/processed_difference_patches/L15_0361E_1300N_1446_2989_13_0006_672_448.png,L15-0361E-1300N_1446_2989_13,/kaggle/input/datasets/amerii/spacenet-7-multitemporal-urban-development/SN7_buildings_train/train/L15-0361E-1300N_1446_2989_13/images/global_monthly_2018_01_mosaic_L15-0361E-1300N_1446_2989_13.tif,/kaggle/input/datasets/amerii/spacenet-7-multitemporal-urban-development/SN7_buildings_train/train/L15-0361E-1300N_1446_2989_13/images_masked/global_monthly_2020_01_mosaic_L15-0361E-1300N_1446_2989_13.tif,672,448,19.464351654052734,0,No Urban Expansion
/kaggle/working/spacenet7_urban_expansion_outputs/processed_difference_patches/L15_1210E_1025N_4840_4088_13_0003_224_448.png,L15-1210E-1025N_4840_4088_13,/kaggle/input/datasets/amerii/spacenet-7-multitemporal-urban-development/SN7_buildings_train/train/L15-1210E-1025N_4840_4088_13/images/global_monthly_2018_01_mosaic_L15-1210E-1025N_4840_4088_13.tif,/kaggle/input/datasets/amerii/spacenet-7-multitemporal-urban-development/SN7_buildings_train/train/L15-1210E-1025N_4840_4088_13/images_masked/global_monthly_2020_01_mosaic_L15-1210E-1025N_4840_4088_13.tif,224,448,9.33317756652832,0,No Urban Expansion
/kaggle/working/spacenet7_urban_expansion_outputs/processed_difference_patches/L15_0368E_1245N_1474_3210_13_0008_448_0.png,L15-0368E-1245N_1474_3210_13,/kaggle/input/datasets/amerii/spacenet-7-multitemporal-urban-development/SN7_buildings_train/train/L15-0368E-1245N_1474_3210_13/images/global_monthly_2018_01_mosaic_L15-0368E-1245N_1474_3210_13.tif,/kaggle/input/datasets/amerii/spacenet-7-multitemporal-urban-development/SN7_buildings_train/train/L15-0368E-1245N_1474_3210_13/images_masked/global_monthly_2020_01_mosaic_L15-0368E-1245N_1474_3210_13.tif,448,0,32.36302947998047,1,Urban Expansion
/kaggle/working/spacenet7_urban_expansion_outputs/processed_difference_patches/L15_0977E_1187N_3911_3441_13_0006_672_448.png,L15-0977E-1187N_3911_3441_13,/kaggle/input/datasets/amerii/spacenet-7-multitemporal-urban-development/SN7_buildings_train/train/L15-0977E-1187N_3911_3441_13/images/global_monthly_2018_01_mosaic_L15-0977E-1187N_3911_3441_13.tif,/kaggle/input/datasets/amerii/spacenet-7-multitemporal-urban-development/SN7_buildings_train/train/L15-0977E-1187N_3911_3441_13/images_masked/global_monthly_2020_01_mosaic_L15-0977E-1187N_3911_3441_13.tif,672,448,9.555863380432129,0,No Urban Expansion
/kaggle/working/spacenet7_urban_expansion_outputs/processed_difference_patches/L15_1672E_1207N_6691_3363_13_0004_0_448.png,L15-1672E-1207N_6691_3363_13,/kaggle/input/datasets/amerii/spacenet-7-multitemporal-urban-development/SN7_buildings_train/train/L15-1672E-1207N_6691_3363_13/images/global_monthly_2018_01_mosaic_L15-1672E-1207N_6691_3363_13.tif,/kaggle/input/datasets/amerii/spacenet-7-multitemporal-urban-development/SN7_buildings_train/train/L15-1672E-1207N_6691_3363_13/images_masked/global_monthly_2020_01_mosaic_L15-1672E-1207N_6691_3363_13.tif,0,448,14.407814025878906,0,No Urban Expansion
/kaggle/working/spacenet7_urban_expansion_outputs/processed_difference_patches/L15_1289E_1169N_5156_3514_13_0013_224_448.png,L15-1289E-1169N_5156_3514_13,/kaggle/input/datasets/amerii/spacenet-7-multitemporal-urban-development/SN7_buildings_train/train/L15-1289E-1169N_5156_3514_13/images/global_monthly_2018_01_mosaic_L15-1289E-1169N_5156_3514_13.tif,/kaggle/input/datasets/amerii/spacenet-7-multitemporal-urban-development/SN7_buildings_train/train/L15-1289E-1169N_5156_3514_13/images_masked/global_monthly_2020_01_mosaic_L15-1289E-1169N_5156_3514_13.tif,224,448,34.04450988769531,1,Urban Expansion
/kaggle/working/spacenet7_urban_expansion_outputs/processed_difference_patches/L15_0566E_1185N_2265_3451_13_0006_0_448.png,L15-0566E-1185N_2265_3451_13,/kaggle/input/datasets/amerii/spacenet-7-multitemporal-urban-development/SN7_buildings_train/train/L15-0566E-1185N_2265_3451_13/images/global_monthly_2018_01_mosaic_L15-0566E-1185N_2265_3451_13.tif,/kaggle/input/datasets/amerii/spacenet-7-multitemporal-urban-development/SN7_buildings_train/train/L15-0566E-1185N_2265_3451_13/images_masked/global_monthly_2020_01_mosaic_L15-0566E-1185N_2265_3451_13.tif,0,448,9.660778999328613,0,No Urban Expansion
/kaggle/working/spacenet7_urban_expansion_outputs/processed_difference_patches/L15_0577E_1243N_2309_3217_13_0009_672_0.png,L15-0577E-1243N_2309_3217_13,/kaggle/input/datasets/amerii/spacenet-7-multitemporal-urban-development/SN7_buildings_train/train/L15-0577E-1243N_2309_3217_13/images/global_monthly_2018_02_mosaic_L15-0577E-1243N_2309_3217_13.tif,/kaggle/input/datasets/amerii/spacenet-7-multitemporal-urban-development/SN7_buildings_train/train/L15-0577E-1243N_2309_3217_13/images_masked/global_monthly_2019_11_mosaic_L15-0577E-1243N_2309_3217_13.tif,672,0,34.81011199951172,1,Urban Expansion
/kaggle/working/spacenet7_urban_expansion_outputs/processed_difference_patches/L15_1276E_1107N_5105_3761_13_0003_448_672.png,L15-1276E-1107N_5105_3761_13,/kaggle/input/datasets/amerii/spacenet-7-multitemporal-urban-development/SN7_buildings_train/train/L15-1276E-1107N_5105_3761_13/images/global_monthly_2018_01_mosaic_L15-1276E-1107N_5105_3761_13.tif,/kaggle/input/datasets/amerii/spacenet-7-multitemporal-urban-development/SN7_buildings_train/train/L15-1276E-1107N_5105_3761_13/images_masked/global_monthly_2020_01_mosaic_L15-1276E-1107N_5105_3761_13.tif,448,672,15.973478317260742,0,No Urban Expansion
/kaggle/working/spacenet7_urban_expansion_outputs/processed_difference_patches/L15_1210E_1025N_4840_4088_13_0011_448_224.png,L15-1210E-1025N_4840_4088_13,/kaggle/input/datasets/amerii/spacenet-7-multitemporal-urban-development/SN7_buildings_train/train/L15-1210E-1025N_4840_4088_13/images/global_monthly_2018_01_mosaic_L15-1210E-1025N_4840_4088_13.tif,/kaggle/input/datasets/amerii/spacenet-7-multitemporal-urban-development/SN7_buildings_train/train/L15-1210E-1025N_4840_4088_13/images_masked/global_monthly_2020_01_mosaic_L15-1210E-1025N_4840_4088_13.tif,448,224,13.011938095092773,0,No Urban Expansion
/kaggle/working/spacenet7_urban_expansion_outputs/processed_difference_patches/L15_1210E_1025N_4840_4088_13_0014_672_672.png,L15-1210E-1025N_4840_4088_13,/kaggle/input/datasets/amerii/spacenet-7-multitemporal-urban-development/SN7_buildings_train/train/L15-1210E-1025N_4840_4088_13/images/global_monthly_2018_01_mosaic_L15-1210E-1025N_4840_4088_13.tif,/kaggle/input/datasets/amerii/spacenet-7-multitemporal-urban-development/SN7_buildings_train/train/L15-1210E-1025N_4840_4088_13/images_masked/global_monthly_2020_01_mosaic_L15-1210E-1025N_4840_4088_13.tif,672,672,11.077522277832031,0,No Urban Expansion
/kaggle/working/spacenet7_urban_expansion_outputs/processed_difference_patches/L15_0977E_1187N_3911_3441_13_0002_0_224.png,L15-0977E-1187N_3911_3441_13,/kaggle/input/datasets/amerii/spacenet-7-multitemporal-urban-development/SN7_buildings_train/train/L15-0977E-1187N_3911_3441_13/images/global_monthly_2018_01_mosaic_L15-0977E-1187N_3911_3441_13.tif,/kaggle/input/datasets/amerii/spacenet-7-multitemporal-urban-development/SN7_buildings_train/train/L15-0977E-1187N_3911_3441_13/images_masked/global_monthly_2020_01_mosaic_L15-0977E-1187N_3911_3441_13.tif,0,224,9.757308959960938,0,No Urban Expansion
/kaggle/working/spacenet7_urban_expansion_outputs/processed_difference_patches/L15_1210E_1025N_4840_4088_13_0013_448_672.png,L15-1210E-1025N_4840_4088_13,/kaggle/input/datasets/amerii/spacenet-7-multitemporal-urban-development/SN7_buildings_train/train/L15-1210E-1025N_4840_4088_13/images/global_monthly_2018_01_mosaic_L15-1210E-1025N_4840_4088_13.tif,/kaggle/input/datasets/amerii/spacenet-7-multitemporal-urban-development/SN7_buildings_train/train/L15-1210E-1025N_4840_4088_13/images_masked/global_monthly_2020_01_mosaic_L15-1210E-1025N_4840_4088_13.tif,448,672,9.864810943603516,0,No Urban Expansion
/kaggle/working/spacenet7_urban_expansion_outputs/processed_difference_patches/L15_1025E_1366N_4102_2726_13_0014_0_224.png,L15-1025E-1366N_4102_2726_13,/kaggle/input/datasets/amerii/spacenet-7-multitemporal-urban-development/SN7_buildings_train/train/L15-1025E-1366N_4102_2726_13/images/global_monthly_2018_01_mosaic_L15-1025E-1366N_4102_2726_13.tif,/kaggle/input/datasets/amerii/spacenet-7-multitemporal-urban-development/SN7_buildings_train/train/L15-1025E-1366N_4102_2726_13/images_masked/global_monthly_2020_01_mosaic_L15-1025E-1366N_4102_2726_13.tif,0,224,16.859111785888672,0,No Urban Expansion
/kaggle/working/spacenet7_urban_expansion_outputs/processed_difference_patches/L15_0387E_1276N_1549_3087_13_0014_224_0.png,L15-0387E-1276N_1549_3087_13,/kaggle/input/datasets/amerii/spacenet-7-multitemporal-urban-development/SN7_buildings_train/train/L15-0387E-1276N_1549_3087_13/images/global_monthly_2018_01_mosaic_L15-0387E-1276N_1549_3087_13.tif,/kaggle/input/datasets/amerii/spacenet-7-multitemporal-urban-development/SN7_buildings_train/train/L15-0387E-1276N_1549_3087_13/images_masked/global_monthly_2019_12_mosaic_L15-0387E-1276N_1549_3087_13.tif,224,0,44.440670013427734,1,Urban Expansion
/kaggle/working/spacenet7_urban_expansion_outputs/processed_difference_patches/L15_0683E_1006N_2732_4164_13_0005_0_0.png,L15-0683E-1006N_2732_4164_13,/kaggle/input/datasets/amerii/spacenet-7-multitemporal-urban-development/SN7_buildings_train/train/L15-0683E-1006N_2732_4164_13/images/global_monthly_2018_01_mosaic_L15-0683E-1006N_2732_4164_13.tif,/kaggle/input/datasets/amerii/spacenet-7-multitemporal-urban-development/SN7_buildings_train/train/L15-0683E-1006N_2732_4164_13/images_masked/global_monthly_2020_01_mosaic_L15-0683E-1006N_2732_4164_13.tif,0,0,56.566123962402344,1,Urban Expansion
/kaggle/working/spacenet7_urban_expansion_outputs/processed_difference_patches/L15_0391E_1219N_1567_3314_13_0011_224_672.png,L15-0391E-1219N_1567_3314_13,/kaggle/input/datasets/amerii/spacenet-7-multitemporal-urban-development/SN7_buildings_test_public/test_public/L15-0391E-1219N_1567_3314_13/images_masked/global_monthly_2018_01_mosaic_L15-0391E-1219N_1567_3314_13.tif,/kaggle/input/datasets/amerii/spacenet-7-multitemporal-urban-development/SN7_buildings_test_public/test_public/L15-0391E-1219N_1567_3314_13/images_masked/global_monthly_2020_01_mosaic_L15-0391E-1219N_1567_3314_13.tif,224,672,33.76001739501953,1,Urban Expansion
/kaggle/working/spacenet7_urban_expansion_outputs/processed_difference_patches/L15_1716E_1211N_6864_3345_13_0004_0_224.png,L15-1716E-1211N_6864_3345_13,/kaggle/input/datasets/amerii/spacenet-7-multitemporal-urban-development/SN7_buildings_train/train/L15-1716E-1211N_6864_3345_13/images/global_monthly_2018_01_mosaic_L15-1716E-1211N_6864_3345_13.tif,/kaggle/input/datasets/amerii/spacenet-7-multitemporal-urban-development/SN7_buildings_train/train/L15-1716E-1211N_6864_3345_13/images_masked/global_monthly_2020_01_mosaic_L15-1716E-1211N_6864_3345_13.tif,0,224,19.013927459716797,0,No Urban Expansion
/kaggle/working/spacenet7_urban_expansion_outputs/processed_difference_patches/L15_0357E_1223N_1429_3296_13_0007_448_448.png,L15-0357E-1223N_1429_3296_13,/kaggle/input/datasets/amerii/spacenet-7-multitemporal-urban-development/SN7_buildings_train/train/L15-0357E-1223N_1429_3296_13/images/global_monthly_2018_01_mosaic_L15-0357E-1223N_1429_3296_13.tif,/kaggle/input/datasets/amerii/spacenet-7-multitemporal-urban-development/SN7_buildings_train/train/L15-0357E-1223N_1429_3296_13/images_masked/global_monthly_2020_01_mosaic_L15-0357E-1223N_1429_3296_13.tif,448,448,16.86219024658203,0,No Urban Expansion
/kaggle/working/spacenet7_urban_expansion_outputs/processed_difference_patches/L15_0368E_1245N_1474_3210_13_0012_448_224.png,L15-0368E-1245N_1474_3210_13,/kaggle/input/datasets/amerii/spacenet-7-multitemporal-urban-development/SN7_buildings_train/train/L15-0368E-1245N_1474_3210_13/images/global_monthly_2018_01_mosaic_L15-0368E-1245N_1474_3210_13.tif,/kaggle/input/datasets/amerii/spacenet-7-multitemporal-urban-development/SN7_buildings_train/train/L15-0368E-1245N_1474_3210_13/images_masked/global_monthly_2020_01_mosaic_L15-0368E-1245N_1474_3210_13.tif,448,224,31.67718505859375,1,Urban Expansion
/kaggle/working/spacenet7_urban_expansion_outputs/processed_difference_patches/L15_0506E_1204N_2027_3374_13_0009_0_0.png,L15-0506E-1204N_2027_3374_13,/kaggle/input/datasets/amerii/spacenet-7-multitemporal-urban-development/SN7_buildings_train/train/L15-0506E-1204N_2027_3374_13/images/global_monthly_2018_01_mosaic_L15-0506E-1204N_2027_3374_13.tif,/kaggle/input/datasets/amerii/spacenet-7-multitemporal-urban-development/SN7_buildings_train_sample/sample/L15-0506E-1204N_2027_3374_13/images_masked/global_monthly_2019_12_mosaic_L15-0506E-1204N_2027_3374_13.tif,0,0,32.34545135498047,1,Urban Expansion
/kaggle/working/spacenet7_urban_expansion_outputs/processed_difference_patches/L15_1546E_1154N_6186_3574_13_0006_224_448.png,L15-1546E-1154N_6186_3574_13,/kaggle/input/datasets/amerii/spacenet-7-multitemporal-urban-development/SN7_buildings_test_public/test_public/L15-1546E-1154N_6186_3574_13/images_masked/global_monthly_2018_01_mosaic_L15-1546E-1154N_6186_3574_13.tif,/kaggle/input/datasets/amerii/spacenet-7-multitemporal-urban-development/SN7_buildings_test_public/test_public/L15-1546E-1154N_6186_3574_13/images_masked/global_monthly_2020_01_mosaic_L15-1546E-1154N_6186_3574_13.tif,224,448,11.99421501159668,0,No Urban Expansion
/kaggle/working/spacenet7_urban_expansion_outputs/processed_difference_patches/L15_1276E_1107N_5105_3761_13_0001_672_672.png,L15-1276E-1107N_5105_3761_13,/kaggle/input/datasets/amerii/spacenet-7-multitemporal-urban-development/SN7_buildings_train/train/L15-1276E-1107N_5105_3761_13/images/global_monthly_2018_01_mosaic_L15-1276E-1107N_5105_3761_13.tif,/kaggle/input/datasets/amerii/spacenet-7-multitemporal-urban-development/SN7_buildings_train/train/L15-1276E-1107N_5105_3761_13/images_masked/global_monthly_2020_01_mosaic_L15-1276E-1107N_5105_3761_13.tif,672,672,15.853255271911621,0,No Urban Expansion
/kaggle/working/spacenet7_urban_expansion_outputs/processed_difference_patches/L15_0357E_1223N_1429_3296_13_0003_0_672.png,L15-0357E-1223N_1429_3296_13,/kaggle/input/datasets/amerii/spacenet-7-multitemporal-urban-development/SN7_buildings_train/train/L15-0357E-1223N_1429_3296_13/images/global_monthly_2018_01_mosaic_L15-0357E-1223N_1429_3296_13.tif,/kaggle/input/datasets/amerii/spacenet-7-multitemporal-urban-development/SN7_buildings_train/train/L15-0357E-1223N_1429_3296_13/images_masked/global_monthly_2020_01_mosaic_L15-0357E-1223N_1429_3296_13.tif,0,672,18.01729393005371,0,No Urban Expansion
/kaggle/working/spacenet7_urban_expansion_outputs/processed_difference_patches/L15_1749E_1266N_6997_3126_13_0008_672_448.png,L15-1749E-1266N_6997_3126_13,/kaggle/input/datasets/amerii/spacenet-7-multitemporal-urban-development/SN7_buildings_test_public/test_public/L15-1749E-1266N_6997_3126_13/images_masked/global_monthly_2018_02_mosaic_L15-1749E-1266N_6997_3126_13.tif,/kaggle/input/datasets/amerii/spacenet-7-multitemporal-urban-development/SN7_buildings_test_public/test_public/L15-1749E-1266N_6997_3126_13/images_masked/global_monthly_2019_10_mosaic_L15-1749E-1266N_6997_3126_13.tif,672,448,46.191158294677734,1,Urban Expansion
/kaggle/working/spacenet7_urban_expansion_outputs/processed_difference_patches/L15_1669E_1153N_6678_3579_13_0011_672_224.png,L15-1669E-1153N_6678_3579_13,/kaggle/input/datasets/amerii/spacenet-7-multitemporal-urban-development/SN7_buildings_train/train/L15-1669E-1153N_6678_3579_13/images/global_monthly_2018_01_mosaic_L15-1669E-1153N_6678_3579_13.tif,/kaggle/input/datasets/amerii/spacenet-7-multitemporal-urban-development/SN7_buildings_train/train/L15-1669E-1153N_6678_3579_13/images_masked/global_monthly_2019_12_mosaic_L15-1669E-1153N_6678_3579_13.tif,672,224,38.005340576171875,1,Urban Expansion
/kaggle/working/spacenet7_urban_expansion_outputs/processed_difference_patches/L15_1203E_1203N_4815_3379_13_0013_224_672.png,L15-1203E-1203N_4815_3379_13,/kaggle/input/datasets/amerii/spacenet-7-multitemporal-urban-development/SN7_buildings_test_public/test_public/L15-1203E-1203N_4815_3379_13/images_masked/global_monthly_2017_07_mosaic_L15-1203E-1203N_4815_3379_13.tif,/kaggle/input/datasets/amerii/spacenet-7-multitemporal-urban-development/SN7_buildings_test_public/test_public/L15-1203E-1203N_4815_3379_13/images_masked/global_monthly_2019_09_mosaic_L15-1203E-1203N_4815_3379_13.tif,224,672,34.92179870605469,1,Urban Expansion
/kaggle/working/spacenet7_urban_expansion_outputs/processed_difference_patches/L15_1749E_1266N_6997_3126_13_0001_0_0.png,L15-1749E-1266N_6997_3126_13,/kaggle/input/datasets/amerii/spacenet-7-multitemporal-urban-development/SN7_buildings_test_public/test_public/L15-1749E-1266N_6997_3126_13/images_masked/global_monthly_2018_02_mosaic_L15-1749E-1266N_6997_3126_13.tif,/kaggle/input/datasets/amerii/spacenet-7-multitemporal-urban-development/SN7_buildings_test_public/test_public/L15-1749E-1266N_6997_3126_13/images_masked/global_monthly_2019_10_mosaic_L15-1749E-1266N_6997_3126_13.tif,0,0,32.534820556640625,1,Urban Expansion
/kaggle/working/spacenet7_urban_expansion_outputs/processed_difference_patches/L15_1669E_1160N_6679_3549_13_0005_224_224.png,L15-1669E-1160N_6679_3549_13,/kaggle/input/datasets/amerii/spacenet-7-multitemporal-urban-development/SN7_buildings_train/train/L15-1669E-1160N_6679_3549_13/images/global_monthly_2017_07_mosaic_L15-1669E-1160N_6679_3549_13.tif,/kaggle/input/datasets/amerii/spacenet-7-multitemporal-urban-development/SN7_buildings_train/train/L15-1669E-1160N_6679_3549_13/images_masked/global_monthly_2019_09_mosaic_L15-1669E-1160N_6679_3549_13.tif,224,224,39.88043212890625,1,Urban Expansion
/kaggle/working/spacenet7_urban_expansion_outputs/processed_difference_patches/SN7_buildings_train_sample_0000_224_672.png,SN7_buildings_train_sample,/kaggle/input/datasets/amerii/spacenet-7-multitemporal-urban-development/SN7_buildings_train_sample/sample/L15-0506E-1204N_2027_3374_13/UDM_masks/global_monthly_2018_06_mosaic_L15-0506E-1204N_2027_3374_13_UDM.tif,/kaggle/input/datasets/amerii/spacenet-7-multitemporal-urban-development/SN7_buildings_train_sample/sample/L15-0506E-1204N_2027_3374_13/UDM_masks/global_monthly_2019_11_mosaic_L15-0506E-1204N_2027_3374_13_UDM.tif,224,672,84.52693939208984,1,Urban Expansion
/kaggle/working/spacenet7_urban_expansion_outputs/processed_difference_patches/L15_1049E_1370N_4196_2710_13_0015_0_672.png,L15-1049E-1370N_4196_2710_13,/kaggle/input/datasets/amerii/spacenet-7-multitemporal-urban-development/SN7_buildings_train/train/L15-1049E-1370N_4196_2710_13/images/global_monthly_2018_01_mosaic_L15-1049E-1370N_4196_2710_13.tif,/kaggle/input/datasets/amerii/spacenet-7-multitemporal-urban-development/SN7_buildings_train/train/L15-1049E-1370N_4196_2710_13/images_masked/global_monthly_2020_01_mosaic_L15-1049E-1370N_4196_2710_13.tif,0,672,11.083664894104004,0,No Urban Expansion
/kaggle/working/spacenet7_urban_expansion_outputs/processed_difference_patches/L15_1716E_1211N_6864_3345_13_0015_672_448.png,L15-1716E-1211N_6864_3345_13,/kaggle/input/datasets/amerii/spacenet-7-multitemporal-urban-development/SN7_buildings_train/train/L15-1716E-1211N_6864_3345_13/images/global_monthly_2018_01_mosaic_L15-1716E-1211N_6864_3345_13.tif,/kaggle/input/datasets/amerii/spacenet-7-multitemporal-urban-development/SN7_buildings_train/train/L15-1716E-1211N_6864_3345_13/images_masked/global_monthly_2020_01_mosaic_L15-1716E-1211N_6864_3345_13.tif,672,448,33.87627410888672,1,Urban Expansion
/kaggle/working/spacenet7_urban_expansion_outputs/processed_difference_patches/L15_1670E_1159N_6681_3552_13_0005_0_0.png,L15-1670E-1159N_6681_3552_13,/kaggle/input/datasets/amerii/spacenet-7-multitemporal-urban-development/SN7_buildings_test_public/test_public/L15-1670E-1159N_6681_3552_13/images_masked/global_monthly_2017_07_mosaic_L15-1670E-1159N_6681_3552_13.tif,/kaggle/input/datasets/amerii/spacenet-7-multitemporal-urban-development/SN7_buildings_test_public/test_public/L15-1670E-1159N_6681_3552_13/images_masked/global_monthly_2019_09_mosaic_L15-1670E-1159N_6681_3552_13.tif,0,0,19.95818328857422,0,No Urban Expansion
/kaggle/working/spacenet7_urban_expansion_outputs/processed_difference_patches/L15_1709E_1112N_6838_3742_13_0011_672_448.png,L15-1709E-1112N_6838_3742_13,/kaggle/input/datasets/amerii/spacenet-7-multitemporal-urban-development/SN7_buildings_train/train/L15-1709E-1112N_6838_3742_13/images/global_monthly_2018_01_mosaic_L15-1709E-1112N_6838_3742_13.tif,/kaggle/input/datasets/amerii/spacenet-7-multitemporal-urban-development/SN7_buildings_train/train/L15-1709E-1112N_6838_3742_13/images_masked/global_monthly_2020_01_mosaic_L15-1709E-1112N_6838_3742_13.tif,672,448,49.77144241333008,1,Urban Expansion
/kaggle/working/spacenet7_urban_expansion_outputs/processed_difference_patches/L15_1031E_1300N_4127_2991_13_0011_448_0.png,L15-1031E-1300N_4127_2991_13,/kaggle/input/datasets/amerii/spacenet-7-multitemporal-urban-development/SN7_buildings_test_public/test_public/L15-1031E-1300N_4127_2991_13/images_masked/global_monthly_2018_01_mosaic_L15-1031E-1300N_4127_2991_13.tif,/kaggle/input/datasets/amerii/spacenet-7-multitemporal-urban-development/SN7_buildings_test_public/test_public/L15-1031E-1300N_4127_2991_13/images_masked/global_monthly_2020_01_mosaic_L15-1031E-1300N_4127_2991_13.tif,448,0,14.994633674621582,0,No Urban Expansion
/kaggle/working/spacenet7_urban_expansion_outputs/processed_difference_patches/L15_1691E_1211N_6764_3347_13_0008_224_0.png,L15-1691E-1211N_6764_3347_13,/kaggle/input/datasets/amerii/spacenet-7-multitemporal-urban-development/SN7_buildings_train/train/L15-1691E-1211N_6764_3347_13/images/global_monthly_2017_07_mosaic_L15-1691E-1211N_6764_3347_13.tif,/kaggle/input/datasets/amerii/spacenet-7-multitemporal-urban-development/SN7_buildings_train/train/L15-1691E-1211N_6764_3347_13/images_masked/global_monthly_2019_09_mosaic_L15-1691E-1211N_6764_3347_13.tif,224,0,37.64590072631836,1,Urban Expansion
/kaggle/working/spacenet7_urban_expansion_outputs/processed_difference_patches/L15_0361E_1300N_1446_2989_13_0002_672_224.png,L15-0361E-1300N_1446_2989_13,/kaggle/input/datasets/amerii/spacenet-7-multitemporal-urban-development/SN7_buildings_train/train/L15-0361E-1300N_1446_2989_13/images/global_monthly_2018_01_mosaic_L15-0361E-1300N_1446_2989_13.tif,/kaggle/input/datasets/amerii/spacenet-7-multitemporal-urban-development/SN7_buildings_train/train/L15-0361E-1300N_1446_2989_13/images_masked/global_monthly_2020_01_mosaic_L15-0361E-1300N_1446_2989_13.tif,672,224,19.5112247467041,0,No Urban Expansion
/kaggle/working/spacenet7_urban_expansion_outputs/processed_difference_patches/L15_0357E_1223N_1429_3296_13_0004_448_0.png,L15-0357E-1223N_1429_3296_13,/kaggle/input/datasets/amerii/spacenet-7-multitemporal-urban-development/SN7_buildings_train/train/L15-0357E-1223N_1429_3296_13/images/global_monthly_2018_01_mosaic_L15-0357E-1223N_1429_3296_13.tif,/kaggle/input/datasets/amerii/spacenet-7-multitemporal-urban-development/SN7_buildings_train/train/L15-0357E-1223N_1429_3296_13/images_masked/global_monthly_2020_01_mosaic_L15-0357E-1223N_1429_3296_13.tif,448,0,19.335952758789062,0,No Urban Expansion
/kaggle/working/spacenet7_urban_expansion_outputs/processed_difference_patches/L15_1210E_1025N_4840_4088_13_0002_672_448.png,L15-1210E-1025N_4840_4088_13,/kaggle/input/datasets/amerii/spacenet-7-multitemporal-urban-development/SN7_buildings_train/train/L15-1210E-1025N_4840_4088_13/images/global_monthly_2018_01_mosaic_L15-1210E-1025N_4840_4088_13.tif,/kaggle/input/datasets/amerii/spacenet-7-multitemporal-urban-development/SN7_buildings_train/train/L15-1210E-1025N_4840_4088_13/images_masked/global_monthly_2020_01_mosaic_L15-1210E-1025N_4840_4088_13.tif,672,448,11.639410018920898,0,No Urban Expansion
/kaggle/working/spacenet7_urban_expansion_outputs/processed_difference_patches/L15_1185E_0935N_4742_4450_13_0013_0_672.png,L15-1185E-0935N_4742_4450_13,/kaggle/input/datasets/amerii/spacenet-7-multitemporal-urban-development/SN7_buildings_train/train/L15-1185E-0935N_4742_4450_13/images/global_monthly_2018_01_mosaic_L15-1185E-0935N_4742_4450_13.tif,/kaggle/input/datasets/amerii/spacenet-7-multitemporal-urban-development/SN7_buildings_train/train/L15-1185E-0935N_4742_4450_13/images_masked/global_monthly_2020_01_mosaic_L15-1185E-0935N_4742_4450_13.tif,0,672,36.347511291503906,1,Urban Expansion
/kaggle/working/spacenet7_urban_expansion_outputs/processed_difference_patches/L15_1617E_1207N_6468_3360_13_0003_0_672.png,L15-1617E-1207N_6468_3360_13,/kaggle/input/datasets/amerii/spacenet-7-multitemporal-urban-development/SN7_buildings_train/train/L15-1617E-1207N_6468_3360_13/images/global_monthly_2018_02_mosaic_L15-1617E-1207N_6468_3360_13.tif,/kaggle/input/datasets/amerii/spacenet-7-multitemporal-urban-development/SN7_buildings_train/train/L15-1617E-1207N_6468_3360_13/images_masked/global_monthly_2020_01_mosaic_L15-1617E-1207N_6468_3360_13.tif,0,672,36.35246276855469,1,Urban Expansion
/kaggle/working/spacenet7_urban_expansion_outputs/processed_difference_patches/L15_0434E_1218N_1736_3318_13_0005_448_0.png,L15-0434E-1218N_1736_3318_13,/kaggle/input/datasets/amerii/spacenet-7-multitemporal-urban-development/SN7_buildings_train/train/L15-0434E-1218N_1736_3318_13/images/global_monthly_2018_01_mosaic_L15-0434E-1218N_1736_3318_13.tif,/kaggle/input/datasets/amerii/spacenet-7-multitemporal-urban-development/SN7_buildings_train/train/L15-0434E-1218N_1736_3318_13/images_masked/global_monthly_2020_01_mosaic_L15-0434E-1218N_1736_3318_13.tif,448,0,12.581183433532715,0,No Urban Expansion
/kaggle/working/spacenet7_urban_expansion_outputs/processed_difference_patches/L15_0387E_1276N_1549_3087_13_0012_224_448.png,L15-0387E-1276N_1549_3087_13,/kaggle/input/datasets/amerii/spacenet-7-multitemporal-urban-development/SN7_buildings_train/train/L15-0387E-1276N_1549_3087_13/images/global_monthly_2018_01_mosaic_L15-0387E-1276N_1549_3087_13.tif,/kaggle/input/datasets/amerii/spacenet-7-multitemporal-urban-development/SN7_buildings_train/train/L15-0387E-1276N_1549_3087_13/images_masked/global_monthly_2019_12_mosaic_L15-0387E-1276N_1549_3087_13.tif,224,448,52.92518997192383,1,Urban Expansion
/kaggle/working/spacenet7_urban_expansion_outputs/processed_difference_patches/L15_0571E_1302N_2284_2983_13_0014_448_224.png,L15-0571E-1302N_2284_2983_13,/kaggle/input/datasets/amerii/spacenet-7-multitemporal-urban-development/SN7_buildings_test_public/test_public/L15-0571E-1302N_2284_2983_13/images_masked/global_monthly_2018_03_mosaic_L15-0571E-1302N_2284_2983_13.tif,/kaggle/input/datasets/amerii/spacenet-7-multitemporal-urban-development/SN7_buildings_test_public/test_public/L15-0571E-1302N_2284_2983_13/images_masked/global_monthly_2019_11_mosaic_L15-0571E-1302N_2284_2983_13.tif,448,224,42.20122528076172,1,Urban Expansion
/kaggle/working/spacenet7_urban_expansion_outputs/processed_difference_patches/L15_1672E_1207N_6691_3363_13_0014_0_224.png,L15-1672E-1207N_6691_3363_13,/kaggle/input/datasets/amerii/spacenet-7-multitemporal-urban-development/SN7_buildings_train/train/L15-1672E-1207N_6691_3363_13/images/global_monthly_2018_01_mosaic_L15-1672E-1207N_6691_3363_13.tif,/kaggle/input/datasets/amerii/spacenet-7-multitemporal-urban-development/SN7_buildings_train/train/L15-1672E-1207N_6691_3363_13/images_masked/global_monthly_2020_01_mosaic_L15-1672E-1207N_6691_3363_13.tif,0,224,13.909992218017578,0,No Urban Expansion
/kaggle/working/spacenet7_urban_expansion_outputs/processed_difference_patches/L15_1138E_1216N_4553_3325_13_0002_224_224.png,L15-1138E-1216N_4553_3325_13,/kaggle/input/datasets/amerii/spacenet-7-multitemporal-urban-development/SN7_buildings_train/train/L15-1138E-1216N_4553_3325_13/images/global_monthly_2018_01_mosaic_L15-1138E-1216N_4553_3325_13.tif,/kaggle/input/datasets/amerii/spacenet-7-multitemporal-urban-development/SN7_buildings_train/train/L15-1138E-1216N_4553_3325_13/images_masked/global_monthly_2020_01_mosaic_L15-1138E-1216N_4553_3325_13.tif,224,224,32.09403991699219,1,Urban Expansion
/kaggle/working/spacenet7_urban_expansion_outputs/processed_difference_patches/L15_1670E_1159N_6681_3552_13_0006_672_448.png,L15-1670E-1159N_6681_3552_13,/kaggle/input/datasets/amerii/spacenet-7-multitemporal-urban-development/SN7_buildings_test_public/test_public/L15-1670E-1159N_6681_3552_13/images_masked/global_monthly_2017_07_mosaic_L15-1670E-1159N_6681_3552_13.tif,/kaggle/input/datasets/amerii/spacenet-7-multitemporal-urban-development/SN7_buildings_test_public/test_public/L15-1670E-1159N_6681_3552_13/images_masked/global_monthly_2019_09_mosaic_L15-1670E-1159N_6681_3552_13.tif,672,448,32.412269592285156,1,Urban Expansion
/kaggle/working/spacenet7_urban_expansion_outputs/processed_difference_patches/L15_0387E_1276N_1549_3087_13_0008_672_224.png,L15-0387E-1276N_1549_3087_13,/kaggle/input/datasets/amerii/spacenet-7-multitemporal-urban-development/SN7_buildings_train/train/L15-0387E-1276N_1549_3087_13/images/global_monthly_2018_01_mosaic_L15-0387E-1276N_1549_3087_13.tif,/kaggle/input/datasets/amerii/spacenet-7-multitemporal-urban-development/SN7_buildings_train/train/L15-0387E-1276N_1549_3087_13/images_masked/global_monthly_2019_12_mosaic_L15-0387E-1276N_1549_3087_13.tif,672,224,69.95769500732422,1,Urban Expansion
/kaggle/working/spacenet7_urban_expansion_outputs/processed_difference_patches/L15_0391E_1219N_1567_3314_13_0012_448_224.png,L15-0391E-1219N_1567_3314_13,/kaggle/input/datasets/amerii/spacenet-7-multitemporal-urban-development/SN7_buildings_test_public/test_public/L15-0391E-1219N_1567_3314_13/images_masked/global_monthly_2018_01_mosaic_L15-0391E-1219N_1567_3314_13.tif,/kaggle/input/datasets/amerii/spacenet-7-multitemporal-urban-development/SN7_buildings_test_public/test_public/L15-0391E-1219N_1567_3314_13/images_masked/global_monthly_2020_01_mosaic_L15-0391E-1219N_1567_3314_13.tif,448,224,42.585025787353516,1,Urban Expansion
/kaggle/working/spacenet7_urban_expansion_outputs/processed_difference_patches/L15_0361E_1300N_1446_2989_13_0011_0_448.png,L15-0361E-1300N_1446_2989_13,/kaggle/input/datasets/amerii/spacenet-7-multitemporal-urban-development/SN7_buildings_train/train/L15-0361E-1300N_1446_2989_13/images/global_monthly_2018_01_mosaic_L15-0361E-1300N_1446_2989_13.tif,/kaggle/input/datasets/amerii/spacenet-7-multitemporal-urban-development/SN7_buildings_train/train/L15-0361E-1300N_1446_2989_13/images_masked/global_monthly_2020_01_mosaic_L15-0361E-1300N_1446_2989_13.tif,0,448,13.659952163696289,0,No Urban Expansion
/kaggle/working/spacenet7_urban_expansion_outputs/processed_difference_patches/L15_0506E_1204N_2027_3374_13_0014_448_672.png,L15-0506E-1204N_2027_3374_13,/kaggle/input/datasets/amerii/spacenet-7-multitemporal-urban-development/SN7_buildings_train/train/L15-0506E-1204N_2027_3374_13/images/global_monthly_2018_01_mosaic_L15-0506E-1204N_2027_3374_13.tif,/kaggle/input/datasets/amerii/spacenet-7-multitemporal-urban-development/SN7_buildings_train_sample/sample/L15-0506E-1204N_2027_3374_13/images_masked/global_monthly_2019_12_mosaic_L15-0506E-1204N_2027_3374_13.tif,448,672,16.364994049072266,0,No Urban Expansion
/kaggle/working/spacenet7_urban_expansion_outputs/processed_difference_patches/L15_1209E_1113N_4838_3737_13_0000_224_224.png,L15-1209E-1113N_4838_3737_13,/kaggle/input/datasets/amerii/spacenet-7-multitemporal-urban-development/SN7_buildings_train/train/L15-1209E-1113N_4838_3737_13/images/global_monthly_2018_01_mosaic_L15-1209E-1113N_4838_3737_13.tif,/kaggle/input/datasets/amerii/spacenet-7-multitemporal-urban-development/SN7_buildings_train/train/L15-1209E-1113N_4838_3737_13/images_masked/global_monthly_2020_01_mosaic_L15-1209E-1113N_4838_3737_13.tif,224,224,18.321130752563477,0,No Urban Expansion
/kaggle/working/spacenet7_urban_expansion_outputs/processed_difference_patches/L15_1185E_0935N_4742_4450_13_0004_0_448.png,L15-1185E-0935N_4742_4450_13,/kaggle/input/datasets/amerii/spacenet-7-multitemporal-urban-development/SN7_buildings_train/train/L15-1185E-0935N_4742_4450_13/images/global_monthly_2018_01_mosaic_L15-1185E-0935N_4742_4450_13.tif,/kaggle/input/datasets/amerii/spacenet-7-multitemporal-urban-development/SN7_buildings_train/train/L15-1185E-0935N_4742_4450_13/images_masked/global_monthly_2020_01_mosaic_L15-1185E-0935N_4742_4450_13.tif,0,448,37.03229522705078,1,Urban Expansion
/kaggle/working/spacenet7_urban_expansion_outputs/processed_difference_patches/L15_0744E_0927N_2979_4481_13_0009_224_0.png,L15-0744E-0927N_2979_4481_13,/kaggle/input/datasets/amerii/spacenet-7-multitemporal-urban-development/SN7_buildings_test_public/test_public/L15-0744E-0927N_2979_4481_13/images_masked/global_monthly_2018_01_mosaic_L15-0744E-0927N_2979_4481_13.tif,/kaggle/input/datasets/amerii/spacenet-7-multitemporal-urban-development/SN7_buildings_test_public/test_public/L15-0744E-0927N_2979_4481_13/images_masked/global_monthly_2020_01_mosaic_L15-0744E-0927N_2979_4481_13.tif,224,0,17.003726959228516,0,No Urban Expansion
/kaggle/working/spacenet7_urban_expansion_outputs/processed_difference_patches/SN7_buildings_train_sample_0001_448_224.png,SN7_buildings_train_sample,/kaggle/input/datasets/amerii/spacenet-7-multitemporal-urban-development/SN7_buildings_train_sample/sample/L15-0506E-1204N_2027_3374_13/UDM_masks/global_monthly_2018_06_mosaic_L15-0506E-1204N_2027_3374_13_UDM.tif,/kaggle/input/datasets/amerii/spacenet-7-multitemporal-urban-development/SN7_buildings_train_sample/sample/L15-0506E-1204N_2027_3374_13/UDM_masks/global_monthly_2019_11_mosaic_L15-0506E-1204N_2027_3374_13_UDM.tif,448,224,2.3225245475769043,0,No Urban Expansion
/kaggle/working/spacenet7_urban_expansion_outputs/processed_difference_patches/L15_1669E_1160N_6679_3549_13_0002_448_448.png,L15-1669E-1160N_6679_3549_13,/kaggle/input/datasets/amerii/spacenet-7-multitemporal-urban-development/SN7_buildings_train/train/L15-1669E-1160N_6679_3549_13/images/global_monthly_2017_07_mosaic_L15-1669E-1160N_6679_3549_13.tif,/kaggle/input/datasets/amerii/spacenet-7-multitemporal-urban-development/SN7_buildings_train/train/L15-1669E-1160N_6679_3549_13/images_masked/global_monthly_2019_09_mosaic_L15-1669E-1160N_6679_3549_13.tif,448,448,37.162681579589844,1,Urban Expansion
/kaggle/working/spacenet7_urban_expansion_outputs/processed_difference_patches/L15_1439E_1134N_5759_3655_13_0012_0_224.png,L15-1439E-1134N_5759_3655_13,/kaggle/input/datasets/amerii/spacenet-7-multitemporal-urban-development/SN7_buildings_train/train/L15-1439E-1134N_5759_3655_13/images/global_monthly_2018_02_mosaic_L15-1439E-1134N_5759_3655_13.tif,/kaggle/input/datasets/amerii/spacenet-7-multitemporal-urban-development/SN7_buildings_train/train/L15-1439E-1134N_5759_3655_13/images_masked/global_monthly_2020_01_mosaic_L15-1439E-1134N_5759_3655_13.tif,0,224,11.980508804321289,0,No Urban Expansion
/kaggle/working/spacenet7_urban_expansion_outputs/processed_difference_patches/L15_1213E_1238N_4852_3239_13_0013_672_224.png,L15-1213E-1238N_4852_3239_13,/kaggle/input/datasets/amerii/spacenet-7-multitemporal-urban-development/SN7_buildings_test_public/test_public/L15-1213E-1238N_4852_3239_13/images_masked/global_monthly_2018_03_mosaic_L15-1213E-1238N_4852_3239_13.tif,/kaggle/input/datasets/amerii/spacenet-7-multitemporal-urban-development/SN7_buildings_test_public/test_public/L15-1213E-1238N_4852_3239_13/images_masked/global_monthly_2019_12_mosaic_L15-1213E-1238N_4852_3239_13.tif,672,224,42.61003112792969,1,Urban Expansion
/kaggle/working/spacenet7_urban_expansion_outputs/processed_difference_patches/L15_1666E_1189N_6665_3433_13_0001_224_0.png,L15-1666E-1189N_6665_3433_13,/kaggle/input/datasets/amerii/spacenet-7-multitemporal-urban-development/SN7_buildings_test_public/test_public/L15-1666E-1189N_6665_3433_13/images_masked/global_monthly_2018_01_mosaic_L15-1666E-1189N_6665_3433_13.tif,/kaggle/input/datasets/amerii/spacenet-7-multitemporal-urban-development/SN7_buildings_test_public/test_public/L15-1666E-1189N_6665_3433_13/images_masked/global_monthly_2020_01_mosaic_L15-1666E-1189N_6665_3433_13.tif,224,0,16.435531616210938,0,No Urban Expansion
/kaggle/working/spacenet7_urban_expansion_outputs/processed_difference_patches/L15_1015E_1062N_4061_3941_13_0005_0_0.png,L15-1015E-1062N_4061_3941_13,/kaggle/input/datasets/amerii/spacenet-7-multitemporal-urban-development/SN7_buildings_train/train/L15-1015E-1062N_4061_3941_13/images/global_monthly_2018_01_mosaic_L15-1015E-1062N_4061_3941_13.tif,/kaggle/input/datasets/amerii/spacenet-7-multitemporal-urban-development/SN7_buildings_train/train/L15-1015E-1062N_4061_3941_13/images_masked/global_monthly_2020_01_mosaic_L15-1015E-1062N_4061_3941_13.tif,0,0,14.646986961364746,0,No Urban Expansion
/kaggle/working/spacenet7_urban_expansion_outputs/processed_difference_patches/L15_1672E_1207N_6691_3363_13_0006_0_672.png,L15-1672E-1207N_6691_3363_13,/kaggle/input/datasets/amerii/spacenet-7-multitemporal-urban-development/SN7_buildings_train/train/L15-1672E-1207N_6691_3363_13/images/global_monthly_2018_01_mosaic_L15-1672E-1207N_6691_3363_13.tif,/kaggle/input/datasets/amerii/spacenet-7-multitemporal-urban-development/SN7_buildings_train/train/L15-1672E-1207N_6691_3363_13/images_masked/global_monthly_2020_01_mosaic_L15-1672E-1207N_6691_3363_13.tif,0,672,12.856724739074707,0,No Urban Expansion
/kaggle/working/spacenet7_urban_expansion_outputs/processed_difference_patches/L15_1672E_1207N_6691_3363_13_0009_672_224.png,L15-1672E-1207N_6691_3363_13,/kaggle/input/datasets/amerii/spacenet-7-multitemporal-urban-development/SN7_buildings_train/train/L15-1672E-1207N_6691_3363_13/images/global_monthly_2018_01_mosaic_L15-1672E-1207N_6691_3363_13.tif,/kaggle/input/datasets/amerii/spacenet-7-multitemporal-urban-development/SN7_buildings_train/train/L15-1672E-1207N_6691_3363_13/images_masked/global_monthly_2020_01_mosaic_L15-1672E-1207N_6691_3363_13.tif,672,224,15.705427169799805,0,No Urban Expansion
/kaggle/working/spacenet7_urban_expansion_outputs/processed_difference_patches/L15_1691E_1211N_6764_3347_13_0005_224_448.png,L15-1691E-1211N_6764_3347_13,/kaggle/input/datasets/amerii/spacenet-7-multitemporal-urban-development/SN7_buildings_train/train/L15-1691E-1211N_6764_3347_13/images/global_monthly_2017_07_mosaic_L15-1691E-1211N_6764_3347_13.tif,/kaggle/input/datasets/amerii/spacenet-7-multitemporal-urban-development/SN7_buildings_train/train/L15-1691E-1211N_6764_3347_13/images_masked/global_monthly_2019_09_mosaic_L15-1691E-1211N_6764_3347_13.tif,224,448,37.45847702026367,1,Urban Expansion
/kaggle/working/spacenet7_urban_expansion_outputs/processed_difference_patches/L15_1703E_1219N_6813_3313_13_0010_224_224.png,L15-1703E-1219N_6813_3313_13,/kaggle/input/datasets/amerii/spacenet-7-multitemporal-urban-development/SN7_buildings_train/train/L15-1703E-1219N_6813_3313_13/images/global_monthly_2018_01_mosaic_L15-1703E-1219N_6813_3313_13.tif,/kaggle/input/datasets/amerii/spacenet-7-multitemporal-urban-development/SN7_buildings_train/train/L15-1703E-1219N_6813_3313_13/images_masked/global_monthly_2020_01_mosaic_L15-1703E-1219N_6813_3313_13.tif,224,224,18.22968101501465,0,No Urban Expansion
/kaggle/working/spacenet7_urban_expansion_outputs/processed_difference_patches/L15_0744E_0927N_2979_4481_13_0006_672_672.png,L15-0744E-0927N_2979_4481_13,/kaggle/input/datasets/amerii/spacenet-7-multitemporal-urban-development/SN7_buildings_test_public/test_public/L15-0744E-0927N_2979_4481_13/images_masked/global_monthly_2018_01_mosaic_L15-0744E-0927N_2979_4481_13.tif,/kaggle/input/datasets/amerii/spacenet-7-multitemporal-urban-development/SN7_buildings_test_public/test_public/L15-0744E-0927N_2979_4481_13/images_masked/global_monthly_2020_01_mosaic_L15-0744E-0927N_2979_4481_13.tif,672,672,34.475364685058594,1,Urban Expansion
/kaggle/working/spacenet7_urban_expansion_outputs/processed_difference_patches/L15_1615E_1206N_6460_3366_13_0006_672_0.png,L15-1615E-1206N_6460_3366_13,/kaggle/input/datasets/amerii/spacenet-7-multitemporal-urban-development/SN7_buildings_train/train/L15-1615E-1206N_6460_3366_13/images/global_monthly_2017_07_mosaic_L15-1615E-1206N_6460_3366_13.tif,/kaggle/input/datasets/amerii/spacenet-7-multitemporal-urban-development/SN7_buildings_train/train/L15-1615E-1206N_6460_3366_13/images_masked/global_monthly_2019_09_mosaic_L15-1615E-1206N_6460_3366_13.tif,672,0,46.60232925415039,1,Urban Expansion
/kaggle/working/spacenet7_urban_expansion_outputs/processed_difference_patches/L15_1296E_1198N_5184_3399_13_0004_672_672.png,L15-1296E-1198N_5184_3399_13,/kaggle/input/datasets/amerii/spacenet-7-multitemporal-urban-development/SN7_buildings_train/train/L15-1296E-1198N_5184_3399_13/images/global_monthly_2018_01_mosaic_L15-1296E-1198N_5184_3399_13.tif,/kaggle/input/datasets/amerii/spacenet-7-multitemporal-urban-development/SN7_buildings_train/train/L15-1296E-1198N_5184_3399_13/images_masked/global_monthly_2020_01_mosaic_L15-1296E-1198N_5184_3399_13.tif,672,672,36.40953063964844,1,Urban Expansion
/kaggle/working/spacenet7_urban_expansion_outputs/processed_difference_patches/L15_1749E_1266N_6997_3126_13_0005_672_672.png,L15-1749E-1266N_6997_3126_13,/kaggle/input/datasets/amerii/spacenet-7-multitemporal-urban-development/SN7_buildings_test_public/test_public/L15-1749E-1266N_6997_3126_13/images_masked/global_monthly_2018_02_mosaic_L15-1749E-1266N_6997_3126_13.tif,/kaggle/input/datasets/amerii/spacenet-7-multitemporal-urban-development/SN7_buildings_test_public/test_public/L15-1749E-1266N_6997_3126_13/images_masked/global_monthly_2019_10_mosaic_L15-1749E-1266N_6997_3126_13.tif,672,672,66.46890258789062,1,Urban Expansion
/kaggle/working/spacenet7_urban_expansion_outputs/processed_difference_patches/L15_1209E_1113N_4838_3737_13_0003_448_672.png,L15-1209E-1113N_4838_3737_13,/kaggle/input/datasets/amerii/spacenet-7-multitemporal-urban-development/SN7_buildings_train/train/L15-1209E-1113N_4838_3737_13/images/global_monthly_2018_01_mosaic_L15-1209E-1113N_4838_3737_13.tif,/kaggle/input/datasets/amerii/spacenet-7-multitemporal-urban-development/SN7_buildings_train/train/L15-1209E-1113N_4838_3737_13/images_masked/global_monthly_2020_01_mosaic_L15-1209E-1113N_4838_3737_13.tif,448,672,19.451061248779297,0,No Urban Expansion
/kaggle/working/spacenet7_urban_expansion_outputs/processed_difference_patches/L15_1281E_1035N_5125_4049_13_0002_448_448.png,L15-1281E-1035N_5125_4049_13,/kaggle/input/datasets/amerii/spacenet-7-multitemporal-urban-development/SN7_buildings_test_public/test_public/L15-1281E-1035N_5125_4049_13/images_masked/global_monthly_2018_01_mosaic_L15-1281E-1035N_5125_4049_13.tif,/kaggle/input/datasets/amerii/spacenet-7-multitemporal-urban-development/SN7_buildings_test_public/test_public/L15-1281E-1035N_5125_4049_13/images_masked/global_monthly_2020_01_mosaic_L15-1281E-1035N_5125_4049_13.tif,448,448,31.83984375,1,Urban Expansion
/kaggle/working/spacenet7_urban_expansion_outputs/processed_difference_patches/L15_1209E_1113N_4838_3737_13_0010_0_448.png,L15-1209E-1113N_4838_3737_13,/kaggle/input/datasets/amerii/spacenet-7-multitemporal-urban-development/SN7_buildings_train/train/L15-1209E-1113N_4838_3737_13/images/global_monthly_2018_01_mosaic_L15-1209E-1113N_4838_3737_13.tif,/kaggle/input/datasets/amerii/spacenet-7-multitemporal-urban-development/SN7_buildings_train/train/L15-1209E-1113N_4838_3737_13/images_masked/global_monthly_2020_01_mosaic_L15-1209E-1113N_4838_3737_13.tif,0,448,31.953279495239258,1,Urban Expansion
/kaggle/working/spacenet7_urban_expansion_outputs/processed_difference_patches/L15_0586E_1127N_2345_3680_13_0002_224_224.png,L15-0586E-1127N_2345_3680_13,/kaggle/input/datasets/amerii/spacenet-7-multitemporal-urban-development/SN7_buildings_train/train/L15-0586E-1127N_2345_3680_13/images/global_monthly_2018_01_mosaic_L15-0586E-1127N_2345_3680_13.tif,/kaggle/input/datasets/amerii/spacenet-7-multitemporal-urban-development/SN7_buildings_train/train/L15-0586E-1127N_2345_3680_13/images_masked/global_monthly_2020_01_mosaic_L15-0586E-1127N_2345_3680_13.tif,224,224,31.07144546508789,1,Urban Expansion
/kaggle/working/spacenet7_urban_expansion_outputs/processed_difference_patches/L15_1670E_1159N_6681_3552_13_0012_448_0.png,L15-1670E-1159N_6681_3552_13,/kaggle/input/datasets/amerii/spacenet-7-multitemporal-urban-development/SN7_buildings_test_public/test_public/L15-1670E-1159N_6681_3552_13/images_masked/global_monthly_2017_07_mosaic_L15-1670E-1159N_6681_3552_13.tif,/kaggle/input/datasets/amerii/spacenet-7-multitemporal-urban-development/SN7_buildings_test_public/test_public/L15-1670E-1159N_6681_3552_13/images_masked/global_monthly_2019_09_mosaic_L15-1670E-1159N_6681_3552_13.tif,448,0,48.433937072753906,1,Urban Expansion
/kaggle/working/spacenet7_urban_expansion_outputs/processed_difference_patches/L15_1615E_1205N_6460_3370_13_0002_448_224.png,L15-1615E-1205N_6460_3370_13,/kaggle/input/datasets/amerii/spacenet-7-multitemporal-urban-development/SN7_buildings_train/train/L15-1615E-1205N_6460_3370_13/images/global_monthly_2017_07_mosaic_L15-1615E-1205N_6460_3370_13.tif,/kaggle/input/datasets/amerii/spacenet-7-multitemporal-urban-development/SN7_buildings_train/train/L15-1615E-1205N_6460_3370_13/images_masked/global_monthly_2019_09_mosaic_L15-1615E-1205N_6460_3370_13.tif,448,224,36.23546600341797,1,Urban Expansion
/kaggle/working/spacenet7_urban_expansion_outputs/processed_difference_patches/L15_0369E_1244N_1479_3214_13_0015_672_224.png,L15-0369E-1244N_1479_3214_13,/kaggle/input/datasets/amerii/spacenet-7-multitemporal-urban-development/SN7_buildings_test_public/test_public/L15-0369E-1244N_1479_3214_13/images_masked/global_monthly_2018_02_mosaic_L15-0369E-1244N_1479_3214_13.tif,/kaggle/input/datasets/amerii/spacenet-7-multitemporal-urban-development/SN7_buildings_test_public/test_public/L15-0369E-1244N_1479_3214_13/images_masked/global_monthly_2020_01_mosaic_L15-0369E-1244N_1479_3214_13.tif,672,224,32.300357818603516,1,Urban Expansion
/kaggle/working/spacenet7_urban_expansion_outputs/processed_difference_patches/L15_0595E_1278N_2383_3079_13_0006_224_0.png,L15-0595E-1278N_2383_3079_13,/kaggle/input/datasets/amerii/spacenet-7-multitemporal-urban-development/SN7_buildings_train/train/L15-0595E-1278N_2383_3079_13/images/global_monthly_2018_01_mosaic_L15-0595E-1278N_2383_3079_13.tif,/kaggle/input/datasets/amerii/spacenet-7-multitemporal-urban-development/SN7_buildings_train/train/L15-0595E-1278N_2383_3079_13/images_masked/global_monthly_2020_01_mosaic_L15-0595E-1278N_2383_3079_13.tif,224,0,16.633974075317383,0,No Urban Expansion
/kaggle/working/spacenet7_urban_expansion_outputs/processed_difference_patches/L15_0506E_1204N_2027_3374_13_0002_448_0.png,L15-0506E-1204N_2027_3374_13,/kaggle/input/datasets/amerii/spacenet-7-multitemporal-urban-development/SN7_buildings_train/train/L15-0506E-1204N_2027_3374_13/images/global_monthly_2018_01_mosaic_L15-0506E-1204N_2027_3374_13.tif,/kaggle/input/datasets/amerii/spacenet-7-multitemporal-urban-development/SN7_buildings_train_sample/sample/L15-0506E-1204N_2027_3374_13/images_masked/global_monthly_2019_12_mosaic_L15-0506E-1204N_2027_3374_13.tif,448,0,31.211872100830078,1,Urban Expansion
/kaggle/working/spacenet7_urban_expansion_outputs/processed_difference_patches/L15_1546E_1154N_6186_3574_13_0015_672_0.png,L15-1546E-1154N_6186_3574_13,/kaggle/input/datasets/amerii/spacenet-7-multitemporal-urban-development/SN7_buildings_test_public/test_public/L15-1546E-1154N_6186_3574_13/images_masked/global_monthly_2018_01_mosaic_L15-1546E-1154N_6186_3574_13.tif,/kaggle/input/datasets/amerii/spacenet-7-multitemporal-urban-development/SN7_buildings_test_public/test_public/L15-1546E-1154N_6186_3574_13/images_masked/global_monthly_2020_01_mosaic_L15-1546E-1154N_6186_3574_13.tif,672,0,9.361098289489746,0,No Urban Expansion
/kaggle/working/spacenet7_urban_expansion_outputs/processed_difference_patches/L15_1289E_1169N_5156_3514_13_0008_448_224.png,L15-1289E-1169N_5156_3514_13,/kaggle/input/datasets/amerii/spacenet-7-multitemporal-urban-development/SN7_buildings_train/train/L15-1289E-1169N_5156_3514_13/images/global_monthly_2018_01_mosaic_L15-1289E-1169N_5156_3514_13.tif,/kaggle/input/datasets/amerii/spacenet-7-multitemporal-urban-development/SN7_buildings_train/train/L15-1289E-1169N_5156_3514_13/images_masked/global_monthly_2020_01_mosaic_L15-1289E-1169N_5156_3514_13.tif,448,224,31.095447540283203,1,Urban Expansion
/kaggle/working/spacenet7_urban_expansion_outputs/processed_difference_patches/L15_0566E_1185N_2265_3451_13_0003_448_0.png,L15-0566E-1185N_2265_3451_13,/kaggle/input/datasets/amerii/spacenet-7-multitemporal-urban-development/SN7_buildings_train/train/L15-0566E-1185N_2265_3451_13/images/global_monthly_2018_01_mosaic_L15-0566E-1185N_2265_3451_13.tif,/kaggle/input/datasets/amerii/spacenet-7-multitemporal-urban-development/SN7_buildings_train/train/L15-0566E-1185N_2265_3451_13/images_masked/global_monthly_2020_01_mosaic_L15-0566E-1185N_2265_3451_13.tif,448,0,56.35697937011719,1,Urban Expansion
/kaggle/working/spacenet7_urban_expansion_outputs/processed_difference_patches/L15_1669E_1153N_6678_3579_13_0003_224_448.png,L15-1669E-1153N_6678_3579_13,/kaggle/input/datasets/amerii/spacenet-7-multitemporal-urban-development/SN7_buildings_train/train/L15-1669E-1153N_6678_3579_13/images/global_monthly_2018_01_mosaic_L15-1669E-1153N_6678_3579_13.tif,/kaggle/input/datasets/amerii/spacenet-7-multitemporal-urban-development/SN7_buildings_train/train/L15-1669E-1153N_6678_3579_13/images_masked/global_monthly_2019_12_mosaic_L15-1669E-1153N_6678_3579_13.tif,224,448,46.26142501831055,1,Urban Expansion
/kaggle/working/spacenet7_urban_expansion_outputs/processed_difference_patches/L15_0760E_0887N_3041_4643_13_0012_672_0.png,L15-0760E-0887N_3041_4643_13,/kaggle/input/datasets/amerii/spacenet-7-multitemporal-urban-development/SN7_buildings_train/train/L15-0760E-0887N_3041_4643_13/images/global_monthly_2018_01_mosaic_L15-0760E-0887N_3041_4643_13.tif,/kaggle/input/datasets/amerii/spacenet-7-multitemporal-urban-development/SN7_buildings_train/train/L15-0760E-0887N_3041_4643_13/images_masked/global_monthly_2020_01_mosaic_L15-0760E-0887N_3041_4643_13.tif,672,0,14.701576232910156,0,No Urban Expansion
/kaggle/working/spacenet7_urban_expansion_outputs/processed_difference_patches/L15_1481E_1119N_5927_3715_13_0015_672_672.png,L15-1481E-1119N_5927_3715_13,/kaggle/input/datasets/amerii/spacenet-7-multitemporal-urban-development/SN7_buildings_train/train/L15-1481E-1119N_5927_3715_13/images/global_monthly_2018_01_mosaic_L15-1481E-1119N_5927_3715_13.tif,/kaggle/input/datasets/amerii/spacenet-7-multitemporal-urban-development/SN7_buildings_train/train/L15-1481E-1119N_5927_3715_13/images_masked/global_monthly_2020_01_mosaic_L15-1481E-1119N_5927_3715_13.tif,672,672,16.677873611450195,0,No Urban Expansion
/kaggle/working/spacenet7_urban_expansion_outputs/processed_difference_patches/L15_1289E_1169N_5156_3514_13_0005_0_224.png,L15-1289E-1169N_5156_3514_13,/kaggle/input/datasets/amerii/spacenet-7-multitemporal-urban-development/SN7_buildings_train/train/L15-1289E-1169N_5156_3514_13/images/global_monthly_2018_01_mosaic_L15-1289E-1169N_5156_3514_13.tif,/kaggle/input/datasets/amerii/spacenet-7-multitemporal-urban-development/SN7_buildings_train/train/L15-1289E-1169N_5156_3514_13/images_masked/global_monthly_2020_01_mosaic_L15-1289E-1169N_5156_3514_13.tif,0,224,31.053611755371094,1,Urban Expansion
/kaggle/working/spacenet7_urban_expansion_outputs/processed_difference_patches/L15_1666E_1189N_6665_3433_13_0013_672_224.png,L15-1666E-1189N_6665_3433_13,/kaggle/input/datasets/amerii/spacenet-7-multitemporal-urban-development/SN7_buildings_test_public/test_public/L15-1666E-1189N_6665_3433_13/images_masked/global_monthly_2018_01_mosaic_L15-1666E-1189N_6665_3433_13.tif,/kaggle/input/datasets/amerii/spacenet-7-multitemporal-urban-development/SN7_buildings_test_public/test_public/L15-1666E-1189N_6665_3433_13/images_masked/global_monthly_2020_01_mosaic_L15-1666E-1189N_6665_3433_13.tif,672,224,17.313854217529297,0,No Urban Expansion
/kaggle/working/spacenet7_urban_expansion_outputs/processed_difference_patches/L15_1690E_1211N_6763_3346_13_0011_224_672.png,L15-1690E-1211N_6763_3346_13,/kaggle/input/datasets/amerii/spacenet-7-multitemporal-urban-development/SN7_buildings_train/train/L15-1690E-1211N_6763_3346_13/images/global_monthly_2017_07_mosaic_L15-1690E-1211N_6763_3346_13.tif,/kaggle/input/datasets/amerii/spacenet-7-multitemporal-urban-development/SN7_buildings_train/train/L15-1690E-1211N_6763_3346_13/images_masked/global_monthly_2019_09_mosaic_L15-1690E-1211N_6763_3346_13.tif,224,672,52.56880187988281,1,Urban Expansion
/kaggle/working/spacenet7_urban_expansion_outputs/processed_difference_patches/L15_1546E_1154N_6186_3574_13_0010_0_224.png,L15-1546E-1154N_6186_3574_13,/kaggle/input/datasets/amerii/spacenet-7-multitemporal-urban-development/SN7_buildings_test_public/test_public/L15-1546E-1154N_6186_3574_13/images_masked/global_monthly_2018_01_mosaic_L15-1546E-1154N_6186_3574_13.tif,/kaggle/input/datasets/amerii/spacenet-7-multitemporal-urban-development/SN7_buildings_test_public/test_public/L15-1546E-1154N_6186_3574_13/images_masked/global_monthly_2020_01_mosaic_L15-1546E-1154N_6186_3574_13.tif,0,224,31.297700881958008,1,Urban Expansion
/kaggle/working/spacenet7_urban_expansion_outputs/processed_difference_patches/L15_1672E_1207N_6691_3363_13_0000_672_672.png,L15-1672E-1207N_6691_3363_13,/kaggle/input/datasets/amerii/spacenet-7-multitemporal-urban-development/SN7_buildings_train/train/L15-1672E-1207N_6691_3363_13/images/global_monthly_2018_01_mosaic_L15-1672E-1207N_6691_3363_13.tif,/kaggle/input/datasets/amerii/spacenet-7-multitemporal-urban-development/SN7_buildings_train/train/L15-1672E-1207N_6691_3363_13/images_masked/global_monthly_2020_01_mosaic_L15-1672E-1207N_6691_3363_13.tif,672,672,13.36922550201416,0,No Urban Expansion
/kaggle/working/spacenet7_urban_expansion_outputs/processed_difference_patches/L15_0361E_1300N_1446_2989_13_0010_0_224.png,L15-0361E-1300N_1446_2989_13,/kaggle/input/datasets/amerii/spacenet-7-multitemporal-urban-development/SN7_buildings_train/train/L15-0361E-1300N_1446_2989_13/images/global_monthly_2018_01_mosaic_L15-0361E-1300N_1446_2989_13.tif,/kaggle/input/datasets/amerii/spacenet-7-multitemporal-urban-development/SN7_buildings_train/train/L15-0361E-1300N_1446_2989_13/images_masked/global_monthly_2020_01_mosaic_L15-0361E-1300N_1446_2989_13.tif,0,224,11.762066841125488,0,No Urban Expansion
/kaggle/working/spacenet7_urban_expansion_outputs/processed_difference_patches/L15_0571E_1075N_2287_3888_13_0006_672_672.png,L15-0571E-1075N_2287_3888_13,/kaggle/input/datasets/amerii/spacenet-7-multitemporal-urban-development/SN7_buildings_train/train/L15-0571E-1075N_2287_3888_13/images/global_monthly_2018_01_mosaic_L15-0571E-1075N_2287_3888_13.tif,/kaggle/input/datasets/amerii/spacenet-7-multitemporal-urban-development/SN7_buildings_train/train/L15-0571E-1075N_2287_3888_13/images_masked/global_monthly_2020_01_mosaic_L15-0571E-1075N_2287_3888_13.tif,672,672,19.04794692993164,0,No Urban Expansion
/kaggle/working/spacenet7_urban_expansion_outputs/processed_difference_patches/L15_1204E_1204N_4819_3372_13_0011_448_224.png,L15-1204E-1204N_4819_3372_13,/kaggle/input/datasets/amerii/spacenet-7-multitemporal-urban-development/SN7_buildings_train/train/L15-1204E-1204N_4819_3372_13/images/global_monthly_2018_01_mosaic_L15-1204E-1204N_4819_3372_13.tif,/kaggle/input/datasets/amerii/spacenet-7-multitemporal-urban-development/SN7_buildings_train/train/L15-1204E-1204N_4819_3372_13/images_masked/global_monthly_2020_01_mosaic_L15-1204E-1204N_4819_3372_13.tif,448,224,33.573307037353516,1,Urban Expansion
/kaggle/working/spacenet7_urban_expansion_outputs/processed_difference_patches/SN7_buildings_train_0015_224_448.png,SN7_buildings_train,/kaggle/input/datasets/amerii/spacenet-7-multitemporal-urban-development/SN7_buildings_train/train/L15-1669E-1160N_6678_3548_13/UDM_masks/global_monthly_2017_07_mosaic_L15-1669E-1160N_6678_3548_13_UDM.tif,/kaggle/input/datasets/amerii/spacenet-7-multitemporal-urban-development/SN7_buildings_train/train/L15-0571E-1075N_2287_3888_13/UDM_masks/global_monthly_2020_01_mosaic_L15-0571E-1075N_2287_3888_13_UDM.tif,224,448,126.6881332397461,1,Urban Expansion
/kaggle/working/spacenet7_urban_expansion_outputs/processed_difference_patches/L15_1703E_1219N_6813_3313_13_0004_224_0.png,L15-1703E-1219N_6813_3313_13,/kaggle/input/datasets/amerii/spacenet-7-multitemporal-urban-development/SN7_buildings_train/train/L15-1703E-1219N_6813_3313_13/images/global_monthly_2018_01_mosaic_L15-1703E-1219N_6813_3313_13.tif,/kaggle/input/datasets/amerii/spacenet-7-multitemporal-urban-development/SN7_buildings_train/train/L15-1703E-1219N_6813_3313_13/images_masked/global_monthly_2020_01_mosaic_L15-1703E-1219N_6813_3313_13.tif,224,0,18.200637817382812,0,No Urban Expansion
/kaggle/working/spacenet7_urban_expansion_outputs/processed_difference_patches/L15_1690E_1210N_6762_3348_13_0006_0_448.png,L15-1690E-1210N_6762_3348_13,/kaggle/input/datasets/amerii/spacenet-7-multitemporal-urban-development/SN7_buildings_test_public/test_public/L15-1690E-1210N_6762_3348_13/images_masked/global_monthly_2017_07_mosaic_L15-1690E-1210N_6762_3348_13.tif,/kaggle/input/datasets/amerii/spacenet-7-multitemporal-urban-development/SN7_buildings_test_public/test_public/L15-1690E-1210N_6762_3348_13/images_masked/global_monthly_2019_09_mosaic_L15-1690E-1210N_6762_3348_13.tif,0,448,32.73919677734375,1,Urban Expansion
/kaggle/working/spacenet7_urban_expansion_outputs/processed_difference_patches/L15_1209E_1113N_4838_3737_13_0008_672_0.png,L15-1209E-1113N_4838_3737_13,/kaggle/input/datasets/amerii/spacenet-7-multitemporal-urban-development/SN7_buildings_train/train/L15-1209E-1113N_4838_3737_13/images/global_monthly_2018_01_mosaic_L15-1209E-1113N_4838_3737_13.tif,/kaggle/input/datasets/amerii/spacenet-7-multitemporal-urban-development/SN7_buildings_train/train/L15-1209E-1113N_4838_3737_13/images_masked/global_monthly_2020_01_mosaic_L15-1209E-1113N_4838_3737_13.tif,672,0,32.484779357910156,1,Urban Expansion
/kaggle/working/spacenet7_urban_expansion_outputs/processed_difference_patches/L15_0744E_0927N_2979_4481_13_0003_224_448.png,L15-0744E-0927N_2979_4481_13,/kaggle/input/datasets/amerii/spacenet-7-multitemporal-urban-development/SN7_buildings_test_public/test_public/L15-0744E-0927N_2979_4481_13/images_masked/global_monthly_2018_01_mosaic_L15-0744E-0927N_2979_4481_13.tif,/kaggle/input/datasets/amerii/spacenet-7-multitemporal-urban-development/SN7_buildings_test_public/test_public/L15-0744E-0927N_2979_4481_13/images_masked/global_monthly_2020_01_mosaic_L15-0744E-0927N_2979_4481_13.tif,224,448,16.77664566040039,0,No Urban Expansion
/kaggle/working/spacenet7_urban_expansion_outputs/processed_difference_patches/L15_0544E_1228N_2176_3279_13_0006_0_0.png,L15-0544E-1228N_2176_3279_13,/kaggle/input/datasets/amerii/spacenet-7-multitemporal-urban-development/SN7_buildings_train/train/L15-0544E-1228N_2176_3279_13/images/global_monthly_2018_01_mosaic_L15-0544E-1228N_2176_3279_13.tif,/kaggle/input/datasets/amerii/spacenet-7-multitemporal-urban-development/SN7_buildings_train/train/L15-0544E-1228N_2176_3279_13/images_masked/global_monthly_2019_12_mosaic_L15-0544E-1228N_2176_3279_13.tif,0,0,32.04774475097656,1,Urban Expansion
/kaggle/working/spacenet7_urban_expansion_outputs/processed_difference_patches/L15_0361E_1300N_1446_2989_13_0004_224_672.png,L15-0361E-1300N_1446_2989_13,/kaggle/input/datasets/amerii/spacenet-7-multitemporal-urban-development/SN7_buildings_train/train/L15-0361E-1300N_1446_2989_13/images/global_monthly_2018_01_mosaic_L15-0361E-1300N_1446_2989_13.tif,/kaggle/input/datasets/amerii/spacenet-7-multitemporal-urban-development/SN7_buildings_train/train/L15-0361E-1300N_1446_2989_13/images_masked/global_monthly_2020_01_mosaic_L15-0361E-1300N_1446_2989_13.tif,224,672,15.437719345092773,0,No Urban Expansion
/kaggle/working/spacenet7_urban_expansion_outputs/processed_difference_patches/L15_1630E_0988N_6522_4239_13_0001_224_672.png,L15-1630E-0988N_6522_4239_13,/kaggle/input/datasets/amerii/spacenet-7-multitemporal-urban-development/SN7_buildings_test_public/test_public/L15-1630E-0988N_6522_4239_13/images_masked/global_monthly_2018_01_mosaic_L15-1630E-0988N_6522_4239_13.tif,/kaggle/input/datasets/amerii/spacenet-7-multitemporal-urban-development/SN7_buildings_test_public/test_public/L15-1630E-0988N_6522_4239_13/images_masked/global_monthly_2020_01_mosaic_L15-1630E-0988N_6522_4239_13.tif,224,672,37.03089141845703,1,Urban Expansion
/kaggle/working/spacenet7_urban_expansion_outputs/processed_difference_patches/L15_0361E_1300N_1446_2989_13_0014_448_672.png,L15-0361E-1300N_1446_2989_13,/kaggle/input/datasets/amerii/spacenet-7-multitemporal-urban-development/SN7_buildings_train/train/L15-0361E-1300N_1446_2989_13/images/global_monthly_2018_01_mosaic_L15-0361E-1300N_1446_2989_13.tif,/kaggle/input/datasets/amerii/spacenet-7-multitemporal-urban-development/SN7_buildings_train/train/L15-0361E-1300N_1446_2989_13/images_masked/global_monthly_2020_01_mosaic_L15-0361E-1300N_1446_2989_13.tif,448,672,18.637042999267578,0,No Urban Expansion
/kaggle/working/spacenet7_urban_expansion_outputs/processed_difference_patches/L15_0434E_1218N_1736_3318_13_0003_0_0.png,L15-0434E-1218N_1736_3318_13,/kaggle/input/datasets/amerii/spacenet-7-multitemporal-urban-development/SN7_buildings_train/train/L15-0434E-1218N_1736_3318_13/images/global_monthly_2018_01_mosaic_L15-0434E-1218N_1736_3318_13.tif,/kaggle/input/datasets/amerii/spacenet-7-multitemporal-urban-development/SN7_buildings_train/train/L15-0434E-1218N_1736_3318_13/images_masked/global_monthly_2020_01_mosaic_L15-0434E-1218N_1736_3318_13.tif,0,0,15.476656913757324,0,No Urban Expansion
/kaggle/working/spacenet7_urban_expansion_outputs/processed_difference_patches/L15_1669E_1160N_6678_3548_13_0005_224_448.png,L15-1669E-1160N_6678_3548_13,/kaggle/input/datasets/amerii/spacenet-7-multitemporal-urban-development/SN7_buildings_train/train/L15-1669E-1160N_6678_3548_13/images/global_monthly_2017_07_mosaic_L15-1669E-1160N_6678_3548_13.tif,/kaggle/input/datasets/amerii/spacenet-7-multitemporal-urban-development/SN7_buildings_train/train/L15-1669E-1160N_6678_3548_13/images_masked/global_monthly_2019_09_mosaic_L15-1669E-1160N_6678_3548_13.tif,224,448,42.82209014892578,1,Urban Expansion
/kaggle/working/spacenet7_urban_expansion_outputs/processed_difference_patches/SN7_buildings_train_0001_0_448.png,SN7_buildings_train,/kaggle/input/datasets/amerii/spacenet-7-multitemporal-urban-development/SN7_buildings_train/train/L15-1669E-1160N_6678_3548_13/UDM_masks/global_monthly_2017_07_mosaic_L15-1669E-1160N_6678_3548_13_UDM.tif,/kaggle/input/datasets/amerii/spacenet-7-multitemporal-urban-development/SN7_buildings_train/train/L15-0571E-1075N_2287_3888_13/UDM_masks/global_monthly_2020_01_mosaic_L15-0571E-1075N_2287_3888_13_UDM.tif,0,448,56.966651916503906,1,Urban Expansion
/kaggle/working/spacenet7_urban_expansion_outputs/processed_difference_patches/L15_1049E_1370N_4196_2710_13_0008_448_448.png,L15-1049E-1370N_4196_2710_13,/kaggle/input/datasets/amerii/spacenet-7-multitemporal-urban-development/SN7_buildings_train/train/L15-1049E-1370N_4196_2710_13/images/global_monthly_2018_01_mosaic_L15-1049E-1370N_4196_2710_13.tif,/kaggle/input/datasets/amerii/spacenet-7-multitemporal-urban-development/SN7_buildings_train/train/L15-1049E-1370N_4196_2710_13/images_masked/global_monthly_2020_01_mosaic_L15-1049E-1370N_4196_2710_13.tif,448,448,39.97990417480469,1,Urban Expansion
/kaggle/working/spacenet7_urban_expansion_outputs/processed_difference_patches/L15_1281E_1035N_5125_4049_13_0009_0_672.png,L15-1281E-1035N_5125_4049_13,/kaggle/input/datasets/amerii/spacenet-7-multitemporal-urban-development/SN7_buildings_test_public/test_public/L15-1281E-1035N_5125_4049_13/images_masked/global_monthly_2018_01_mosaic_L15-1281E-1035N_5125_4049_13.tif,/kaggle/input/datasets/amerii/spacenet-7-multitemporal-urban-development/SN7_buildings_test_public/test_public/L15-1281E-1035N_5125_4049_13/images_masked/global_monthly_2020_01_mosaic_L15-1281E-1035N_5125_4049_13.tif,0,672,18.3085880279541,0,No Urban Expansion
/kaggle/working/spacenet7_urban_expansion_outputs/processed_difference_patches/L15_0760E_0887N_3041_4643_13_0008_0_448.png,L15-0760E-0887N_3041_4643_13,/kaggle/input/datasets/amerii/spacenet-7-multitemporal-urban-development/SN7_buildings_train/train/L15-0760E-0887N_3041_4643_13/images/global_monthly_2018_01_mosaic_L15-0760E-0887N_3041_4643_13.tif,/kaggle/input/datasets/amerii/spacenet-7-multitemporal-urban-development/SN7_buildings_train/train/L15-0760E-0887N_3041_4643_13/images_masked/global_monthly_2020_01_mosaic_L15-0760E-0887N_3041_4643_13.tif,0,448,13.319076538085938,0,No Urban Expansion
/kaggle/working/spacenet7_urban_expansion_outputs/processed_difference_patches/L15_0571E_1075N_2287_3888_13_0014_0_448.png,L15-0571E-1075N_2287_3888_13,/kaggle/input/datasets/amerii/spacenet-7-multitemporal-urban-development/SN7_buildings_train/train/L15-0571E-1075N_2287_3888_13/images/global_monthly_2018_01_mosaic_L15-0571E-1075N_2287_3888_13.tif,/kaggle/input/datasets/amerii/spacenet-7-multitemporal-urban-development/SN7_buildings_train/train/L15-0571E-1075N_2287_3888_13/images_masked/global_monthly_2020_01_mosaic_L15-0571E-1075N_2287_3888_13.tif,0,448,87.79138946533203,1,Urban Expansion
/kaggle/working/spacenet7_urban_expansion_outputs/processed_difference_patches/L15_0632E_0892N_2528_4620_13_0007_224_672.png,L15-0632E-0892N_2528_4620_13,/kaggle/input/datasets/amerii/spacenet-7-multitemporal-urban-development/SN7_buildings_train/train/L15-0632E-0892N_2528_4620_13/images/global_monthly_2018_01_mosaic_L15-0632E-0892N_2528_4620_13.tif,/kaggle/input/datasets/amerii/spacenet-7-multitemporal-urban-development/SN7_buildings_train/train/L15-0632E-0892N_2528_4620_13/images_masked/global_monthly_2020_01_mosaic_L15-0632E-0892N_2528_4620_13.tif,224,672,12.053228378295898,0,No Urban Expansion
/kaggle/working/spacenet7_urban_expansion_outputs/processed_difference_patches/L15_0571E_1075N_2287_3888_13_0009_672_224.png,L15-0571E-1075N_2287_3888_13,/kaggle/input/datasets/amerii/spacenet-7-multitemporal-urban-development/SN7_buildings_train/train/L15-0571E-1075N_2287_3888_13/images/global_monthly_2018_01_mosaic_L15-0571E-1075N_2287_3888_13.tif,/kaggle/input/datasets/amerii/spacenet-7-multitemporal-urban-development/SN7_buildings_train/train/L15-0571E-1075N_2287_3888_13/images_masked/global_monthly_2020_01_mosaic_L15-0571E-1075N_2287_3888_13.tif,672,224,33.78647232055664,1,Urban Expansion
/kaggle/working/spacenet7_urban_expansion_outputs/processed_difference_patches/L15_1709E_1112N_6838_3742_13_0012_448_448.png,L15-1709E-1112N_6838_3742_13,/kaggle/input/datasets/amerii/spacenet-7-multitemporal-urban-development/SN7_buildings_train/train/L15-1709E-1112N_6838_3742_13/images/global_monthly_2018_01_mosaic_L15-1709E-1112N_6838_3742_13.tif,/kaggle/input/datasets/amerii/spacenet-7-multitemporal-urban-development/SN7_buildings_train/train/L15-1709E-1112N_6838_3742_13/images_masked/global_monthly_2020_01_mosaic_L15-1709E-1112N_6838_3742_13.tif,448,448,48.771507263183594,1,Urban Expansion
/kaggle/working/spacenet7_urban_expansion_outputs/processed_difference_patches/L15_1289E_1169N_5156_3514_13_0007_448_448.png,L15-1289E-1169N_5156_3514_13,/kaggle/input/datasets/amerii/spacenet-7-multitemporal-urban-development/SN7_buildings_train/train/L15-1289E-1169N_5156_3514_13/images/global_monthly_2018_01_mosaic_L15-1289E-1169N_5156_3514_13.tif,/kaggle/input/datasets/amerii/spacenet-7-multitemporal-urban-development/SN7_buildings_train/train/L15-1289E-1169N_5156_3514_13/images_masked/global_monthly_2020_01_mosaic_L15-1289E-1169N_5156_3514_13.tif,448,448,31.69153594970703,1,Urban Expansion
/kaggle/working/spacenet7_urban_expansion_outputs/processed_difference_patches/L15_0369E_1244N_1479_3214_13_0011_0_224.png,L15-0369E-1244N_1479_3214_13,/kaggle/input/datasets/amerii/spacenet-7-multitemporal-urban-development/SN7_buildings_test_public/test_public/L15-0369E-1244N_1479_3214_13/images_masked/global_monthly_2018_02_mosaic_L15-0369E-1244N_1479_3214_13.tif,/kaggle/input/datasets/amerii/spacenet-7-multitemporal-urban-development/SN7_buildings_test_public/test_public/L15-0369E-1244N_1479_3214_13/images_masked/global_monthly_2020_01_mosaic_L15-0369E-1244N_1479_3214_13.tif,0,224,33.2967643737793,1,Urban Expansion
/kaggle/working/spacenet7_urban_expansion_outputs/processed_difference_patches/L15_1335E_1166N_5342_3524_13_0001_672_0.png,L15-1335E-1166N_5342_3524_13,/kaggle/input/datasets/amerii/spacenet-7-multitemporal-urban-development/SN7_buildings_train/train/L15-1335E-1166N_5342_3524_13/images/global_monthly_2018_01_mosaic_L15-1335E-1166N_5342_3524_13.tif,/kaggle/input/datasets/amerii/spacenet-7-multitemporal-urban-development/SN7_buildings_train/train/L15-1335E-1166N_5342_3524_13/images_masked/global_monthly_2020_01_mosaic_L15-1335E-1166N_5342_3524_13.tif,672,0,3.840013265609741,0,No Urban Expansion
/kaggle/working/spacenet7_urban_expansion_outputs/processed_difference_patches/L15_1546E_1154N_6186_3574_13_0000_0_448.png,L15-1546E-1154N_6186_3574_13,/kaggle/input/datasets/amerii/spacenet-7-multitemporal-urban-development/SN7_buildings_test_public/test_public/L15-1546E-1154N_6186_3574_13/images_masked/global_monthly_2018_01_mosaic_L15-1546E-1154N_6186_3574_13.tif,/kaggle/input/datasets/amerii/spacenet-7-multitemporal-urban-development/SN7_buildings_test_public/test_public/L15-1546E-1154N_6186_3574_13/images_masked/global_monthly_2020_01_mosaic_L15-1546E-1154N_6186_3574_13.tif,0,448,19.81385040283203,0,No Urban Expansion
/kaggle/working/spacenet7_urban_expansion_outputs/processed_difference_patches/L15_1204E_1204N_4819_3372_13_0009_672_0.png,L15-1204E-1204N_4819_3372_13,/kaggle/input/datasets/amerii/spacenet-7-multitemporal-urban-development/SN7_buildings_train/train/L15-1204E-1204N_4819_3372_13/images/global_monthly_2018_01_mosaic_L15-1204E-1204N_4819_3372_13.tif,/kaggle/input/datasets/amerii/spacenet-7-multitemporal-urban-development/SN7_buildings_train/train/L15-1204E-1204N_4819_3372_13/images_masked/global_monthly_2020_01_mosaic_L15-1204E-1204N_4819_3372_13.tif,672,0,34.005062103271484,1,Urban Expansion
/kaggle/working/spacenet7_urban_expansion_outputs/processed_difference_patches/L15_1617E_1207N_6468_3360_13_0015_0_448.png,L15-1617E-1207N_6468_3360_13,/kaggle/input/datasets/amerii/spacenet-7-multitemporal-urban-development/SN7_buildings_train/train/L15-1617E-1207N_6468_3360_13/images/global_monthly_2018_02_mosaic_L15-1617E-1207N_6468_3360_13.tif,/kaggle/input/datasets/amerii/spacenet-7-multitemporal-urban-development/SN7_buildings_train/train/L15-1617E-1207N_6468_3360_13/images_masked/global_monthly_2020_01_mosaic_L15-1617E-1207N_6468_3360_13.tif,0,448,36.59251403808594,1,Urban Expansion
/kaggle/working/spacenet7_urban_expansion_outputs/processed_difference_patches/L15_1617E_1207N_6468_3360_13_0007_0_224.png,L15-1617E-1207N_6468_3360_13,/kaggle/input/datasets/amerii/spacenet-7-multitemporal-urban-development/SN7_buildings_train/train/L15-1617E-1207N_6468_3360_13/images/global_monthly_2018_02_mosaic_L15-1617E-1207N_6468_3360_13.tif,/kaggle/input/datasets/amerii/spacenet-7-multitemporal-urban-development/SN7_buildings_train/train/L15-1617E-1207N_6468_3360_13/images_masked/global_monthly_2020_01_mosaic_L15-1617E-1207N_6468_3360_13.tif,0,224,32.076416015625,1,Urban Expansion
/kaggle/working/spacenet7_urban_expansion_outputs/processed_difference_patches/L15_1666E_1189N_6665_3433_13_0000_672_0.png,L15-1666E-1189N_6665_3433_13,/kaggle/input/datasets/amerii/spacenet-7-multitemporal-urban-development/SN7_buildings_test_public/test_public/L15-1666E-1189N_6665_3433_13/images_masked/global_monthly_2018_01_mosaic_L15-1666E-1189N_6665_3433_13.tif,/kaggle/input/datasets/amerii/spacenet-7-multitemporal-urban-development/SN7_buildings_test_public/test_public/L15-1666E-1189N_6665_3433_13/images_masked/global_monthly_2020_01_mosaic_L15-1666E-1189N_6665_3433_13.tif,672,0,11.658706665039062,0,No Urban Expansion
/kaggle/working/spacenet7_urban_expansion_outputs/processed_difference_patches/L15_0369E_1244N_1479_3214_13_0010_448_448.png,L15-0369E-1244N_1479_3214_13,/kaggle/input/datasets/amerii/spacenet-7-multitemporal-urban-development/SN7_buildings_test_public/test_public/L15-0369E-1244N_1479_3214_13/images_masked/global_monthly_2018_02_mosaic_L15-0369E-1244N_1479_3214_13.tif,/kaggle/input/datasets/amerii/spacenet-7-multitemporal-urban-development/SN7_buildings_test_public/test_public/L15-0369E-1244N_1479_3214_13/images_masked/global_monthly_2020_01_mosaic_L15-0369E-1244N_1479_3214_13.tif,448,448,32.59005355834961,1,Urban Expansion
/kaggle/working/spacenet7_urban_expansion_outputs/processed_difference_patches/L15_1298E_1322N_5193_2903_13_0007_448_224.png,L15-1298E-1322N_5193_2903_13,/kaggle/input/datasets/amerii/spacenet-7-multitemporal-urban-development/SN7_buildings_train/train/L15-1298E-1322N_5193_2903_13/images/global_monthly_2018_01_mosaic_L15-1298E-1322N_5193_2903_13.tif,/kaggle/input/datasets/amerii/spacenet-7-multitemporal-urban-development/SN7_buildings_train/train/L15-1298E-1322N_5193_2903_13/images_masked/global_monthly_2020_01_mosaic_L15-1298E-1322N_5193_2903_13.tif,448,224,17.986248016357422,0,No Urban Expansion
/kaggle/working/spacenet7_urban_expansion_outputs/processed_difference_patches/L15_1172E_1306N_4688_2967_13_0015_448_672.png,L15-1172E-1306N_4688_2967_13,/kaggle/input/datasets/amerii/spacenet-7-multitemporal-urban-development/SN7_buildings_train/train/L15-1172E-1306N_4688_2967_13/images/global_monthly_2018_01_mosaic_L15-1172E-1306N_4688_2967_13.tif,/kaggle/input/datasets/amerii/spacenet-7-multitemporal-urban-development/SN7_buildings_train/train/L15-1172E-1306N_4688_2967_13/images_masked/global_monthly_2020_01_mosaic_L15-1172E-1306N_4688_2967_13.tif,448,672,16.629728317260742,0,No Urban Expansion
/kaggle/working/spacenet7_urban_expansion_outputs/processed_difference_patches/L15_0977E_1187N_3911_3441_13_0012_224_448.png,L15-0977E-1187N_3911_3441_13,/kaggle/input/datasets/amerii/spacenet-7-multitemporal-urban-development/SN7_buildings_train/train/L15-0977E-1187N_3911_3441_13/images/global_monthly_2018_01_mosaic_L15-0977E-1187N_3911_3441_13.tif,/kaggle/input/datasets/amerii/spacenet-7-multitemporal-urban-development/SN7_buildings_train/train/L15-0977E-1187N_3911_3441_13/images_masked/global_monthly_2020_01_mosaic_L15-0977E-1187N_3911_3441_13.tif,224,448,7.156523704528809,0,No Urban Expansion
/kaggle/working/spacenet7_urban_expansion_outputs/processed_difference_patches/L15_1690E_1211N_6763_3346_13_0003_0_448.png,L15-1690E-1211N_6763_3346_13,/kaggle/input/datasets/amerii/spacenet-7-multitemporal-urban-development/SN7_buildings_train/train/L15-1690E-1211N_6763_3346_13/images/global_monthly_2017_07_mosaic_L15-1690E-1211N_6763_3346_13.tif,/kaggle/input/datasets/amerii/spacenet-7-multitemporal-urban-development/SN7_buildings_train/train/L15-1690E-1211N_6763_3346_13/images_masked/global_monthly_2019_09_mosaic_L15-1690E-1211N_6763_3346_13.tif,0,448,35.08989715576172,1,Urban Expansion
/kaggle/working/spacenet7_urban_expansion_outputs/processed_difference_patches/L15_1014E_1375N_4056_2688_13_0013_0_672.png,L15-1014E-1375N_4056_2688_13,/kaggle/input/datasets/amerii/spacenet-7-multitemporal-urban-development/SN7_buildings_train/train/L15-1014E-1375N_4056_2688_13/images/global_monthly_2018_01_mosaic_L15-1014E-1375N_4056_2688_13.tif,/kaggle/input/datasets/amerii/spacenet-7-multitemporal-urban-development/SN7_buildings_train/train/L15-1014E-1375N_4056_2688_13/images_masked/global_monthly_2020_01_mosaic_L15-1014E-1375N_4056_2688_13.tif,0,672,12.425357818603516,0,No Urban Expansion
/kaggle/working/spacenet7_urban_expansion_outputs/processed_difference_patches/SN7_buildings_train_sample_0012_0_0.png,SN7_buildings_train_sample,/kaggle/input/datasets/amerii/spacenet-7-multitemporal-urban-development/SN7_buildings_train_sample/sample/L15-0506E-1204N_2027_3374_13/UDM_masks/global_monthly_2018_06_mosaic_L15-0506E-1204N_2027_3374_13_UDM.tif,/kaggle/input/datasets/amerii/spacenet-7-multitemporal-urban-development/SN7_buildings_train_sample/sample/L15-0506E-1204N_2027_3374_13/UDM_masks/global_monthly_2019_11_mosaic_L15-0506E-1204N_2027_3374_13_UDM.tif,0,0,132.13870239257812,1,Urban Expansion
/kaggle/working/spacenet7_urban_expansion_outputs/processed_difference_patches/L15_0434E_1218N_1736_3318_13_0000_224_672.png,L15-0434E-1218N_1736_3318_13,/kaggle/input/datasets/amerii/spacenet-7-multitemporal-urban-development/SN7_buildings_train/train/L15-0434E-1218N_1736_3318_13/images/global_monthly_2018_01_mosaic_L15-0434E-1218N_1736_3318_13.tif,/kaggle/input/datasets/amerii/spacenet-7-multitemporal-urban-development/SN7_buildings_train/train/L15-0434E-1218N_1736_3318_13/images_masked/global_monthly_2020_01_mosaic_L15-0434E-1218N_1736_3318_13.tif,224,672,19.71480941772461,0,No Urban Expansion
/kaggle/working/spacenet7_urban_expansion_outputs/processed_difference_patches/L15_0632E_0892N_2528_4620_13_0000_448_672.png,L15-0632E-0892N_2528_4620_13,/kaggle/input/datasets/amerii/spacenet-7-multitemporal-urban-development/SN7_buildings_train/train/L15-0632E-0892N_2528_4620_13/images/global_monthly_2018_01_mosaic_L15-0632E-0892N_2528_4620_13.tif,/kaggle/input/datasets/amerii/spacenet-7-multitemporal-urban-development/SN7_buildings_train/train/L15-0632E-0892N_2528_4620_13/images_masked/global_monthly_2020_01_mosaic_L15-0632E-0892N_2528_4620_13.tif,448,672,8.679692268371582,0,No Urban Expansion
/kaggle/working/spacenet7_urban_expansion_outputs/processed_difference_patches/L15_1848E_0793N_7394_5018_13_0005_0_448.png,L15-1848E-0793N_7394_5018_13,/kaggle/input/datasets/amerii/spacenet-7-multitemporal-urban-development/SN7_buildings_train/train/L15-1848E-0793N_7394_5018_13/images/global_monthly_2018_01_mosaic_L15-1848E-0793N_7394_5018_13.tif,/kaggle/input/datasets/amerii/spacenet-7-multitemporal-urban-development/SN7_buildings_train/train/L15-1848E-0793N_7394_5018_13/images_masked/global_monthly_2020_01_mosaic_L15-1848E-0793N_7394_5018_13.tif,0,448,15.65311050415039,0,No Urban Expansion
/kaggle/working/spacenet7_urban_expansion_outputs/processed_difference_patches/L15_1669E_1153N_6678_3579_13_0014_448_448.png,L15-1669E-1153N_6678_3579_13,/kaggle/input/datasets/amerii/spacenet-7-multitemporal-urban-development/SN7_buildings_train/train/L15-1669E-1153N_6678_3579_13/images/global_monthly_2018_01_mosaic_L15-1669E-1153N_6678_3579_13.tif,/kaggle/input/datasets/amerii/spacenet-7-multitemporal-urban-development/SN7_buildings_train/train/L15-1669E-1153N_6678_3579_13/images_masked/global_monthly_2019_12_mosaic_L15-1669E-1153N_6678_3579_13.tif,448,448,49.245819091796875,1,Urban Expansion
/kaggle/working/spacenet7_urban_expansion_outputs/processed_difference_patches/L15_1703E_1219N_6813_3313_13_0011_448_224.png,L15-1703E-1219N_6813_3313_13,/kaggle/input/datasets/amerii/spacenet-7-multitemporal-urban-development/SN7_buildings_train/train/L15-1703E-1219N_6813_3313_13/images/global_monthly_2018_01_mosaic_L15-1703E-1219N_6813_3313_13.tif,/kaggle/input/datasets/amerii/spacenet-7-multitemporal-urban-development/SN7_buildings_train/train/L15-1703E-1219N_6813_3313_13/images_masked/global_monthly_2020_01_mosaic_L15-1703E-1219N_6813_3313_13.tif,448,224,19.45722007751465,0,No Urban Expansion
/kaggle/working/spacenet7_urban_expansion_outputs/processed_difference_patches/L15_1335E_1166N_5342_3524_13_0015_448_224.png,L15-1335E-1166N_5342_3524_13,/kaggle/input/datasets/amerii/spacenet-7-multitemporal-urban-development/SN7_buildings_train/train/L15-1335E-1166N_5342_3524_13/images/global_monthly_2018_01_mosaic_L15-1335E-1166N_5342_3524_13.tif,/kaggle/input/datasets/amerii/spacenet-7-multitemporal-urban-development/SN7_buildings_train/train/L15-1335E-1166N_5342_3524_13/images_masked/global_monthly_2020_01_mosaic_L15-1335E-1166N_5342_3524_13.tif,448,224,18.44193458557129,0,No Urban Expansion
/kaggle/working/spacenet7_urban_expansion_outputs/processed_difference_patches/L15_0697E_0874N_2789_4694_13_0006_448_448.png,L15-0697E-0874N_2789_4694_13,/kaggle/input/datasets/amerii/spacenet-7-multitemporal-urban-development/SN7_buildings_test_public/test_public/L15-0697E-0874N_2789_4694_13/images_masked/global_monthly_2018_01_mosaic_L15-0697E-0874N_2789_4694_13.tif,/kaggle/input/datasets/amerii/spacenet-7-multitemporal-urban-development/SN7_buildings_test_public/test_public/L15-0697E-0874N_2789_4694_13/images_masked/global_monthly_2020_01_mosaic_L15-0697E-0874N_2789_4694_13.tif,448,448,17.851974487304688,0,No Urban Expansion
/kaggle/working/spacenet7_urban_expansion_outputs/processed_difference_patches/L15_1203E_1203N_4815_3379_13_0010_0_224.png,L15-1203E-1203N_4815_3379_13,/kaggle/input/datasets/amerii/spacenet-7-multitemporal-urban-development/SN7_buildings_test_public/test_public/L15-1203E-1203N_4815_3379_13/images_masked/global_monthly_2017_07_mosaic_L15-1203E-1203N_4815_3379_13.tif,/kaggle/input/datasets/amerii/spacenet-7-multitemporal-urban-development/SN7_buildings_test_public/test_public/L15-1203E-1203N_4815_3379_13/images_masked/global_monthly_2019_09_mosaic_L15-1203E-1203N_4815_3379_13.tif,0,224,43.62458801269531,1,Urban Expansion
/kaggle/working/spacenet7_urban_expansion_outputs/processed_difference_patches/L15_1439E_1134N_5759_3655_13_0003_224_448.png,L15-1439E-1134N_5759_3655_13,/kaggle/input/datasets/amerii/spacenet-7-multitemporal-urban-development/SN7_buildings_train/train/L15-1439E-1134N_5759_3655_13/images/global_monthly_2018_02_mosaic_L15-1439E-1134N_5759_3655_13.tif,/kaggle/input/datasets/amerii/spacenet-7-multitemporal-urban-development/SN7_buildings_train/train/L15-1439E-1134N_5759_3655_13/images_masked/global_monthly_2020_01_mosaic_L15-1439E-1134N_5759_3655_13.tif,224,448,14.575119972229004,0,No Urban Expansion
/kaggle/working/spacenet7_urban_expansion_outputs/processed_difference_patches/SN7_buildings_train_sample_0014_0_672.png,SN7_buildings_train_sample,/kaggle/input/datasets/amerii/spacenet-7-multitemporal-urban-development/SN7_buildings_train_sample/sample/L15-0506E-1204N_2027_3374_13/UDM_masks/global_monthly_2018_06_mosaic_L15-0506E-1204N_2027_3374_13_UDM.tif,/kaggle/input/datasets/amerii/spacenet-7-multitemporal-urban-development/SN7_buildings_train_sample/sample/L15-0506E-1204N_2027_3374_13/UDM_masks/global_monthly_2019_11_mosaic_L15-0506E-1204N_2027_3374_13_UDM.tif,0,672,70.70486450195312,1,Urban Expansion
/kaggle/working/spacenet7_urban_expansion_outputs/processed_difference_patches/L15_0391E_1219N_1567_3314_13_0002_448_672.png,L15-0391E-1219N_1567_3314_13,/kaggle/input/datasets/amerii/spacenet-7-multitemporal-urban-development/SN7_buildings_test_public/test_public/L15-0391E-1219N_1567_3314_13/images_masked/global_monthly_2018_01_mosaic_L15-0391E-1219N_1567_3314_13.tif,/kaggle/input/datasets/amerii/spacenet-7-multitemporal-urban-development/SN7_buildings_test_public/test_public/L15-0391E-1219N_1567_3314_13/images_masked/global_monthly_2020_01_mosaic_L15-0391E-1219N_1567_3314_13.tif,448,672,34.901039123535156,1,Urban Expansion
/kaggle/working/spacenet7_urban_expansion_outputs/processed_difference_patches/L15_1296E_1198N_5184_3399_13_0000_0_0.png,L15-1296E-1198N_5184_3399_13,/kaggle/input/datasets/amerii/spacenet-7-multitemporal-urban-development/SN7_buildings_train/train/L15-1296E-1198N_5184_3399_13/images/global_monthly_2018_01_mosaic_L15-1296E-1198N_5184_3399_13.tif,/kaggle/input/datasets/amerii/spacenet-7-multitemporal-urban-development/SN7_buildings_train/train/L15-1296E-1198N_5184_3399_13/images_masked/global_monthly_2020_01_mosaic_L15-1296E-1198N_5184_3399_13.tif,0,0,20.01371192932129,0,No Urban Expansion
/kaggle/working/spacenet7_urban_expansion_outputs/processed_difference_patches/L15_0487E_1246N_1950_3207_13_0011_672_672.png,L15-0487E-1246N_1950_3207_13,/kaggle/input/datasets/amerii/spacenet-7-multitemporal-urban-development/SN7_buildings_train/train/L15-0487E-1246N_1950_3207_13/images/global_monthly_2018_01_mosaic_L15-0487E-1246N_1950_3207_13.tif,/kaggle/input/datasets/amerii/spacenet-7-multitemporal-urban-development/SN7_buildings_train/train/L15-0487E-1246N_1950_3207_13/images_masked/global_monthly_2020_01_mosaic_L15-0487E-1246N_1950_3207_13.tif,672,672,30.938201904296875,1,Urban Expansion
/kaggle/working/spacenet7_urban_expansion_outputs/processed_difference_patches/L15_1439E_1134N_5759_3655_13_0014_224_672.png,L15-1439E-1134N_5759_3655_13,/kaggle/input/datasets/amerii/spacenet-7-multitemporal-urban-development/SN7_buildings_train/train/L15-1439E-1134N_5759_3655_13/images/global_monthly_2018_02_mosaic_L15-1439E-1134N_5759_3655_13.tif,/kaggle/input/datasets/amerii/spacenet-7-multitemporal-urban-development/SN7_buildings_train/train/L15-1439E-1134N_5759_3655_13/images_masked/global_monthly_2020_01_mosaic_L15-1439E-1134N_5759_3655_13.tif,224,672,31.10704803466797,1,Urban Expansion
/kaggle/working/spacenet7_urban_expansion_outputs/processed_difference_patches/L15_1213E_1238N_4852_3239_13_0005_0_672.png,L15-1213E-1238N_4852_3239_13,/kaggle/input/datasets/amerii/spacenet-7-multitemporal-urban-development/SN7_buildings_test_public/test_public/L15-1213E-1238N_4852_3239_13/images_masked/global_monthly_2018_03_mosaic_L15-1213E-1238N_4852_3239_13.tif,/kaggle/input/datasets/amerii/spacenet-7-multitemporal-urban-development/SN7_buildings_test_public/test_public/L15-1213E-1238N_4852_3239_13/images_masked/global_monthly_2019_12_mosaic_L15-1213E-1238N_4852_3239_13.tif,0,672,39.38600158691406,1,Urban Expansion
/kaggle/working/spacenet7_urban_expansion_outputs/processed_difference_patches/L15_1630E_0988N_6522_4239_13_0008_672_448.png,L15-1630E-0988N_6522_4239_13,/kaggle/input/datasets/amerii/spacenet-7-multitemporal-urban-development/SN7_buildings_test_public/test_public/L15-1630E-0988N_6522_4239_13/images_masked/global_monthly_2018_01_mosaic_L15-1630E-0988N_6522_4239_13.tif,/kaggle/input/datasets/amerii/spacenet-7-multitemporal-urban-development/SN7_buildings_test_public/test_public/L15-1630E-0988N_6522_4239_13/images_masked/global_monthly_2020_01_mosaic_L15-1630E-0988N_6522_4239_13.tif,672,448,31.41790771484375,1,Urban Expansion
/kaggle/working/spacenet7_urban_expansion_outputs/processed_difference_patches/L15_0331E_1257N_1327_3160_13_0002_224_224.png,L15-0331E-1257N_1327_3160_13,/kaggle/input/datasets/amerii/spacenet-7-multitemporal-urban-development/SN7_buildings_train/train/L15-0331E-1257N_1327_3160_13/images/global_monthly_2018_01_mosaic_L15-0331E-1257N_1327_3160_13.tif,/kaggle/input/datasets/amerii/spacenet-7-multitemporal-urban-development/SN7_buildings_train/train/L15-0331E-1257N_1327_3160_13/images_masked/global_monthly_2020_01_mosaic_L15-0331E-1257N_1327_3160_13.tif,224,224,18.051509857177734,0,No Urban Expansion
/kaggle/working/spacenet7_urban_expansion_outputs/processed_difference_patches/L15_1185E_0935N_4742_4450_13_0015_224_448.png,L15-1185E-0935N_4742_4450_13,/kaggle/input/datasets/amerii/spacenet-7-multitemporal-urban-development/SN7_buildings_train/train/L15-1185E-0935N_4742_4450_13/images/global_monthly_2018_01_mosaic_L15-1185E-0935N_4742_4450_13.tif,/kaggle/input/datasets/amerii/spacenet-7-multitemporal-urban-development/SN7_buildings_train/train/L15-1185E-0935N_4742_4450_13/images_masked/global_monthly_2020_01_mosaic_L15-1185E-0935N_4742_4450_13.tif,224,448,37.30061721801758,1,Urban Expansion
/kaggle/working/spacenet7_urban_expansion_outputs/processed_difference_patches/L15_1716E_1211N_6864_3345_13_0007_672_672.png,L15-1716E-1211N_6864_3345_13,/kaggle/input/datasets/amerii/spacenet-7-multitemporal-urban-development/SN7_buildings_train/train/L15-1716E-1211N_6864_3345_13/images/global_monthly_2018_01_mosaic_L15-1716E-1211N_6864_3345_13.tif,/kaggle/input/datasets/amerii/spacenet-7-multitemporal-urban-development/SN7_buildings_train/train/L15-1716E-1211N_6864_3345_13/images_masked/global_monthly_2020_01_mosaic_L15-1716E-1211N_6864_3345_13.tif,672,672,33.300262451171875,1,Urban Expansion
/kaggle/working/spacenet7_urban_expansion_outputs/processed_difference_patches/L15_1204E_1202N_4816_3380_13_0008_224_448.png,L15-1204E-1202N_4816_3380_13,/kaggle/input/datasets/amerii/spacenet-7-multitemporal-urban-development/SN7_buildings_train/train/L15-1204E-1202N_4816_3380_13/images/global_monthly_2017_07_mosaic_L15-1204E-1202N_4816_3380_13.tif,/kaggle/input/datasets/amerii/spacenet-7-multitemporal-urban-development/SN7_buildings_train/train/L15-1204E-1202N_4816_3380_13/images_masked/global_monthly_2019_09_mosaic_L15-1204E-1202N_4816_3380_13.tif,224,448,34.81949996948242,1,Urban Expansion
/kaggle/working/spacenet7_urban_expansion_outputs/processed_difference_patches/L15_1138E_1216N_4553_3325_13_0011_224_448.png,L15-1138E-1216N_4553_3325_13,/kaggle/input/datasets/amerii/spacenet-7-multitemporal-urban-development/SN7_buildings_train/train/L15-1138E-1216N_4553_3325_13/images/global_monthly_2018_01_mosaic_L15-1138E-1216N_4553_3325_13.tif,/kaggle/input/datasets/amerii/spacenet-7-multitemporal-urban-development/SN7_buildings_train/train/L15-1138E-1216N_4553_3325_13/images_masked/global_monthly_2020_01_mosaic_L15-1138E-1216N_4553_3325_13.tif,224,448,31.963008880615234,1,Urban Expansion
/kaggle/working/spacenet7_urban_expansion_outputs/processed_difference_patches/L15_1335E_1166N_5342_3524_13_0006_0_448.png,L15-1335E-1166N_5342_3524_13,/kaggle/input/datasets/amerii/spacenet-7-multitemporal-urban-development/SN7_buildings_train/train/L15-1335E-1166N_5342_3524_13/images/global_monthly_2018_01_mosaic_L15-1335E-1166N_5342_3524_13.tif,/kaggle/input/datasets/amerii/spacenet-7-multitemporal-urban-development/SN7_buildings_train/train/L15-1335E-1166N_5342_3524_13/images_masked/global_monthly_2020_01_mosaic_L15-1335E-1166N_5342_3524_13.tif,0,448,19.50101661682129,0,No Urban Expansion
/kaggle/working/spacenet7_urban_expansion_outputs/processed_difference_patches/L15_1630E_0988N_6522_4239_13_0015_0_448.png,L15-1630E-0988N_6522_4239_13,/kaggle/input/datasets/amerii/spacenet-7-multitemporal-urban-development/SN7_buildings_test_public/test_public/L15-1630E-0988N_6522_4239_13/images_masked/global_monthly_2018_01_mosaic_L15-1630E-0988N_6522_4239_13.tif,/kaggle/input/datasets/amerii/spacenet-7-multitemporal-urban-development/SN7_buildings_test_public/test_public/L15-1630E-0988N_6522_4239_13/images_masked/global_monthly_2020_01_mosaic_L15-1630E-0988N_6522_4239_13.tif,0,448,47.828182220458984,1,Urban Expansion
/kaggle/working/spacenet7_urban_expansion_outputs/processed_difference_patches/L15_1630E_0988N_6522_4239_13_0011_448_448.png,L15-1630E-0988N_6522_4239_13,/kaggle/input/datasets/amerii/spacenet-7-multitemporal-urban-development/SN7_buildings_test_public/test_public/L15-1630E-0988N_6522_4239_13/images_masked/global_monthly_2018_01_mosaic_L15-1630E-0988N_6522_4239_13.tif,/kaggle/input/datasets/amerii/spacenet-7-multitemporal-urban-development/SN7_buildings_test_public/test_public/L15-1630E-0988N_6522_4239_13/images_masked/global_monthly_2020_01_mosaic_L15-1630E-0988N_6522_4239_13.tif,448,448,39.806514739990234,1,Urban Expansion
/kaggle/working/spacenet7_urban_expansion_outputs/processed_difference_patches/L15_1538E_1163N_6154_3539_13_0008_448_224.png,L15-1538E-1163N_6154_3539_13,/kaggle/input/datasets/amerii/spacenet-7-multitemporal-urban-development/SN7_buildings_train/train/L15-1538E-1163N_6154_3539_13/images/global_monthly_2018_01_mosaic_L15-1538E-1163N_6154_3539_13.tif,/kaggle/input/datasets/amerii/spacenet-7-multitemporal-urban-development/SN7_buildings_train/train/L15-1538E-1163N_6154_3539_13/images_masked/global_monthly_2020_01_mosaic_L15-1538E-1163N_6154_3539_13.tif,448,224,15.595848083496094,0,No Urban Expansion
/kaggle/working/spacenet7_urban_expansion_outputs/processed_difference_patches/L15_0387E_1276N_1549_3087_13_0006_448_448.png,L15-0387E-1276N_1549_3087_13,/kaggle/input/datasets/amerii/spacenet-7-multitemporal-urban-development/SN7_buildings_train/train/L15-0387E-1276N_1549_3087_13/images/global_monthly_2018_01_mosaic_L15-0387E-1276N_1549_3087_13.tif,/kaggle/input/datasets/amerii/spacenet-7-multitemporal-urban-development/SN7_buildings_train/train/L15-0387E-1276N_1549_3087_13/images_masked/global_monthly_2019_12_mosaic_L15-0387E-1276N_1549_3087_13.tif,448,448,53.656211853027344,1,Urban Expansion
/kaggle/working/spacenet7_urban_expansion_outputs/processed_difference_patches/L15_0387E_1276N_1549_3087_13_0000_0_224.png,L15-0387E-1276N_1549_3087_13,/kaggle/input/datasets/amerii/spacenet-7-multitemporal-urban-development/SN7_buildings_train/train/L15-0387E-1276N_1549_3087_13/images/global_monthly_2018_01_mosaic_L15-0387E-1276N_1549_3087_13.tif,/kaggle/input/datasets/amerii/spacenet-7-multitemporal-urban-development/SN7_buildings_train/train/L15-0387E-1276N_1549_3087_13/images_masked/global_monthly_2019_12_mosaic_L15-0387E-1276N_1549_3087_13.tif,0,224,55.23486328125,1,Urban Expansion
/kaggle/working/spacenet7_urban_expansion_outputs/processed_difference_patches/L15_1669E_1160N_6678_3548_13_0006_224_224.png,L15-1669E-1160N_6678_3548_13,/kaggle/input/datasets/amerii/spacenet-7-multitemporal-urban-development/SN7_buildings_train/train/L15-1669E-1160N_6678_3548_13/images/global_monthly_2017_07_mosaic_L15-1669E-1160N_6678_3548_13.tif,/kaggle/input/datasets/amerii/spacenet-7-multitemporal-urban-development/SN7_buildings_train/train/L15-1669E-1160N_6678_3548_13/images_masked/global_monthly_2019_09_mosaic_L15-1669E-1160N_6678_3548_13.tif,224,224,33.6890869140625,1,Urban Expansion
/kaggle/working/spacenet7_urban_expansion_outputs/processed_difference_patches/L15_1296E_1198N_5184_3399_13_0001_0_448.png,L15-1296E-1198N_5184_3399_13,/kaggle/input/datasets/amerii/spacenet-7-multitemporal-urban-development/SN7_buildings_train/train/L15-1296E-1198N_5184_3399_13/images/global_monthly_2018_01_mosaic_L15-1296E-1198N_5184_3399_13.tif,/kaggle/input/datasets/amerii/spacenet-7-multitemporal-urban-development/SN7_buildings_train/train/L15-1296E-1198N_5184_3399_13/images_masked/global_monthly_2020_01_mosaic_L15-1296E-1198N_5184_3399_13.tif,0,448,10.908063888549805,0,No Urban Expansion
/kaggle/working/spacenet7_urban_expansion_outputs/processed_difference_patches/L15_0566E_1185N_2265_3451_13_0008_224_672.png,L15-0566E-1185N_2265_3451_13,/kaggle/input/datasets/amerii/spacenet-7-multitemporal-urban-development/SN7_buildings_train/train/L15-0566E-1185N_2265_3451_13/images/global_monthly_2018_01_mosaic_L15-0566E-1185N_2265_3451_13.tif,/kaggle/input/datasets/amerii/spacenet-7-multitemporal-urban-development/SN7_buildings_train/train/L15-0566E-1185N_2265_3451_13/images_masked/global_monthly_2020_01_mosaic_L15-0566E-1185N_2265_3451_13.tif,224,672,11.420788764953613,0,No Urban Expansion
/kaggle/working/spacenet7_urban_expansion_outputs/processed_difference_patches/L15_1617E_1207N_6468_3360_13_0006_672_224.png,L15-1617E-1207N_6468_3360_13,/kaggle/input/datasets/amerii/spacenet-7-multitemporal-urban-development/SN7_buildings_train/train/L15-1617E-1207N_6468_3360_13/images/global_monthly_2018_02_mosaic_L15-1617E-1207N_6468_3360_13.tif,/kaggle/input/datasets/amerii/spacenet-7-multitemporal-urban-development/SN7_buildings_train/train/L15-1617E-1207N_6468_3360_13/images_masked/global_monthly_2020_01_mosaic_L15-1617E-1207N_6468_3360_13.tif,672,224,31.013999938964844,1,Urban Expansion
/kaggle/working/spacenet7_urban_expansion_outputs/processed_difference_patches/L15_0977E_1187N_3911_3441_13_0013_224_224.png,L15-0977E-1187N_3911_3441_13,/kaggle/input/datasets/amerii/spacenet-7-multitemporal-urban-development/SN7_buildings_train/train/L15-0977E-1187N_3911_3441_13/images/global_monthly_2018_01_mosaic_L15-0977E-1187N_3911_3441_13.tif,/kaggle/input/datasets/amerii/spacenet-7-multitemporal-urban-development/SN7_buildings_train/train/L15-0977E-1187N_3911_3441_13/images_masked/global_monthly_2020_01_mosaic_L15-0977E-1187N_3911_3441_13.tif,224,224,8.356873512268066,0,No Urban Expansion
/kaggle/working/spacenet7_urban_expansion_outputs/processed_difference_patches/L15_1709E_1112N_6838_3742_13_0008_448_0.png,L15-1709E-1112N_6838_3742_13,/kaggle/input/datasets/amerii/spacenet-7-multitemporal-urban-development/SN7_buildings_train/train/L15-1709E-1112N_6838_3742_13/images/global_monthly_2018_01_mosaic_L15-1709E-1112N_6838_3742_13.tif,/kaggle/input/datasets/amerii/spacenet-7-multitemporal-urban-development/SN7_buildings_train/train/L15-1709E-1112N_6838_3742_13/images_masked/global_monthly_2020_01_mosaic_L15-1709E-1112N_6838_3742_13.tif,448,0,19.928213119506836,0,No Urban Expansion
/kaggle/working/spacenet7_urban_expansion_outputs/processed_difference_patches/L15_1691E_1211N_6764_3347_13_0010_448_448.png,L15-1691E-1211N_6764_3347_13,/kaggle/input/datasets/amerii/spacenet-7-multitemporal-urban-development/SN7_buildings_train/train/L15-1691E-1211N_6764_3347_13/images/global_monthly_2017_07_mosaic_L15-1691E-1211N_6764_3347_13.tif,/kaggle/input/datasets/amerii/spacenet-7-multitemporal-urban-development/SN7_buildings_train/train/L15-1691E-1211N_6764_3347_13/images_masked/global_monthly_2019_09_mosaic_L15-1691E-1211N_6764_3347_13.tif,448,448,30.860057830810547,1,Urban Expansion
/kaggle/working/spacenet7_urban_expansion_outputs/processed_difference_patches/L15_1538E_1163N_6154_3539_13_0011_672_672.png,L15-1538E-1163N_6154_3539_13,/kaggle/input/datasets/amerii/spacenet-7-multitemporal-urban-development/SN7_buildings_train/train/L15-1538E-1163N_6154_3539_13/images/global_monthly_2018_01_mosaic_L15-1538E-1163N_6154_3539_13.tif,/kaggle/input/datasets/amerii/spacenet-7-multitemporal-urban-development/SN7_buildings_train/train/L15-1538E-1163N_6154_3539_13/images_masked/global_monthly_2020_01_mosaic_L15-1538E-1163N_6154_3539_13.tif,672,672,18.29355239868164,0,No Urban Expansion
/kaggle/working/spacenet7_urban_expansion_outputs/processed_difference_patches/L15_1138E_1216N_4553_3325_13_0009_0_224.png,L15-1138E-1216N_4553_3325_13,/kaggle/input/datasets/amerii/spacenet-7-multitemporal-urban-development/SN7_buildings_train/train/L15-1138E-1216N_4553_3325_13/images/global_monthly_2018_01_mosaic_L15-1138E-1216N_4553_3325_13.tif,/kaggle/input/datasets/amerii/spacenet-7-multitemporal-urban-development/SN7_buildings_train/train/L15-1138E-1216N_4553_3325_13/images_masked/global_monthly_2020_01_mosaic_L15-1138E-1216N_4553_3325_13.tif,0,224,31.407894134521484,1,Urban Expansion
/kaggle/working/spacenet7_urban_expansion_outputs/processed_difference_patches/L15_1690E_1211N_6763_3346_13_0010_448_0.png,L15-1690E-1211N_6763_3346_13,/kaggle/input/datasets/amerii/spacenet-7-multitemporal-urban-development/SN7_buildings_train/train/L15-1690E-1211N_6763_3346_13/images/global_monthly_2017_07_mosaic_L15-1690E-1211N_6763_3346_13.tif,/kaggle/input/datasets/amerii/spacenet-7-multitemporal-urban-development/SN7_buildings_train/train/L15-1690E-1211N_6763_3346_13/images_masked/global_monthly_2019_09_mosaic_L15-1690E-1211N_6763_3346_13.tif,448,0,50.2523307800293,1,Urban Expansion
/kaggle/working/spacenet7_urban_expansion_outputs/processed_difference_patches/L15_0487E_1246N_1950_3207_13_0000_448_672.png,L15-0487E-1246N_1950_3207_13,/kaggle/input/datasets/amerii/spacenet-7-multitemporal-urban-development/SN7_buildings_train/train/L15-0487E-1246N_1950_3207_13/images/global_monthly_2018_01_mosaic_L15-0487E-1246N_1950_3207_13.tif,/kaggle/input/datasets/amerii/spacenet-7-multitemporal-urban-development/SN7_buildings_train/train/L15-0487E-1246N_1950_3207_13/images_masked/global_monthly_2020_01_mosaic_L15-0487E-1246N_1950_3207_13.tif,448,672,16.434932708740234,0,No Urban Expansion
/kaggle/working/spacenet7_urban_expansion_outputs/processed_difference_patches/L15_1669E_1160N_6678_3548_13_0007_672_0.png,L15-1669E-1160N_6678_3548_13,/kaggle/input/datasets/amerii/spacenet-7-multitemporal-urban-development/SN7_buildings_train/train/L15-1669E-1160N_6678_3548_13/images/global_monthly_2017_07_mosaic_L15-1669E-1160N_6678_3548_13.tif,/kaggle/input/datasets/amerii/spacenet-7-multitemporal-urban-development/SN7_buildings_train/train/L15-1669E-1160N_6678_3548_13/images_masked/global_monthly_2019_09_mosaic_L15-1669E-1160N_6678_3548_13.tif,672,0,11.645657539367676,0,No Urban Expansion
/kaggle/working/spacenet7_urban_expansion_outputs/processed_difference_patches/L15_0457E_1135N_1831_3648_13_0000_672_0.png,L15-0457E-1135N_1831_3648_13,/kaggle/input/datasets/amerii/spacenet-7-multitemporal-urban-development/SN7_buildings_train/train/L15-0457E-1135N_1831_3648_13/images/global_monthly_2018_01_mosaic_L15-0457E-1135N_1831_3648_13.tif,/kaggle/input/datasets/amerii/spacenet-7-multitemporal-urban-development/SN7_buildings_train/train/L15-0457E-1135N_1831_3648_13/images_masked/global_monthly_2019_12_mosaic_L15-0457E-1135N_1831_3648_13.tif,672,0,16.122879028320312,0,No Urban Expansion
/kaggle/working/spacenet7_urban_expansion_outputs/processed_difference_patches/L15_1748E_1247N_6993_3202_13_0011_672_0.png,L15-1748E-1247N_6993_3202_13,/kaggle/input/datasets/amerii/spacenet-7-multitemporal-urban-development/SN7_buildings_train/train/L15-1748E-1247N_6993_3202_13/images/global_monthly_2018_01_mosaic_L15-1748E-1247N_6993_3202_13.tif,/kaggle/input/datasets/amerii/spacenet-7-multitemporal-urban-development/SN7_buildings_train/train/L15-1748E-1247N_6993_3202_13/images_masked/global_monthly_2020_01_mosaic_L15-1748E-1247N_6993_3202_13.tif,672,0,19.281021118164062,0,No Urban Expansion
/kaggle/working/spacenet7_urban_expansion_outputs/processed_difference_patches/L15_0566E_1185N_2265_3451_13_0005_0_224.png,L15-0566E-1185N_2265_3451_13,/kaggle/input/datasets/amerii/spacenet-7-multitemporal-urban-development/SN7_buildings_train/train/L15-0566E-1185N_2265_3451_13/images/global_monthly_2018_01_mosaic_L15-0566E-1185N_2265_3451_13.tif,/kaggle/input/datasets/amerii/spacenet-7-multitemporal-urban-development/SN7_buildings_train/train/L15-0566E-1185N_2265_3451_13/images_masked/global_monthly_2020_01_mosaic_L15-0566E-1185N_2265_3451_13.tif,0,224,9.059520721435547,0,No Urban Expansion
/kaggle/working/spacenet7_urban_expansion_outputs/processed_difference_patches/L15_0361E_1300N_1446_2989_13_0005_0_0.png,L15-0361E-1300N_1446_2989_13,/kaggle/input/datasets/amerii/spacenet-7-multitemporal-urban-development/SN7_buildings_train/train/L15-0361E-1300N_1446_2989_13/images/global_monthly_2018_01_mosaic_L15-0361E-1300N_1446_2989_13.tif,/kaggle/input/datasets/amerii/spacenet-7-multitemporal-urban-development/SN7_buildings_train/train/L15-0361E-1300N_1446_2989_13/images_masked/global_monthly_2020_01_mosaic_L15-0361E-1300N_1446_2989_13.tif,0,0,7.223383903503418,0,No Urban Expansion
/kaggle/working/spacenet7_urban_expansion_outputs/processed_difference_patches/L15_0457E_1135N_1831_3648_13_0005_448_672.png,L15-0457E-1135N_1831_3648_13,/kaggle/input/datasets/amerii/spacenet-7-multitemporal-urban-development/SN7_buildings_train/train/L15-0457E-1135N_1831_3648_13/images/global_monthly_2018_01_mosaic_L15-0457E-1135N_1831_3648_13.tif,/kaggle/input/datasets/amerii/spacenet-7-multitemporal-urban-development/SN7_buildings_train/train/L15-0457E-1135N_1831_3648_13/images_masked/global_monthly_2019_12_mosaic_L15-0457E-1135N_1831_3648_13.tif,448,672,32.33186721801758,1,Urban Expansion
/kaggle/working/spacenet7_urban_expansion_outputs/processed_difference_patches/L15_0566E_1185N_2265_3451_13_0013_672_448.png,L15-0566E-1185N_2265_3451_13,/kaggle/input/datasets/amerii/spacenet-7-multitemporal-urban-development/SN7_buildings_train/train/L15-0566E-1185N_2265_3451_13/images/global_monthly_2018_01_mosaic_L15-0566E-1185N_2265_3451_13.tif,/kaggle/input/datasets/amerii/spacenet-7-multitemporal-urban-development/SN7_buildings_train/train/L15-0566E-1185N_2265_3451_13/images_masked/global_monthly_2020_01_mosaic_L15-0566E-1185N_2265_3451_13.tif,672,448,44.54048538208008,1,Urban Expansion
/kaggle/working/spacenet7_urban_expansion_outputs/processed_difference_patches/L15_1296E_1198N_5184_3399_13_0009_448_672.png,L15-1296E-1198N_5184_3399_13,/kaggle/input/datasets/amerii/spacenet-7-multitemporal-urban-development/SN7_buildings_train/train/L15-1296E-1198N_5184_3399_13/images/global_monthly_2018_01_mosaic_L15-1296E-1198N_5184_3399_13.tif,/kaggle/input/datasets/amerii/spacenet-7-multitemporal-urban-development/SN7_buildings_train/train/L15-1296E-1198N_5184_3399_13/images_masked/global_monthly_2020_01_mosaic_L15-1296E-1198N_5184_3399_13.tif,448,672,35.217681884765625,1,Urban Expansion
/kaggle/working/spacenet7_urban_expansion_outputs/processed_difference_patches/L15_1848E_0793N_7394_5018_13_0000_672_0.png,L15-1848E-0793N_7394_5018_13,/kaggle/input/datasets/amerii/spacenet-7-multitemporal-urban-development/SN7_buildings_train/train/L15-1848E-0793N_7394_5018_13/images/global_monthly_2018_01_mosaic_L15-1848E-0793N_7394_5018_13.tif,/kaggle/input/datasets/amerii/spacenet-7-multitemporal-urban-development/SN7_buildings_train/train/L15-1848E-0793N_7394_5018_13/images_masked/global_monthly_2020_01_mosaic_L15-1848E-0793N_7394_5018_13.tif,672,0,17.622892379760742,0,No Urban Expansion
/kaggle/working/spacenet7_urban_expansion_outputs/processed_difference_patches/L15_1669E_1160N_6678_3548_13_0009_224_0.png,L15-1669E-1160N_6678_3548_13,/kaggle/input/datasets/amerii/spacenet-7-multitemporal-urban-development/SN7_buildings_train/train/L15-1669E-1160N_6678_3548_13/images/global_monthly_2017_07_mosaic_L15-1669E-1160N_6678_3548_13.tif,/kaggle/input/datasets/amerii/spacenet-7-multitemporal-urban-development/SN7_buildings_train/train/L15-1669E-1160N_6678_3548_13/images_masked/global_monthly_2019_09_mosaic_L15-1669E-1160N_6678_3548_13.tif,224,0,32.11941909790039,1,Urban Expansion
/kaggle/working/spacenet7_urban_expansion_outputs/processed_difference_patches/L15_0571E_1302N_2284_2983_13_0009_224_0.png,L15-0571E-1302N_2284_2983_13,/kaggle/input/datasets/amerii/spacenet-7-multitemporal-urban-development/SN7_buildings_test_public/test_public/L15-0571E-1302N_2284_2983_13/images_masked/global_monthly_2018_03_mosaic_L15-0571E-1302N_2284_2983_13.tif,/kaggle/input/datasets/amerii/spacenet-7-multitemporal-urban-development/SN7_buildings_test_public/test_public/L15-0571E-1302N_2284_2983_13/images_masked/global_monthly_2019_11_mosaic_L15-0571E-1302N_2284_2983_13.tif,224,0,53.3724479675293,1,Urban Expansion
/kaggle/working/spacenet7_urban_expansion_outputs/processed_difference_patches/L15_1213E_1238N_4852_3239_13_0006_448_672.png,L15-1213E-1238N_4852_3239_13,/kaggle/input/datasets/amerii/spacenet-7-multitemporal-urban-development/SN7_buildings_test_public/test_public/L15-1213E-1238N_4852_3239_13/images_masked/global_monthly_2018_03_mosaic_L15-1213E-1238N_4852_3239_13.tif,/kaggle/input/datasets/amerii/spacenet-7-multitemporal-urban-development/SN7_buildings_test_public/test_public/L15-1213E-1238N_4852_3239_13/images_masked/global_monthly_2019_12_mosaic_L15-1213E-1238N_4852_3239_13.tif,448,672,40.170379638671875,1,Urban Expansion
/kaggle/working/spacenet7_urban_expansion_outputs/processed_difference_patches/SN7_buildings_train_0009_224_672.png,SN7_buildings_train,/kaggle/input/datasets/amerii/spacenet-7-multitemporal-urban-development/SN7_buildings_train/train/L15-1669E-1160N_6678_3548_13/UDM_masks/global_monthly_2017_07_mosaic_L15-1669E-1160N_6678_3548_13_UDM.tif,/kaggle/input/datasets/amerii/spacenet-7-multitemporal-urban-development/SN7_buildings_train/train/L15-0571E-1075N_2287_3888_13/UDM_masks/global_monthly_2020_01_mosaic_L15-0571E-1075N_2287_3888_13_UDM.tif,224,672,114.09466552734375,1,Urban Expansion
/kaggle/working/spacenet7_urban_expansion_outputs/processed_difference_patches/L15_1690E_1211N_6763_3346_13_0005_448_672.png,L15-1690E-1211N_6763_3346_13,/kaggle/input/datasets/amerii/spacenet-7-multitemporal-urban-development/SN7_buildings_train/train/L15-1690E-1211N_6763_3346_13/images/global_monthly_2017_07_mosaic_L15-1690E-1211N_6763_3346_13.tif,/kaggle/input/datasets/amerii/spacenet-7-multitemporal-urban-development/SN7_buildings_train/train/L15-1690E-1211N_6763_3346_13/images_masked/global_monthly_2019_09_mosaic_L15-1690E-1211N_6763_3346_13.tif,448,672,43.61503601074219,1,Urban Expansion
/kaggle/working/spacenet7_urban_expansion_outputs/processed_difference_patches/L15_1203E_1203N_4815_3379_13_0000_0_448.png,L15-1203E-1203N_4815_3379_13,/kaggle/input/datasets/amerii/spacenet-7-multitemporal-urban-development/SN7_buildings_test_public/test_public/L15-1203E-1203N_4815_3379_13/images_masked/global_monthly_2017_07_mosaic_L15-1203E-1203N_4815_3379_13.tif,/kaggle/input/datasets/amerii/spacenet-7-multitemporal-urban-development/SN7_buildings_test_public/test_public/L15-1203E-1203N_4815_3379_13/images_masked/global_monthly_2019_09_mosaic_L15-1203E-1203N_4815_3379_13.tif,0,448,40.778560638427734,1,Urban Expansion
/kaggle/working/spacenet7_urban_expansion_outputs/processed_difference_patches/L15_0358E_1220N_1433_3310_13_0005_0_448.png,L15-0358E-1220N_1433_3310_13,/kaggle/input/datasets/amerii/spacenet-7-multitemporal-urban-development/SN7_buildings_train/train/L15-0358E-1220N_1433_3310_13/images/global_monthly_2018_02_mosaic_L15-0358E-1220N_1433_3310_13.tif,/kaggle/input/datasets/amerii/spacenet-7-multitemporal-urban-development/SN7_buildings_train/train/L15-0358E-1220N_1433_3310_13/images_masked/global_monthly_2020_01_mosaic_L15-0358E-1220N_1433_3310_13.tif,0,448,31.415863037109375,1,Urban Expansion
/kaggle/working/spacenet7_urban_expansion_outputs/processed_difference_patches/L15_1669E_1160N_6678_3548_13_0013_672_672.png,L15-1669E-1160N_6678_3548_13,/kaggle/input/datasets/amerii/spacenet-7-multitemporal-urban-development/SN7_buildings_train/train/L15-1669E-1160N_6678_3548_13/images/global_monthly_2017_07_mosaic_L15-1669E-1160N_6678_3548_13.tif,/kaggle/input/datasets/amerii/spacenet-7-multitemporal-urban-development/SN7_buildings_train/train/L15-1669E-1160N_6678_3548_13/images_masked/global_monthly_2019_09_mosaic_L15-1669E-1160N_6678_3548_13.tif,672,672,39.10655975341797,1,Urban Expansion
/kaggle/working/spacenet7_urban_expansion_outputs/processed_difference_patches/L15_1204E_1202N_4816_3380_13_0010_224_0.png,L15-1204E-1202N_4816_3380_13,/kaggle/input/datasets/amerii/spacenet-7-multitemporal-urban-development/SN7_buildings_train/train/L15-1204E-1202N_4816_3380_13/images/global_monthly_2017_07_mosaic_L15-1204E-1202N_4816_3380_13.tif,/kaggle/input/datasets/amerii/spacenet-7-multitemporal-urban-development/SN7_buildings_train/train/L15-1204E-1202N_4816_3380_13/images_masked/global_monthly_2019_09_mosaic_L15-1204E-1202N_4816_3380_13.tif,224,0,34.00270080566406,1,Urban Expansion
/kaggle/working/spacenet7_urban_expansion_outputs/processed_difference_patches/L15_1276E_1107N_5105_3761_13_0000_0_448.png,L15-1276E-1107N_5105_3761_13,/kaggle/input/datasets/amerii/spacenet-7-multitemporal-urban-development/SN7_buildings_train/train/L15-1276E-1107N_5105_3761_13/images/global_monthly_2018_01_mosaic_L15-1276E-1107N_5105_3761_13.tif,/kaggle/input/datasets/amerii/spacenet-7-multitemporal-urban-development/SN7_buildings_train/train/L15-1276E-1107N_5105_3761_13/images_masked/global_monthly_2020_01_mosaic_L15-1276E-1107N_5105_3761_13.tif,0,448,10.997777938842773,0,No Urban Expansion
/kaggle/working/spacenet7_urban_expansion_outputs/processed_difference_patches/L15_1438E_1227N_5753_3282_13_0004_448_448.png,L15-1438E-1227N_5753_3282_13,/kaggle/input/datasets/amerii/spacenet-7-multitemporal-urban-development/SN7_buildings_test_public/test_public/L15-1438E-1227N_5753_3282_13/images_masked/global_monthly_2018_01_mosaic_L15-1438E-1227N_5753_3282_13.tif,/kaggle/input/datasets/amerii/spacenet-7-multitemporal-urban-development/SN7_buildings_test_public/test_public/L15-1438E-1227N_5753_3282_13/images_masked/global_monthly_2020_01_mosaic_L15-1438E-1227N_5753_3282_13.tif,448,448,15.838428497314453,0,No Urban Expansion
/kaggle/working/spacenet7_urban_expansion_outputs/processed_difference_patches/L15_1129E_0819N_4517_4915_13_0003_224_0.png,L15-1129E-0819N_4517_4915_13,/kaggle/input/datasets/amerii/spacenet-7-multitemporal-urban-development/SN7_buildings_test_public/test_public/L15-1129E-0819N_4517_4915_13/images_masked/global_monthly_2018_01_mosaic_L15-1129E-0819N_4517_4915_13.tif,/kaggle/input/datasets/amerii/spacenet-7-multitemporal-urban-development/SN7_buildings_test_public/test_public/L15-1129E-0819N_4517_4915_13/images_masked/global_monthly_2020_01_mosaic_L15-1129E-0819N_4517_4915_13.tif,224,0,19.998958587646484,0,No Urban Expansion
/kaggle/working/spacenet7_urban_expansion_outputs/processed_difference_patches/L15_1669E_1160N_6679_3549_13_0003_448_672.png,L15-1669E-1160N_6679_3549_13,/kaggle/input/datasets/amerii/spacenet-7-multitemporal-urban-development/SN7_buildings_train/train/L15-1669E-1160N_6679_3549_13/images/global_monthly_2017_07_mosaic_L15-1669E-1160N_6679_3549_13.tif,/kaggle/input/datasets/amerii/spacenet-7-multitemporal-urban-development/SN7_buildings_train/train/L15-1669E-1160N_6679_3549_13/images_masked/global_monthly_2019_09_mosaic_L15-1669E-1160N_6679_3549_13.tif,448,672,45.515655517578125,1,Urban Expansion
/kaggle/working/spacenet7_urban_expansion_outputs/processed_difference_patches/L15_1015E_1062N_4061_3941_13_0010_0_224.png,L15-1015E-1062N_4061_3941_13,/kaggle/input/datasets/amerii/spacenet-7-multitemporal-urban-development/SN7_buildings_train/train/L15-1015E-1062N_4061_3941_13/images/global_monthly_2018_01_mosaic_L15-1015E-1062N_4061_3941_13.tif,/kaggle/input/datasets/amerii/spacenet-7-multitemporal-urban-development/SN7_buildings_train/train/L15-1015E-1062N_4061_3941_13/images_masked/global_monthly_2020_01_mosaic_L15-1015E-1062N_4061_3941_13.tif,0,224,19.1318302154541,0,No Urban Expansion
/kaggle/working/spacenet7_urban_expansion_outputs/processed_difference_patches/L15_0571E_1302N_2284_2983_13_0003_224_448.png,L15-0571E-1302N_2284_2983_13,/kaggle/input/datasets/amerii/spacenet-7-multitemporal-urban-development/SN7_buildings_test_public/test_public/L15-0571E-1302N_2284_2983_13/images_masked/global_monthly_2018_03_mosaic_L15-0571E-1302N_2284_2983_13.tif,/kaggle/input/datasets/amerii/spacenet-7-multitemporal-urban-development/SN7_buildings_test_public/test_public/L15-0571E-1302N_2284_2983_13/images_masked/global_monthly_2019_11_mosaic_L15-0571E-1302N_2284_2983_13.tif,224,448,46.29253005981445,1,Urban Expansion
/kaggle/working/spacenet7_urban_expansion_outputs/processed_difference_patches/L15_0566E_1185N_2265_3451_13_0000_448_224.png,L15-0566E-1185N_2265_3451_13,/kaggle/input/datasets/amerii/spacenet-7-multitemporal-urban-development/SN7_buildings_train/train/L15-0566E-1185N_2265_3451_13/images/global_monthly_2018_01_mosaic_L15-0566E-1185N_2265_3451_13.tif,/kaggle/input/datasets/amerii/spacenet-7-multitemporal-urban-development/SN7_buildings_train/train/L15-0566E-1185N_2265_3451_13/images_masked/global_monthly_2020_01_mosaic_L15-0566E-1185N_2265_3451_13.tif,448,224,18.903270721435547,0,No Urban Expansion
/kaggle/working/spacenet7_urban_expansion_outputs/processed_difference_patches/L15_1289E_1169N_5156_3514_13_0003_224_672.png,L15-1289E-1169N_5156_3514_13,/kaggle/input/datasets/amerii/spacenet-7-multitemporal-urban-development/SN7_buildings_train/train/L15-1289E-1169N_5156_3514_13/images/global_monthly_2018_01_mosaic_L15-1289E-1169N_5156_3514_13.tif,/kaggle/input/datasets/amerii/spacenet-7-multitemporal-urban-development/SN7_buildings_train/train/L15-1289E-1169N_5156_3514_13/images_masked/global_monthly_2020_01_mosaic_L15-1289E-1169N_5156_3514_13.tif,224,672,32.571983337402344,1,Urban Expansion
/kaggle/working/spacenet7_urban_expansion_outputs/processed_difference_patches/L15_1669E_1160N_6679_3549_13_0015_448_0.png,L15-1669E-1160N_6679_3549_13,/kaggle/input/datasets/amerii/spacenet-7-multitemporal-urban-development/SN7_buildings_train/train/L15-1669E-1160N_6679_3549_13/images/global_monthly_2017_07_mosaic_L15-1669E-1160N_6679_3549_13.tif,/kaggle/input/datasets/amerii/spacenet-7-multitemporal-urban-development/SN7_buildings_train/train/L15-1669E-1160N_6679_3549_13/images_masked/global_monthly_2019_09_mosaic_L15-1669E-1160N_6679_3549_13.tif,448,0,33.428123474121094,1,Urban Expansion
/kaggle/working/spacenet7_urban_expansion_outputs/processed_difference_patches/L15_1690E_1210N_6762_3348_13_0013_224_224.png,L15-1690E-1210N_6762_3348_13,/kaggle/input/datasets/amerii/spacenet-7-multitemporal-urban-development/SN7_buildings_test_public/test_public/L15-1690E-1210N_6762_3348_13/images_masked/global_monthly_2017_07_mosaic_L15-1690E-1210N_6762_3348_13.tif,/kaggle/input/datasets/amerii/spacenet-7-multitemporal-urban-development/SN7_buildings_test_public/test_public/L15-1690E-1210N_6762_3348_13/images_masked/global_monthly_2019_09_mosaic_L15-1690E-1210N_6762_3348_13.tif,224,224,34.510372161865234,1,Urban Expansion
/kaggle/working/spacenet7_urban_expansion_outputs/processed_difference_patches/L15_0357E_1223N_1429_3296_13_0006_672_672.png,L15-0357E-1223N_1429_3296_13,/kaggle/input/datasets/amerii/spacenet-7-multitemporal-urban-development/SN7_buildings_train/train/L15-0357E-1223N_1429_3296_13/images/global_monthly_2018_01_mosaic_L15-0357E-1223N_1429_3296_13.tif,/kaggle/input/datasets/amerii/spacenet-7-multitemporal-urban-development/SN7_buildings_train/train/L15-0357E-1223N_1429_3296_13/images_masked/global_monthly_2020_01_mosaic_L15-0357E-1223N_1429_3296_13.tif,672,672,13.549610137939453,0,No Urban Expansion
/kaggle/working/spacenet7_urban_expansion_outputs/processed_difference_patches/L15_0614E_0946N_2459_4406_13_0012_224_448.png,L15-0614E-0946N_2459_4406_13,/kaggle/input/datasets/amerii/spacenet-7-multitemporal-urban-development/SN7_buildings_train/train/L15-0614E-0946N_2459_4406_13/images/global_monthly_2018_03_mosaic_L15-0614E-0946N_2459_4406_13.tif,/kaggle/input/datasets/amerii/spacenet-7-multitemporal-urban-development/SN7_buildings_train/train/L15-0614E-0946N_2459_4406_13/images_masked/global_monthly_2020_01_mosaic_L15-0614E-0946N_2459_4406_13.tif,224,448,35.57701873779297,1,Urban Expansion
/kaggle/working/spacenet7_urban_expansion_outputs/processed_difference_patches/L15_0924E_1108N_3699_3757_13_0001_672_0.png,L15-0924E-1108N_3699_3757_13,/kaggle/input/datasets/amerii/spacenet-7-multitemporal-urban-development/SN7_buildings_train/train/L15-0924E-1108N_3699_3757_13/images/global_monthly_2018_01_mosaic_L15-0924E-1108N_3699_3757_13.tif,/kaggle/input/datasets/amerii/spacenet-7-multitemporal-urban-development/SN7_buildings_train/train/L15-0924E-1108N_3699_3757_13/images_masked/global_monthly_2020_01_mosaic_L15-0924E-1108N_3699_3757_13.tif,672,0,17.98161506652832,0,No Urban Expansion
/kaggle/working/spacenet7_urban_expansion_outputs/processed_difference_patches/L15_1690E_1210N_6762_3348_13_0012_672_0.png,L15-1690E-1210N_6762_3348_13,/kaggle/input/datasets/amerii/spacenet-7-multitemporal-urban-development/SN7_buildings_test_public/test_public/L15-1690E-1210N_6762_3348_13/images_masked/global_monthly_2017_07_mosaic_L15-1690E-1210N_6762_3348_13.tif,/kaggle/input/datasets/amerii/spacenet-7-multitemporal-urban-development/SN7_buildings_test_public/test_public/L15-1690E-1210N_6762_3348_13/images_masked/global_monthly_2019_09_mosaic_L15-1690E-1210N_6762_3348_13.tif,672,0,39.46753692626953,1,Urban Expansion
/kaggle/working/spacenet7_urban_expansion_outputs/processed_difference_patches/L15_0571E_1302N_2284_2983_13_0000_672_0.png,L15-0571E-1302N_2284_2983_13,/kaggle/input/datasets/amerii/spacenet-7-multitemporal-urban-development/SN7_buildings_test_public/test_public/L15-0571E-1302N_2284_2983_13/images_masked/global_monthly_2018_03_mosaic_L15-0571E-1302N_2284_2983_13.tif,/kaggle/input/datasets/amerii/spacenet-7-multitemporal-urban-development/SN7_buildings_test_public/test_public/L15-0571E-1302N_2284_2983_13/images_masked/global_monthly_2019_11_mosaic_L15-0571E-1302N_2284_2983_13.tif,672,0,46.76679229736328,1,Urban Expansion
/kaggle/working/spacenet7_urban_expansion_outputs/processed_difference_patches/L15_0614E_0946N_2459_4406_13_0013_448_672.png,L15-0614E-0946N_2459_4406_13,/kaggle/input/datasets/amerii/spacenet-7-multitemporal-urban-development/SN7_buildings_train/train/L15-0614E-0946N_2459_4406_13/images/global_monthly_2018_03_mosaic_L15-0614E-0946N_2459_4406_13.tif,/kaggle/input/datasets/amerii/spacenet-7-multitemporal-urban-development/SN7_buildings_train/train/L15-0614E-0946N_2459_4406_13/images_masked/global_monthly_2020_01_mosaic_L15-0614E-0946N_2459_4406_13.tif,448,672,33.87839889526367,1,Urban Expansion
/kaggle/working/spacenet7_urban_expansion_outputs/processed_difference_patches/L15_0924E_1108N_3699_3757_13_0012_448_0.png,L15-0924E-1108N_3699_3757_13,/kaggle/input/datasets/amerii/spacenet-7-multitemporal-urban-development/SN7_buildings_train/train/L15-0924E-1108N_3699_3757_13/images/global_monthly_2018_01_mosaic_L15-0924E-1108N_3699_3757_13.tif,/kaggle/input/datasets/amerii/spacenet-7-multitemporal-urban-development/SN7_buildings_train/train/L15-0924E-1108N_3699_3757_13/images_masked/global_monthly_2020_01_mosaic_L15-0924E-1108N_3699_3757_13.tif,448,0,33.555667877197266,1,Urban Expansion
/kaggle/working/spacenet7_urban_expansion_outputs/processed_difference_patches/L15_0744E_0927N_2979_4481_13_0004_672_224.png,L15-0744E-0927N_2979_4481_13,/kaggle/input/datasets/amerii/spacenet-7-multitemporal-urban-development/SN7_buildings_test_public/test_public/L15-0744E-0927N_2979_4481_13/images_masked/global_monthly_2018_01_mosaic_L15-0744E-0927N_2979_4481_13.tif,/kaggle/input/datasets/amerii/spacenet-7-multitemporal-urban-development/SN7_buildings_test_public/test_public/L15-0744E-0927N_2979_4481_13/images_masked/global_monthly_2020_01_mosaic_L15-0744E-0927N_2979_4481_13.tif,672,224,13.154714584350586,0,No Urban Expansion
/kaggle/working/spacenet7_urban_expansion_outputs/processed_difference_patches/L15_0391E_1219N_1567_3314_13_0004_0_0.png,L15-0391E-1219N_1567_3314_13,/kaggle/input/datasets/amerii/spacenet-7-multitemporal-urban-development/SN7_buildings_test_public/test_public/L15-0391E-1219N_1567_3314_13/images_masked/global_monthly_2018_01_mosaic_L15-0391E-1219N_1567_3314_13.tif,/kaggle/input/datasets/amerii/spacenet-7-multitemporal-urban-development/SN7_buildings_test_public/test_public/L15-0391E-1219N_1567_3314_13/images_masked/global_monthly_2020_01_mosaic_L15-0391E-1219N_1567_3314_13.tif,0,0,33.91809844970703,1,Urban Expansion
/kaggle/working/spacenet7_urban_expansion_outputs/processed_difference_patches/L15_0614E_0946N_2459_4406_13_0006_0_224.png,L15-0614E-0946N_2459_4406_13,/kaggle/input/datasets/amerii/spacenet-7-multitemporal-urban-development/SN7_buildings_train/train/L15-0614E-0946N_2459_4406_13/images/global_monthly_2018_03_mosaic_L15-0614E-0946N_2459_4406_13.tif,/kaggle/input/datasets/amerii/spacenet-7-multitemporal-urban-development/SN7_buildings_train/train/L15-0614E-0946N_2459_4406_13/images_masked/global_monthly_2020_01_mosaic_L15-0614E-0946N_2459_4406_13.tif,0,224,41.302242279052734,1,Urban Expansion
/kaggle/working/spacenet7_urban_expansion_outputs/processed_difference_patches/L15_1691E_1211N_6764_3347_13_0012_448_0.png,L15-1691E-1211N_6764_3347_13,/kaggle/input/datasets/amerii/spacenet-7-multitemporal-urban-development/SN7_buildings_train/train/L15-1691E-1211N_6764_3347_13/images/global_monthly_2017_07_mosaic_L15-1691E-1211N_6764_3347_13.tif,/kaggle/input/datasets/amerii/spacenet-7-multitemporal-urban-development/SN7_buildings_train/train/L15-1691E-1211N_6764_3347_13/images_masked/global_monthly_2019_09_mosaic_L15-1691E-1211N_6764_3347_13.tif,448,0,48.14500427246094,1,Urban Expansion
/kaggle/working/spacenet7_urban_expansion_outputs/processed_difference_patches/L15_1200E_0847N_4802_4803_13_0003_672_672.png,L15-1200E-0847N_4802_4803_13,/kaggle/input/datasets/amerii/spacenet-7-multitemporal-urban-development/SN7_buildings_train/train/L15-1200E-0847N_4802_4803_13/images/global_monthly_2018_02_mosaic_L15-1200E-0847N_4802_4803_13.tif,/kaggle/input/datasets/amerii/spacenet-7-multitemporal-urban-development/SN7_buildings_train/train/L15-1200E-0847N_4802_4803_13/images_masked/global_monthly_2020_01_mosaic_L15-1200E-0847N_4802_4803_13.tif,672,672,13.616081237792969,0,No Urban Expansion
/kaggle/working/spacenet7_urban_expansion_outputs/processed_difference_patches/L15_1672E_1207N_6691_3363_13_0010_224_672.png,L15-1672E-1207N_6691_3363_13,/kaggle/input/datasets/amerii/spacenet-7-multitemporal-urban-development/SN7_buildings_train/train/L15-1672E-1207N_6691_3363_13/images/global_monthly_2018_01_mosaic_L15-1672E-1207N_6691_3363_13.tif,/kaggle/input/datasets/amerii/spacenet-7-multitemporal-urban-development/SN7_buildings_train/train/L15-1672E-1207N_6691_3363_13/images_masked/global_monthly_2020_01_mosaic_L15-1672E-1207N_6691_3363_13.tif,224,672,14.563536643981934,0,No Urban Expansion
/kaggle/working/spacenet7_urban_expansion_outputs/processed_difference_patches/L15_0387E_1276N_1549_3087_13_0013_672_0.png,L15-0387E-1276N_1549_3087_13,/kaggle/input/datasets/amerii/spacenet-7-multitemporal-urban-development/SN7_buildings_train/train/L15-0387E-1276N_1549_3087_13/images/global_monthly_2018_01_mosaic_L15-0387E-1276N_1549_3087_13.tif,/kaggle/input/datasets/amerii/spacenet-7-multitemporal-urban-development/SN7_buildings_train/train/L15-0387E-1276N_1549_3087_13/images_masked/global_monthly_2019_12_mosaic_L15-0387E-1276N_1549_3087_13.tif,672,0,53.785858154296875,1,Urban Expansion
/kaggle/working/spacenet7_urban_expansion_outputs/processed_difference_patches/L15_1669E_1153N_6678_3579_13_0004_672_448.png,L15-1669E-1153N_6678_3579_13,/kaggle/input/datasets/amerii/spacenet-7-multitemporal-urban-development/SN7_buildings_train/train/L15-1669E-1153N_6678_3579_13/images/global_monthly_2018_01_mosaic_L15-1669E-1153N_6678_3579_13.tif,/kaggle/input/datasets/amerii/spacenet-7-multitemporal-urban-development/SN7_buildings_train/train/L15-1669E-1153N_6678_3579_13/images_masked/global_monthly_2019_12_mosaic_L15-1669E-1153N_6678_3579_13.tif,672,448,41.38604736328125,1,Urban Expansion
/kaggle/working/spacenet7_urban_expansion_outputs/processed_difference_patches/L15_1389E_1284N_5557_3054_13_0004_224_0.png,L15-1389E-1284N_5557_3054_13,/kaggle/input/datasets/amerii/spacenet-7-multitemporal-urban-development/SN7_buildings_train/train/L15-1389E-1284N_5557_3054_13/images/global_monthly_2018_02_mosaic_L15-1389E-1284N_5557_3054_13.tif,/kaggle/input/datasets/amerii/spacenet-7-multitemporal-urban-development/SN7_buildings_train/train/L15-1389E-1284N_5557_3054_13/images_masked/global_monthly_2020_01_mosaic_L15-1389E-1284N_5557_3054_13.tif,224,0,38.469844818115234,1,Urban Expansion
/kaggle/working/spacenet7_urban_expansion_outputs/processed_difference_patches/L15_1203E_1203N_4815_3379_13_0006_672_672.png,L15-1203E-1203N_4815_3379_13,/kaggle/input/datasets/amerii/spacenet-7-multitemporal-urban-development/SN7_buildings_test_public/test_public/L15-1203E-1203N_4815_3379_13/images_masked/global_monthly_2017_07_mosaic_L15-1203E-1203N_4815_3379_13.tif,/kaggle/input/datasets/amerii/spacenet-7-multitemporal-urban-development/SN7_buildings_test_public/test_public/L15-1203E-1203N_4815_3379_13/images_masked/global_monthly_2019_09_mosaic_L15-1203E-1203N_4815_3379_13.tif,672,672,44.103050231933594,1,Urban Expansion
/kaggle/working/spacenet7_urban_expansion_outputs/processed_difference_patches/L15_0331E_1257N_1327_3160_13_0007_0_448.png,L15-0331E-1257N_1327_3160_13,/kaggle/input/datasets/amerii/spacenet-7-multitemporal-urban-development/SN7_buildings_train/train/L15-0331E-1257N_1327_3160_13/images/global_monthly_2018_01_mosaic_L15-0331E-1257N_1327_3160_13.tif,/kaggle/input/datasets/amerii/spacenet-7-multitemporal-urban-development/SN7_buildings_train/train/L15-0331E-1257N_1327_3160_13/images_masked/global_monthly_2020_01_mosaic_L15-0331E-1257N_1327_3160_13.tif,0,448,16.549938201904297,0,No Urban Expansion
/kaggle/working/spacenet7_urban_expansion_outputs/processed_difference_patches/L15_0571E_1302N_2284_2983_13_0008_448_448.png,L15-0571E-1302N_2284_2983_13,/kaggle/input/datasets/amerii/spacenet-7-multitemporal-urban-development/SN7_buildings_test_public/test_public/L15-0571E-1302N_2284_2983_13/images_masked/global_monthly_2018_03_mosaic_L15-0571E-1302N_2284_2983_13.tif,/kaggle/input/datasets/amerii/spacenet-7-multitemporal-urban-development/SN7_buildings_test_public/test_public/L15-0571E-1302N_2284_2983_13/images_masked/global_monthly_2019_11_mosaic_L15-0571E-1302N_2284_2983_13.tif,448,448,43.297298431396484,1,Urban Expansion
/kaggle/working/spacenet7_urban_expansion_outputs/processed_difference_patches/L15_1289E_1169N_5156_3514_13_0006_672_448.png,L15-1289E-1169N_5156_3514_13,/kaggle/input/datasets/amerii/spacenet-7-multitemporal-urban-development/SN7_buildings_train/train/L15-1289E-1169N_5156_3514_13/images/global_monthly_2018_01_mosaic_L15-1289E-1169N_5156_3514_13.tif,/kaggle/input/datasets/amerii/spacenet-7-multitemporal-urban-development/SN7_buildings_train/train/L15-1289E-1169N_5156_3514_13/images_masked/global_monthly_2020_01_mosaic_L15-1289E-1169N_5156_3514_13.tif,672,448,30.925199508666992,1,Urban Expansion
/kaggle/working/spacenet7_urban_expansion_outputs/processed_difference_patches/L15_1213E_1238N_4852_3239_13_0014_224_672.png,L15-1213E-1238N_4852_3239_13,/kaggle/input/datasets/amerii/spacenet-7-multitemporal-urban-development/SN7_buildings_test_public/test_public/L15-1213E-1238N_4852_3239_13/images_masked/global_monthly_2018_03_mosaic_L15-1213E-1238N_4852_3239_13.tif,/kaggle/input/datasets/amerii/spacenet-7-multitemporal-urban-development/SN7_buildings_test_public/test_public/L15-1213E-1238N_4852_3239_13/images_masked/global_monthly_2019_12_mosaic_L15-1213E-1238N_4852_3239_13.tif,224,672,36.35240173339844,1,Urban Expansion
/kaggle/working/spacenet7_urban_expansion_outputs/processed_difference_patches/L15_1538E_1163N_6154_3539_13_0010_672_0.png,L15-1538E-1163N_6154_3539_13,/kaggle/input/datasets/amerii/spacenet-7-multitemporal-urban-development/SN7_buildings_train/train/L15-1538E-1163N_6154_3539_13/images/global_monthly_2018_01_mosaic_L15-1538E-1163N_6154_3539_13.tif,/kaggle/input/datasets/amerii/spacenet-7-multitemporal-urban-development/SN7_buildings_train/train/L15-1538E-1163N_6154_3539_13/images_masked/global_monthly_2020_01_mosaic_L15-1538E-1163N_6154_3539_13.tif,672,0,14.988251686096191,0,No Urban Expansion
/kaggle/working/spacenet7_urban_expansion_outputs/processed_difference_patches/L15_1670E_1159N_6681_3552_13_0002_224_0.png,L15-1670E-1159N_6681_3552_13,/kaggle/input/datasets/amerii/spacenet-7-multitemporal-urban-development/SN7_buildings_test_public/test_public/L15-1670E-1159N_6681_3552_13/images_masked/global_monthly_2017_07_mosaic_L15-1670E-1159N_6681_3552_13.tif,/kaggle/input/datasets/amerii/spacenet-7-multitemporal-urban-development/SN7_buildings_test_public/test_public/L15-1670E-1159N_6681_3552_13/images_masked/global_monthly_2019_09_mosaic_L15-1670E-1159N_6681_3552_13.tif,224,0,18.933748245239258,0,No Urban Expansion
/kaggle/working/spacenet7_urban_expansion_outputs/processed_difference_patches/L15_1172E_1306N_4688_2967_13_0001_672_448.png,L15-1172E-1306N_4688_2967_13,/kaggle/input/datasets/amerii/spacenet-7-multitemporal-urban-development/SN7_buildings_train/train/L15-1172E-1306N_4688_2967_13/images/global_monthly_2018_01_mosaic_L15-1172E-1306N_4688_2967_13.tif,/kaggle/input/datasets/amerii/spacenet-7-multitemporal-urban-development/SN7_buildings_train/train/L15-1172E-1306N_4688_2967_13/images_masked/global_monthly_2020_01_mosaic_L15-1172E-1306N_4688_2967_13.tif,672,448,16.33879280090332,0,No Urban Expansion
/kaggle/working/spacenet7_urban_expansion_outputs/processed_difference_patches/L15_1014E_1375N_4056_2688_13_0010_224_448.png,L15-1014E-1375N_4056_2688_13,/kaggle/input/datasets/amerii/spacenet-7-multitemporal-urban-development/SN7_buildings_train/train/L15-1014E-1375N_4056_2688_13/images/global_monthly_2018_01_mosaic_L15-1014E-1375N_4056_2688_13.tif,/kaggle/input/datasets/amerii/spacenet-7-multitemporal-urban-development/SN7_buildings_train/train/L15-1014E-1375N_4056_2688_13/images_masked/global_monthly_2020_01_mosaic_L15-1014E-1375N_4056_2688_13.tif,224,448,19.648189544677734,0,No Urban Expansion
/kaggle/working/spacenet7_urban_expansion_outputs/processed_difference_patches/L15_1669E_1153N_6678_3579_13_0001_224_0.png,L15-1669E-1153N_6678_3579_13,/kaggle/input/datasets/amerii/spacenet-7-multitemporal-urban-development/SN7_buildings_train/train/L15-1669E-1153N_6678_3579_13/images/global_monthly_2018_01_mosaic_L15-1669E-1153N_6678_3579_13.tif,/kaggle/input/datasets/amerii/spacenet-7-multitemporal-urban-development/SN7_buildings_train/train/L15-1669E-1153N_6678_3579_13/images_masked/global_monthly_2019_12_mosaic_L15-1669E-1153N_6678_3579_13.tif,224,0,17.695222854614258,0,No Urban Expansion
/kaggle/working/spacenet7_urban_expansion_outputs/processed_difference_patches/L15_0358E_1220N_1433_3310_13_0010_224_0.png,L15-0358E-1220N_1433_3310_13,/kaggle/input/datasets/amerii/spacenet-7-multitemporal-urban-development/SN7_buildings_train/train/L15-0358E-1220N_1433_3310_13/images/global_monthly_2018_02_mosaic_L15-0358E-1220N_1433_3310_13.tif,/kaggle/input/datasets/amerii/spacenet-7-multitemporal-urban-development/SN7_buildings_train/train/L15-0358E-1220N_1433_3310_13/images_masked/global_monthly_2020_01_mosaic_L15-0358E-1220N_1433_3310_13.tif,224,0,40.17759704589844,1,Urban Expansion
/kaggle/working/spacenet7_urban_expansion_outputs/processed_difference_patches/L15_1669E_1160N_6678_3548_13_0010_0_672.png,L15-1669E-1160N_6678_3548_13,/kaggle/input/datasets/amerii/spacenet-7-multitemporal-urban-development/SN7_buildings_train/train/L15-1669E-1160N_6678_3548_13/images/global_monthly_2017_07_mosaic_L15-1669E-1160N_6678_3548_13.tif,/kaggle/input/datasets/amerii/spacenet-7-multitemporal-urban-development/SN7_buildings_train/train/L15-1669E-1160N_6678_3548_13/images_masked/global_monthly_2019_09_mosaic_L15-1669E-1160N_6678_3548_13.tif,0,672,19.89703369140625,0,No Urban Expansion
/kaggle/working/spacenet7_urban_expansion_outputs/processed_difference_patches/L15_1617E_1207N_6468_3360_13_0009_672_448.png,L15-1617E-1207N_6468_3360_13,/kaggle/input/datasets/amerii/spacenet-7-multitemporal-urban-development/SN7_buildings_train/train/L15-1617E-1207N_6468_3360_13/images/global_monthly_2018_02_mosaic_L15-1617E-1207N_6468_3360_13.tif,/kaggle/input/datasets/amerii/spacenet-7-multitemporal-urban-development/SN7_buildings_train/train/L15-1617E-1207N_6468_3360_13/images_masked/global_monthly_2020_01_mosaic_L15-1617E-1207N_6468_3360_13.tif,672,448,33.241458892822266,1,Urban Expansion
/kaggle/working/spacenet7_urban_expansion_outputs/processed_difference_patches/L15_1669E_1153N_6678_3579_13_0006_0_224.png,L15-1669E-1153N_6678_3579_13,/kaggle/input/datasets/amerii/spacenet-7-multitemporal-urban-development/SN7_buildings_train/train/L15-1669E-1153N_6678_3579_13/images/global_monthly_2018_01_mosaic_L15-1669E-1153N_6678_3579_13.tif,/kaggle/input/datasets/amerii/spacenet-7-multitemporal-urban-development/SN7_buildings_train/train/L15-1669E-1153N_6678_3579_13/images_masked/global_monthly_2019_12_mosaic_L15-1669E-1153N_6678_3579_13.tif,0,224,19.778335571289062,0,No Urban Expansion
/kaggle/working/spacenet7_urban_expansion_outputs/processed_difference_patches/L15_1615E_1205N_6461_3368_13_0003_224_448.png,L15-1615E-1205N_6461_3368_13,/kaggle/input/datasets/amerii/spacenet-7-multitemporal-urban-development/SN7_buildings_test_public/test_public/L15-1615E-1205N_6461_3368_13/images_masked/global_monthly_2017_07_mosaic_L15-1615E-1205N_6461_3368_13.tif,/kaggle/input/datasets/amerii/spacenet-7-multitemporal-urban-development/SN7_buildings_test_public/test_public/L15-1615E-1205N_6461_3368_13/images_masked/global_monthly_2019_09_mosaic_L15-1615E-1205N_6461_3368_13.tif,224,448,17.575151443481445,0,No Urban Expansion
/kaggle/working/spacenet7_urban_expansion_outputs/processed_difference_patches/L15_1669E_1160N_6679_3549_13_0004_224_448.png,L15-1669E-1160N_6679_3549_13,/kaggle/input/datasets/amerii/spacenet-7-multitemporal-urban-development/SN7_buildings_train/train/L15-1669E-1160N_6679_3549_13/images/global_monthly_2017_07_mosaic_L15-1669E-1160N_6679_3549_13.tif,/kaggle/input/datasets/amerii/spacenet-7-multitemporal-urban-development/SN7_buildings_train/train/L15-1669E-1160N_6679_3549_13/images_masked/global_monthly_2019_09_mosaic_L15-1669E-1160N_6679_3549_13.tif,224,448,44.958953857421875,1,Urban Expansion
/kaggle/working/spacenet7_urban_expansion_outputs/processed_difference_patches/L15_1203E_1203N_4815_3378_13_0006_448_224.png,L15-1203E-1203N_4815_3378_13,/kaggle/input/datasets/amerii/spacenet-7-multitemporal-urban-development/SN7_buildings_train/train/L15-1203E-1203N_4815_3378_13/images/global_monthly_2017_07_mosaic_L15-1203E-1203N_4815_3378_13.tif,/kaggle/input/datasets/amerii/spacenet-7-multitemporal-urban-development/SN7_buildings_train/train/L15-1203E-1203N_4815_3378_13/images_masked/global_monthly_2019_09_mosaic_L15-1203E-1203N_4815_3378_13.tif,448,224,36.57614517211914,1,Urban Expansion
/kaggle/working/spacenet7_urban_expansion_outputs/processed_difference_patches/L15_1203E_1203N_4815_3379_13_0009_672_0.png,L15-1203E-1203N_4815_3379_13,/kaggle/input/datasets/amerii/spacenet-7-multitemporal-urban-development/SN7_buildings_test_public/test_public/L15-1203E-1203N_4815_3379_13/images_masked/global_monthly_2017_07_mosaic_L15-1203E-1203N_4815_3379_13.tif,/kaggle/input/datasets/amerii/spacenet-7-multitemporal-urban-development/SN7_buildings_test_public/test_public/L15-1203E-1203N_4815_3379_13/images_masked/global_monthly_2019_09_mosaic_L15-1203E-1203N_4815_3379_13.tif,672,0,46.287750244140625,1,Urban Expansion
/kaggle/working/spacenet7_urban_expansion_outputs/processed_difference_patches/L15_0571E_1302N_2284_2983_13_0001_0_672.png,L15-0571E-1302N_2284_2983_13,/kaggle/input/datasets/amerii/spacenet-7-multitemporal-urban-development/SN7_buildings_test_public/test_public/L15-0571E-1302N_2284_2983_13/images_masked/global_monthly_2018_03_mosaic_L15-0571E-1302N_2284_2983_13.tif,/kaggle/input/datasets/amerii/spacenet-7-multitemporal-urban-development/SN7_buildings_test_public/test_public/L15-0571E-1302N_2284_2983_13/images_masked/global_monthly_2019_11_mosaic_L15-0571E-1302N_2284_2983_13.tif,0,672,49.099365234375,1,Urban Expansion
/kaggle/working/spacenet7_urban_expansion_outputs/processed_difference_patches/L15_1748E_1247N_6993_3202_13_0008_448_448.png,L15-1748E-1247N_6993_3202_13,/kaggle/input/datasets/amerii/spacenet-7-multitemporal-urban-development/SN7_buildings_train/train/L15-1748E-1247N_6993_3202_13/images/global_monthly_2018_01_mosaic_L15-1748E-1247N_6993_3202_13.tif,/kaggle/input/datasets/amerii/spacenet-7-multitemporal-urban-development/SN7_buildings_train/train/L15-1748E-1247N_6993_3202_13/images_masked/global_monthly_2020_01_mosaic_L15-1748E-1247N_6993_3202_13.tif,448,448,20.065683364868164,0,No Urban Expansion
/kaggle/working/spacenet7_urban_expansion_outputs/processed_difference_patches/L15_1615E_1206N_6460_3366_13_0000_0_672.png,L15-1615E-1206N_6460_3366_13,/kaggle/input/datasets/amerii/spacenet-7-multitemporal-urban-development/SN7_buildings_train/train/L15-1615E-1206N_6460_3366_13/images/global_monthly_2017_07_mosaic_L15-1615E-1206N_6460_3366_13.tif,/kaggle/input/datasets/amerii/spacenet-7-multitemporal-urban-development/SN7_buildings_train/train/L15-1615E-1206N_6460_3366_13/images_masked/global_monthly_2019_09_mosaic_L15-1615E-1206N_6460_3366_13.tif,0,672,17.24868392944336,0,No Urban Expansion
/kaggle/working/spacenet7_urban_expansion_outputs/processed_difference_patches/L15_1709E_1112N_6838_3742_13_0009_672_224.png,L15-1709E-1112N_6838_3742_13,/kaggle/input/datasets/amerii/spacenet-7-multitemporal-urban-development/SN7_buildings_train/train/L15-1709E-1112N_6838_3742_13/images/global_monthly_2018_01_mosaic_L15-1709E-1112N_6838_3742_13.tif,/kaggle/input/datasets/amerii/spacenet-7-multitemporal-urban-development/SN7_buildings_train/train/L15-1709E-1112N_6838_3742_13/images_masked/global_monthly_2020_01_mosaic_L15-1709E-1112N_6838_3742_13.tif,672,224,30.870101928710938,1,Urban Expansion
/kaggle/working/spacenet7_urban_expansion_outputs/processed_difference_patches/L15_1690E_1211N_6763_3346_13_0004_224_448.png,L15-1690E-1211N_6763_3346_13,/kaggle/input/datasets/amerii/spacenet-7-multitemporal-urban-development/SN7_buildings_train/train/L15-1690E-1211N_6763_3346_13/images/global_monthly_2017_07_mosaic_L15-1690E-1211N_6763_3346_13.tif,/kaggle/input/datasets/amerii/spacenet-7-multitemporal-urban-development/SN7_buildings_train/train/L15-1690E-1211N_6763_3346_13/images_masked/global_monthly_2019_09_mosaic_L15-1690E-1211N_6763_3346_13.tif,224,448,46.6192626953125,1,Urban Expansion
/kaggle/working/spacenet7_urban_expansion_outputs/processed_difference_patches/L15_1276E_1107N_5105_3761_13_0010_672_224.png,L15-1276E-1107N_5105_3761_13,/kaggle/input/datasets/amerii/spacenet-7-multitemporal-urban-development/SN7_buildings_train/train/L15-1276E-1107N_5105_3761_13/images/global_monthly_2018_01_mosaic_L15-1276E-1107N_5105_3761_13.tif,/kaggle/input/datasets/amerii/spacenet-7-multitemporal-urban-development/SN7_buildings_train/train/L15-1276E-1107N_5105_3761_13/images_masked/global_monthly_2020_01_mosaic_L15-1276E-1107N_5105_3761_13.tif,672,224,17.60662841796875,0,No Urban Expansion
/kaggle/working/spacenet7_urban_expansion_outputs/processed_difference_patches/L15_1691E_1211N_6764_3347_13_0004_224_224.png,L15-1691E-1211N_6764_3347_13,/kaggle/input/datasets/amerii/spacenet-7-multitemporal-urban-development/SN7_buildings_train/train/L15-1691E-1211N_6764_3347_13/images/global_monthly_2017_07_mosaic_L15-1691E-1211N_6764_3347_13.tif,/kaggle/input/datasets/amerii/spacenet-7-multitemporal-urban-development/SN7_buildings_train/train/L15-1691E-1211N_6764_3347_13/images_masked/global_monthly_2019_09_mosaic_L15-1691E-1211N_6764_3347_13.tif,224,224,50.48310470581055,1,Urban Expansion
/kaggle/working/spacenet7_urban_expansion_outputs/processed_difference_patches/L15_1669E_1160N_6678_3548_13_0000_448_448.png,L15-1669E-1160N_6678_3548_13,/kaggle/input/datasets/amerii/spacenet-7-multitemporal-urban-development/SN7_buildings_train/train/L15-1669E-1160N_6678_3548_13/images/global_monthly_2017_07_mosaic_L15-1669E-1160N_6678_3548_13.tif,/kaggle/input/datasets/amerii/spacenet-7-multitemporal-urban-development/SN7_buildings_train/train/L15-1669E-1160N_6678_3548_13/images_masked/global_monthly_2019_09_mosaic_L15-1669E-1160N_6678_3548_13.tif,448,448,50.72174072265625,1,Urban Expansion
/kaggle/working/spacenet7_urban_expansion_outputs/processed_difference_patches/L15_1670E_1159N_6681_3552_13_0013_0_448.png,L15-1670E-1159N_6681_3552_13,/kaggle/input/datasets/amerii/spacenet-7-multitemporal-urban-development/SN7_buildings_test_public/test_public/L15-1670E-1159N_6681_3552_13/images_masked/global_monthly_2017_07_mosaic_L15-1670E-1159N_6681_3552_13.tif,/kaggle/input/datasets/amerii/spacenet-7-multitemporal-urban-development/SN7_buildings_test_public/test_public/L15-1670E-1159N_6681_3552_13/images_masked/global_monthly_2019_09_mosaic_L15-1670E-1159N_6681_3552_13.tif,0,448,19.859291076660156,0,No Urban Expansion
/kaggle/working/spacenet7_urban_expansion_outputs/processed_difference_patches/L15_1204E_1204N_4819_3372_13_0007_672_672.png,L15-1204E-1204N_4819_3372_13,/kaggle/input/datasets/amerii/spacenet-7-multitemporal-urban-development/SN7_buildings_train/train/L15-1204E-1204N_4819_3372_13/images/global_monthly_2018_01_mosaic_L15-1204E-1204N_4819_3372_13.tif,/kaggle/input/datasets/amerii/spacenet-7-multitemporal-urban-development/SN7_buildings_train/train/L15-1204E-1204N_4819_3372_13/images_masked/global_monthly_2020_01_mosaic_L15-1204E-1204N_4819_3372_13.tif,672,672,19.943788528442383,0,No Urban Expansion
/kaggle/working/spacenet7_urban_expansion_outputs/processed_difference_patches/L15_1709E_1112N_6838_3742_13_0013_0_672.png,L15-1709E-1112N_6838_3742_13,/kaggle/input/datasets/amerii/spacenet-7-multitemporal-urban-development/SN7_buildings_train/train/L15-1709E-1112N_6838_3742_13/images/global_monthly_2018_01_mosaic_L15-1709E-1112N_6838_3742_13.tif,/kaggle/input/datasets/amerii/spacenet-7-multitemporal-urban-development/SN7_buildings_train/train/L15-1709E-1112N_6838_3742_13/images_masked/global_monthly_2020_01_mosaic_L15-1709E-1112N_6838_3742_13.tif,0,672,17.407201766967773,0,No Urban Expansion
/kaggle/working/spacenet7_urban_expansion_outputs/processed_difference_patches/L15_0977E_1187N_3911_3441_13_0003_448_672.png,L15-0977E-1187N_3911_3441_13,/kaggle/input/datasets/amerii/spacenet-7-multitemporal-urban-development/SN7_buildings_train/train/L15-0977E-1187N_3911_3441_13/images/global_monthly_2018_01_mosaic_L15-0977E-1187N_3911_3441_13.tif,/kaggle/input/datasets/amerii/spacenet-7-multitemporal-urban-development/SN7_buildings_train/train/L15-0977E-1187N_3911_3441_13/images_masked/global_monthly_2020_01_mosaic_L15-0977E-1187N_3911_3441_13.tif,448,672,18.621498107910156,0,No Urban Expansion
/kaggle/working/spacenet7_urban_expansion_outputs/processed_difference_patches/L15_1690E_1210N_6762_3348_13_0010_0_672.png,L15-1690E-1210N_6762_3348_13,/kaggle/input/datasets/amerii/spacenet-7-multitemporal-urban-development/SN7_buildings_test_public/test_public/L15-1690E-1210N_6762_3348_13/images_masked/global_monthly_2017_07_mosaic_L15-1690E-1210N_6762_3348_13.tif,/kaggle/input/datasets/amerii/spacenet-7-multitemporal-urban-development/SN7_buildings_test_public/test_public/L15-1690E-1210N_6762_3348_13/images_masked/global_monthly_2019_09_mosaic_L15-1690E-1210N_6762_3348_13.tif,0,672,33.32196807861328,1,Urban Expansion
/kaggle/working/spacenet7_urban_expansion_outputs/processed_difference_patches/L15_1210E_1025N_4840_4088_13_0010_448_0.png,L15-1210E-1025N_4840_4088_13,/kaggle/input/datasets/amerii/spacenet-7-multitemporal-urban-development/SN7_buildings_train/train/L15-1210E-1025N_4840_4088_13/images/global_monthly_2018_01_mosaic_L15-1210E-1025N_4840_4088_13.tif,/kaggle/input/datasets/amerii/spacenet-7-multitemporal-urban-development/SN7_buildings_train/train/L15-1210E-1025N_4840_4088_13/images_masked/global_monthly_2020_01_mosaic_L15-1210E-1025N_4840_4088_13.tif,448,0,16.750967025756836,0,No Urban Expansion
/kaggle/working/spacenet7_urban_expansion_outputs/processed_difference_patches/L15_1716E_1211N_6864_3345_13_0005_0_0.png,L15-1716E-1211N_6864_3345_13,/kaggle/input/datasets/amerii/spacenet-7-multitemporal-urban-development/SN7_buildings_train/train/L15-1716E-1211N_6864_3345_13/images/global_monthly_2018_01_mosaic_L15-1716E-1211N_6864_3345_13.tif,/kaggle/input/datasets/amerii/spacenet-7-multitemporal-urban-development/SN7_buildings_train/train/L15-1716E-1211N_6864_3345_13/images_masked/global_monthly_2020_01_mosaic_L15-1716E-1211N_6864_3345_13.tif,0,0,17.241674423217773,0,No Urban Expansion
/kaggle/working/spacenet7_urban_expansion_outputs/processed_difference_patches/L15_1204E_1204N_4819_3372_13_0015_224_672.png,L15-1204E-1204N_4819_3372_13,/kaggle/input/datasets/amerii/spacenet-7-multitemporal-urban-development/SN7_buildings_train/train/L15-1204E-1204N_4819_3372_13/images/global_monthly_2018_01_mosaic_L15-1204E-1204N_4819_3372_13.tif,/kaggle/input/datasets/amerii/spacenet-7-multitemporal-urban-development/SN7_buildings_train/train/L15-1204E-1204N_4819_3372_13/images_masked/global_monthly_2020_01_mosaic_L15-1204E-1204N_4819_3372_13.tif,224,672,16.363800048828125,0,No Urban Expansion
/kaggle/working/spacenet7_urban_expansion_outputs/processed_difference_patches/L15_0361E_1300N_1446_2989_13_0001_448_448.png,L15-0361E-1300N_1446_2989_13,/kaggle/input/datasets/amerii/spacenet-7-multitemporal-urban-development/SN7_buildings_train/train/L15-0361E-1300N_1446_2989_13/images/global_monthly_2018_01_mosaic_L15-0361E-1300N_1446_2989_13.tif,/kaggle/input/datasets/amerii/spacenet-7-multitemporal-urban-development/SN7_buildings_train/train/L15-0361E-1300N_1446_2989_13/images_masked/global_monthly_2020_01_mosaic_L15-0361E-1300N_1446_2989_13.tif,448,448,16.72954750061035,0,No Urban Expansion
/kaggle/working/spacenet7_urban_expansion_outputs/processed_difference_patches/L15_1281E_1035N_5125_4049_13_0011_0_0.png,L15-1281E-1035N_5125_4049_13,/kaggle/input/datasets/amerii/spacenet-7-multitemporal-urban-development/SN7_buildings_test_public/test_public/L15-1281E-1035N_5125_4049_13/images_masked/global_monthly_2018_01_mosaic_L15-1281E-1035N_5125_4049_13.tif,/kaggle/input/datasets/amerii/spacenet-7-multitemporal-urban-development/SN7_buildings_test_public/test_public/L15-1281E-1035N_5125_4049_13/images_masked/global_monthly_2020_01_mosaic_L15-1281E-1035N_5125_4049_13.tif,0,0,17.893335342407227,0,No Urban Expansion
/kaggle/working/spacenet7_urban_expansion_outputs/processed_difference_patches/L15_0506E_1204N_2027_3374_13_0004_0_448.png,L15-0506E-1204N_2027_3374_13,/kaggle/input/datasets/amerii/spacenet-7-multitemporal-urban-development/SN7_buildings_train/train/L15-0506E-1204N_2027_3374_13/images/global_monthly_2018_01_mosaic_L15-0506E-1204N_2027_3374_13.tif,/kaggle/input/datasets/amerii/spacenet-7-multitemporal-urban-development/SN7_buildings_train_sample/sample/L15-0506E-1204N_2027_3374_13/images_masked/global_monthly_2019_12_mosaic_L15-0506E-1204N_2027_3374_13.tif,0,448,18.161550521850586,0,No Urban Expansion
/kaggle/working/spacenet7_urban_expansion_outputs/processed_difference_patches/L15_1015E_1062N_4061_3941_13_0001_672_672.png,L15-1015E-1062N_4061_3941_13,/kaggle/input/datasets/amerii/spacenet-7-multitemporal-urban-development/SN7_buildings_train/train/L15-1015E-1062N_4061_3941_13/images/global_monthly_2018_01_mosaic_L15-1015E-1062N_4061_3941_13.tif,/kaggle/input/datasets/amerii/spacenet-7-multitemporal-urban-development/SN7_buildings_train/train/L15-1015E-1062N_4061_3941_13/images_masked/global_monthly_2020_01_mosaic_L15-1015E-1062N_4061_3941_13.tif,672,672,16.008081436157227,0,No Urban Expansion
/kaggle/working/spacenet7_urban_expansion_outputs/processed_difference_patches/L15_0586E_1127N_2345_3680_13_0006_448_448.png,L15-0586E-1127N_2345_3680_13,/kaggle/input/datasets/amerii/spacenet-7-multitemporal-urban-development/SN7_buildings_train/train/L15-0586E-1127N_2345_3680_13/images/global_monthly_2018_01_mosaic_L15-0586E-1127N_2345_3680_13.tif,/kaggle/input/datasets/amerii/spacenet-7-multitemporal-urban-development/SN7_buildings_train/train/L15-0586E-1127N_2345_3680_13/images_masked/global_monthly_2020_01_mosaic_L15-0586E-1127N_2345_3680_13.tif,448,448,32.61363983154297,1,Urban Expansion
/kaggle/working/spacenet7_urban_expansion_outputs/processed_difference_patches/L15_0391E_1219N_1567_3314_13_0007_448_0.png,L15-0391E-1219N_1567_3314_13,/kaggle/input/datasets/amerii/spacenet-7-multitemporal-urban-development/SN7_buildings_test_public/test_public/L15-0391E-1219N_1567_3314_13/images_masked/global_monthly_2018_01_mosaic_L15-0391E-1219N_1567_3314_13.tif,/kaggle/input/datasets/amerii/spacenet-7-multitemporal-urban-development/SN7_buildings_test_public/test_public/L15-0391E-1219N_1567_3314_13/images_masked/global_monthly_2020_01_mosaic_L15-0391E-1219N_1567_3314_13.tif,448,0,35.9484748840332,1,Urban Expansion
/kaggle/working/spacenet7_urban_expansion_outputs/processed_difference_patches/L15_1630E_0988N_6522_4239_13_0009_224_0.png,L15-1630E-0988N_6522_4239_13,/kaggle/input/datasets/amerii/spacenet-7-multitemporal-urban-development/SN7_buildings_test_public/test_public/L15-1630E-0988N_6522_4239_13/images_masked/global_monthly_2018_01_mosaic_L15-1630E-0988N_6522_4239_13.tif,/kaggle/input/datasets/amerii/spacenet-7-multitemporal-urban-development/SN7_buildings_test_public/test_public/L15-1630E-0988N_6522_4239_13/images_masked/global_monthly_2020_01_mosaic_L15-1630E-0988N_6522_4239_13.tif,224,0,48.66334915161133,1,Urban Expansion
/kaggle/working/spacenet7_urban_expansion_outputs/processed_difference_patches/L15_1296E_1198N_5184_3399_13_0015_672_0.png,L15-1296E-1198N_5184_3399_13,/kaggle/input/datasets/amerii/spacenet-7-multitemporal-urban-development/SN7_buildings_train/train/L15-1296E-1198N_5184_3399_13/images/global_monthly_2018_01_mosaic_L15-1296E-1198N_5184_3399_13.tif,/kaggle/input/datasets/amerii/spacenet-7-multitemporal-urban-development/SN7_buildings_train/train/L15-1296E-1198N_5184_3399_13/images_masked/global_monthly_2020_01_mosaic_L15-1296E-1198N_5184_3399_13.tif,672,0,10.337342262268066,0,No Urban Expansion
/kaggle/working/spacenet7_urban_expansion_outputs/processed_difference_patches/L15_1438E_1134N_5753_3655_13_0004_448_0.png,L15-1438E-1134N_5753_3655_13,/kaggle/input/datasets/amerii/spacenet-7-multitemporal-urban-development/SN7_buildings_train/train/L15-1438E-1134N_5753_3655_13/images/global_monthly_2018_01_mosaic_L15-1438E-1134N_5753_3655_13.tif,/kaggle/input/datasets/amerii/spacenet-7-multitemporal-urban-development/SN7_buildings_train/train/L15-1438E-1134N_5753_3655_13/images_masked/global_monthly_2020_01_mosaic_L15-1438E-1134N_5753_3655_13.tif,448,0,18.39073944091797,0,No Urban Expansion
/kaggle/working/spacenet7_urban_expansion_outputs/processed_difference_patches/L15_1210E_1025N_4840_4088_13_0015_448_448.png,L15-1210E-1025N_4840_4088_13,/kaggle/input/datasets/amerii/spacenet-7-multitemporal-urban-development/SN7_buildings_train/train/L15-1210E-1025N_4840_4088_13/images/global_monthly_2018_01_mosaic_L15-1210E-1025N_4840_4088_13.tif,/kaggle/input/datasets/amerii/spacenet-7-multitemporal-urban-development/SN7_buildings_train/train/L15-1210E-1025N_4840_4088_13/images_masked/global_monthly_2020_01_mosaic_L15-1210E-1025N_4840_4088_13.tif,448,448,10.714092254638672,0,No Urban Expansion
/kaggle/working/spacenet7_urban_expansion_outputs/processed_difference_patches/L15_1049E_1370N_4196_2710_13_0011_0_224.png,L15-1049E-1370N_4196_2710_13,/kaggle/input/datasets/amerii/spacenet-7-multitemporal-urban-development/SN7_buildings_train/train/L15-1049E-1370N_4196_2710_13/images/global_monthly_2018_01_mosaic_L15-1049E-1370N_4196_2710_13.tif,/kaggle/input/datasets/amerii/spacenet-7-multitemporal-urban-development/SN7_buildings_train/train/L15-1049E-1370N_4196_2710_13/images_masked/global_monthly_2020_01_mosaic_L15-1049E-1370N_4196_2710_13.tif,0,224,40.67808532714844,1,Urban Expansion
/kaggle/working/spacenet7_urban_expansion_outputs/processed_difference_patches/L15_0577E_1243N_2309_3217_13_0010_672_224.png,L15-0577E-1243N_2309_3217_13,/kaggle/input/datasets/amerii/spacenet-7-multitemporal-urban-development/SN7_buildings_train/train/L15-0577E-1243N_2309_3217_13/images/global_monthly_2018_02_mosaic_L15-0577E-1243N_2309_3217_13.tif,/kaggle/input/datasets/amerii/spacenet-7-multitemporal-urban-development/SN7_buildings_train/train/L15-0577E-1243N_2309_3217_13/images_masked/global_monthly_2019_11_mosaic_L15-0577E-1243N_2309_3217_13.tif,672,224,39.82679748535156,1,Urban Expansion
/kaggle/working/spacenet7_urban_expansion_outputs/processed_difference_patches/L15_1709E_1112N_6838_3742_13_0010_448_672.png,L15-1709E-1112N_6838_3742_13,/kaggle/input/datasets/amerii/spacenet-7-multitemporal-urban-development/SN7_buildings_train/train/L15-1709E-1112N_6838_3742_13/images/global_monthly_2018_01_mosaic_L15-1709E-1112N_6838_3742_13.tif,/kaggle/input/datasets/amerii/spacenet-7-multitemporal-urban-development/SN7_buildings_train/train/L15-1709E-1112N_6838_3742_13/images_masked/global_monthly_2020_01_mosaic_L15-1709E-1112N_6838_3742_13.tif,448,672,35.42732238769531,1,Urban Expansion
/kaggle/working/spacenet7_urban_expansion_outputs/processed_difference_patches/L15_0614E_0946N_2459_4406_13_0015_448_448.png,L15-0614E-0946N_2459_4406_13,/kaggle/input/datasets/amerii/spacenet-7-multitemporal-urban-development/SN7_buildings_train/train/L15-0614E-0946N_2459_4406_13/images/global_monthly_2018_03_mosaic_L15-0614E-0946N_2459_4406_13.tif,/kaggle/input/datasets/amerii/spacenet-7-multitemporal-urban-development/SN7_buildings_train/train/L15-0614E-0946N_2459_4406_13/images_masked/global_monthly_2020_01_mosaic_L15-0614E-0946N_2459_4406_13.tif,448,448,32.06842041015625,1,Urban Expansion
/kaggle/working/spacenet7_urban_expansion_outputs/processed_difference_patches/L15_1438E_1227N_5753_3282_13_0011_224_0.png,L15-1438E-1227N_5753_3282_13,/kaggle/input/datasets/amerii/spacenet-7-multitemporal-urban-development/SN7_buildings_test_public/test_public/L15-1438E-1227N_5753_3282_13/images_masked/global_monthly_2018_01_mosaic_L15-1438E-1227N_5753_3282_13.tif,/kaggle/input/datasets/amerii/spacenet-7-multitemporal-urban-development/SN7_buildings_test_public/test_public/L15-1438E-1227N_5753_3282_13/images_masked/global_monthly_2020_01_mosaic_L15-1438E-1227N_5753_3282_13.tif,224,0,15.547911643981934,0,No Urban Expansion
/kaggle/working/spacenet7_urban_expansion_outputs/processed_difference_patches/L15_1203E_1203N_4815_3379_13_0007_448_672.png,L15-1203E-1203N_4815_3379_13,/kaggle/input/datasets/amerii/spacenet-7-multitemporal-urban-development/SN7_buildings_test_public/test_public/L15-1203E-1203N_4815_3379_13/images_masked/global_monthly_2017_07_mosaic_L15-1203E-1203N_4815_3379_13.tif,/kaggle/input/datasets/amerii/spacenet-7-multitemporal-urban-development/SN7_buildings_test_public/test_public/L15-1203E-1203N_4815_3379_13/images_masked/global_monthly_2019_09_mosaic_L15-1203E-1203N_4815_3379_13.tif,448,672,32.697940826416016,1,Urban Expansion
/kaggle/working/spacenet7_urban_expansion_outputs/processed_difference_patches/L15_1630E_0988N_6522_4239_13_0010_672_224.png,L15-1630E-0988N_6522_4239_13,/kaggle/input/datasets/amerii/spacenet-7-multitemporal-urban-development/SN7_buildings_test_public/test_public/L15-1630E-0988N_6522_4239_13/images_masked/global_monthly_2018_01_mosaic_L15-1630E-0988N_6522_4239_13.tif,/kaggle/input/datasets/amerii/spacenet-7-multitemporal-urban-development/SN7_buildings_test_public/test_public/L15-1630E-0988N_6522_4239_13/images_masked/global_monthly_2020_01_mosaic_L15-1630E-0988N_6522_4239_13.tif,672,224,32.080589294433594,1,Urban Expansion
/kaggle/working/spacenet7_urban_expansion_outputs/processed_difference_patches/L15_0434E_1218N_1736_3318_13_0012_448_224.png,L15-0434E-1218N_1736_3318_13,/kaggle/input/datasets/amerii/spacenet-7-multitemporal-urban-development/SN7_buildings_train/train/L15-0434E-1218N_1736_3318_13/images/global_monthly_2018_01_mosaic_L15-0434E-1218N_1736_3318_13.tif,/kaggle/input/datasets/amerii/spacenet-7-multitemporal-urban-development/SN7_buildings_train/train/L15-0434E-1218N_1736_3318_13/images_masked/global_monthly_2020_01_mosaic_L15-0434E-1218N_1736_3318_13.tif,448,224,19.14190673828125,0,No Urban Expansion
/kaggle/working/spacenet7_urban_expansion_outputs/processed_difference_patches/L15_0368E_1245N_1474_3210_13_0011_0_224.png,L15-0368E-1245N_1474_3210_13,/kaggle/input/datasets/amerii/spacenet-7-multitemporal-urban-development/SN7_buildings_train/train/L15-0368E-1245N_1474_3210_13/images/global_monthly_2018_01_mosaic_L15-0368E-1245N_1474_3210_13.tif,/kaggle/input/datasets/amerii/spacenet-7-multitemporal-urban-development/SN7_buildings_train/train/L15-0368E-1245N_1474_3210_13/images_masked/global_monthly_2020_01_mosaic_L15-0368E-1245N_1474_3210_13.tif,0,224,34.66425323486328,1,Urban Expansion
/kaggle/working/spacenet7_urban_expansion_outputs/processed_difference_patches/L15_0387E_1276N_1549_3087_13_0015_0_448.png,L15-0387E-1276N_1549_3087_13,/kaggle/input/datasets/amerii/spacenet-7-multitemporal-urban-development/SN7_buildings_train/train/L15-0387E-1276N_1549_3087_13/images/global_monthly_2018_01_mosaic_L15-0387E-1276N_1549_3087_13.tif,/kaggle/input/datasets/amerii/spacenet-7-multitemporal-urban-development/SN7_buildings_train/train/L15-0387E-1276N_1549_3087_13/images_masked/global_monthly_2019_12_mosaic_L15-0387E-1276N_1549_3087_13.tif,0,448,60.4974479675293,1,Urban Expansion
/kaggle/working/spacenet7_urban_expansion_outputs/processed_difference_patches/L15_0760E_0887N_3041_4643_13_0013_224_224.png,L15-0760E-0887N_3041_4643_13,/kaggle/input/datasets/amerii/spacenet-7-multitemporal-urban-development/SN7_buildings_train/train/L15-0760E-0887N_3041_4643_13/images/global_monthly_2018_01_mosaic_L15-0760E-0887N_3041_4643_13.tif,/kaggle/input/datasets/amerii/spacenet-7-multitemporal-urban-development/SN7_buildings_train/train/L15-0760E-0887N_3041_4643_13/images_masked/global_monthly_2020_01_mosaic_L15-0760E-0887N_3041_4643_13.tif,224,224,19.942249298095703,0,No Urban Expansion
/kaggle/working/spacenet7_urban_expansion_outputs/processed_difference_patches/L15_1538E_1163N_6154_3539_13_0014_224_448.png,L15-1538E-1163N_6154_3539_13,/kaggle/input/datasets/amerii/spacenet-7-multitemporal-urban-development/SN7_buildings_train/train/L15-1538E-1163N_6154_3539_13/images/global_monthly_2018_01_mosaic_L15-1538E-1163N_6154_3539_13.tif,/kaggle/input/datasets/amerii/spacenet-7-multitemporal-urban-development/SN7_buildings_train/train/L15-1538E-1163N_6154_3539_13/images_masked/global_monthly_2020_01_mosaic_L15-1538E-1163N_6154_3539_13.tif,224,448,19.88504409790039,0,No Urban Expansion
/kaggle/working/spacenet7_urban_expansion_outputs/processed_difference_patches/L15_0487E_1246N_1950_3207_13_0008_224_224.png,L15-0487E-1246N_1950_3207_13,/kaggle/input/datasets/amerii/spacenet-7-multitemporal-urban-development/SN7_buildings_train/train/L15-0487E-1246N_1950_3207_13/images/global_monthly_2018_01_mosaic_L15-0487E-1246N_1950_3207_13.tif,/kaggle/input/datasets/amerii/spacenet-7-multitemporal-urban-development/SN7_buildings_train/train/L15-0487E-1246N_1950_3207_13/images_masked/global_monthly_2020_01_mosaic_L15-0487E-1246N_1950_3207_13.tif,224,224,15.600420951843262,0,No Urban Expansion
/kaggle/working/spacenet7_urban_expansion_outputs/processed_difference_patches/L15_1691E_1211N_6764_3347_13_0000_0_448.png,L15-1691E-1211N_6764_3347_13,/kaggle/input/datasets/amerii/spacenet-7-multitemporal-urban-development/SN7_buildings_train/train/L15-1691E-1211N_6764_3347_13/images/global_monthly_2017_07_mosaic_L15-1691E-1211N_6764_3347_13.tif,/kaggle/input/datasets/amerii/spacenet-7-multitemporal-urban-development/SN7_buildings_train/train/L15-1691E-1211N_6764_3347_13/images_masked/global_monthly_2019_09_mosaic_L15-1691E-1211N_6764_3347_13.tif,0,448,40.246612548828125,1,Urban Expansion
/kaggle/working/spacenet7_urban_expansion_outputs/processed_difference_patches/L15_0571E_1302N_2284_2983_13_0004_0_448.png,L15-0571E-1302N_2284_2983_13,/kaggle/input/datasets/amerii/spacenet-7-multitemporal-urban-development/SN7_buildings_test_public/test_public/L15-0571E-1302N_2284_2983_13/images_masked/global_monthly_2018_03_mosaic_L15-0571E-1302N_2284_2983_13.tif,/kaggle/input/datasets/amerii/spacenet-7-multitemporal-urban-development/SN7_buildings_test_public/test_public/L15-0571E-1302N_2284_2983_13/images_masked/global_monthly_2019_11_mosaic_L15-0571E-1302N_2284_2983_13.tif,0,448,46.01213073730469,1,Urban Expansion
/kaggle/working/spacenet7_urban_expansion_outputs/processed_difference_patches/L15_0358E_1220N_1433_3310_13_0007_224_448.png,L15-0358E-1220N_1433_3310_13,/kaggle/input/datasets/amerii/spacenet-7-multitemporal-urban-development/SN7_buildings_train/train/L15-0358E-1220N_1433_3310_13/images/global_monthly_2018_02_mosaic_L15-0358E-1220N_1433_3310_13.tif,/kaggle/input/datasets/amerii/spacenet-7-multitemporal-urban-development/SN7_buildings_train/train/L15-0358E-1220N_1433_3310_13/images_masked/global_monthly_2020_01_mosaic_L15-0358E-1220N_1433_3310_13.tif,224,448,36.327735900878906,1,Urban Expansion
/kaggle/working/spacenet7_urban_expansion_outputs/processed_difference_patches/L15_1172E_1306N_4688_2967_13_0010_0_448.png,L15-1172E-1306N_4688_2967_13,/kaggle/input/datasets/amerii/spacenet-7-multitemporal-urban-development/SN7_buildings_train/train/L15-1172E-1306N_4688_2967_13/images/global_monthly_2018_01_mosaic_L15-1172E-1306N_4688_2967_13.tif,/kaggle/input/datasets/amerii/spacenet-7-multitemporal-urban-development/SN7_buildings_train/train/L15-1172E-1306N_4688_2967_13/images_masked/global_monthly_2020_01_mosaic_L15-1172E-1306N_4688_2967_13.tif,0,448,19.849679946899414,0,No Urban Expansion
/kaggle/working/spacenet7_urban_expansion_outputs/processed_difference_patches/L15_1546E_1154N_6186_3574_13_0005_448_672.png,L15-1546E-1154N_6186_3574_13,/kaggle/input/datasets/amerii/spacenet-7-multitemporal-urban-development/SN7_buildings_test_public/test_public/L15-1546E-1154N_6186_3574_13/images_masked/global_monthly_2018_01_mosaic_L15-1546E-1154N_6186_3574_13.tif,/kaggle/input/datasets/amerii/spacenet-7-multitemporal-urban-development/SN7_buildings_test_public/test_public/L15-1546E-1154N_6186_3574_13/images_masked/global_monthly_2020_01_mosaic_L15-1546E-1154N_6186_3574_13.tif,448,672,18.649343490600586,0,No Urban Expansion
/kaggle/working/spacenet7_urban_expansion_outputs/processed_difference_patches/L15_1546E_1154N_6186_3574_13_0013_672_672.png,L15-1546E-1154N_6186_3574_13,/kaggle/input/datasets/amerii/spacenet-7-multitemporal-urban-development/SN7_buildings_test_public/test_public/L15-1546E-1154N_6186_3574_13/images_masked/global_monthly_2018_01_mosaic_L15-1546E-1154N_6186_3574_13.tif,/kaggle/input/datasets/amerii/spacenet-7-multitemporal-urban-development/SN7_buildings_test_public/test_public/L15-1546E-1154N_6186_3574_13/images_masked/global_monthly_2020_01_mosaic_L15-1546E-1154N_6186_3574_13.tif,672,672,12.095887184143066,0,No Urban Expansion
/kaggle/working/spacenet7_urban_expansion_outputs/processed_difference_patches/L15_0544E_1228N_2176_3279_13_0011_224_0.png,L15-0544E-1228N_2176_3279_13,/kaggle/input/datasets/amerii/spacenet-7-multitemporal-urban-development/SN7_buildings_train/train/L15-0544E-1228N_2176_3279_13/images/global_monthly_2018_01_mosaic_L15-0544E-1228N_2176_3279_13.tif,/kaggle/input/datasets/amerii/spacenet-7-multitemporal-urban-development/SN7_buildings_train/train/L15-0544E-1228N_2176_3279_13/images_masked/global_monthly_2019_12_mosaic_L15-0544E-1228N_2176_3279_13.tif,224,0,32.57494354248047,1,Urban Expansion
/kaggle/working/spacenet7_urban_expansion_outputs/processed_difference_patches/L15_0924E_1108N_3699_3757_13_0005_672_672.png,L15-0924E-1108N_3699_3757_13,/kaggle/input/datasets/amerii/spacenet-7-multitemporal-urban-development/SN7_buildings_train/train/L15-0924E-1108N_3699_3757_13/images/global_monthly_2018_01_mosaic_L15-0924E-1108N_3699_3757_13.tif,/kaggle/input/datasets/amerii/spacenet-7-multitemporal-urban-development/SN7_buildings_train/train/L15-0924E-1108N_3699_3757_13/images_masked/global_monthly_2020_01_mosaic_L15-0924E-1108N_3699_3757_13.tif,672,672,18.71052360534668,0,No Urban Expansion
/kaggle/working/spacenet7_urban_expansion_outputs/processed_difference_patches/L15_1129E_0819N_4517_4915_13_0007_224_448.png,L15-1129E-0819N_4517_4915_13,/kaggle/input/datasets/amerii/spacenet-7-multitemporal-urban-development/SN7_buildings_test_public/test_public/L15-1129E-0819N_4517_4915_13/images_masked/global_monthly_2018_01_mosaic_L15-1129E-0819N_4517_4915_13.tif,/kaggle/input/datasets/amerii/spacenet-7-multitemporal-urban-development/SN7_buildings_test_public/test_public/L15-1129E-0819N_4517_4915_13/images_masked/global_monthly_2020_01_mosaic_L15-1129E-0819N_4517_4915_13.tif,224,448,18.69844627380371,0,No Urban Expansion
/kaggle/working/spacenet7_urban_expansion_outputs/processed_difference_patches/L15_0487E_1246N_1950_3207_13_0010_672_0.png,L15-0487E-1246N_1950_3207_13,/kaggle/input/datasets/amerii/spacenet-7-multitemporal-urban-development/SN7_buildings_train/train/L15-0487E-1246N_1950_3207_13/images/global_monthly_2018_01_mosaic_L15-0487E-1246N_1950_3207_13.tif,/kaggle/input/datasets/amerii/spacenet-7-multitemporal-urban-development/SN7_buildings_train/train/L15-0487E-1246N_1950_3207_13/images_masked/global_monthly_2020_01_mosaic_L15-0487E-1246N_1950_3207_13.tif,672,0,14.977684020996094,0,No Urban Expansion
/kaggle/working/spacenet7_urban_expansion_outputs/processed_difference_patches/L15_1848E_0793N_7394_5018_13_0006_448_0.png,L15-1848E-0793N_7394_5018_13,/kaggle/input/datasets/amerii/spacenet-7-multitemporal-urban-development/SN7_buildings_train/train/L15-1848E-0793N_7394_5018_13/images/global_monthly_2018_01_mosaic_L15-1848E-0793N_7394_5018_13.tif,/kaggle/input/datasets/amerii/spacenet-7-multitemporal-urban-development/SN7_buildings_train/train/L15-1848E-0793N_7394_5018_13/images_masked/global_monthly_2020_01_mosaic_L15-1848E-0793N_7394_5018_13.tif,448,0,18.7646484375,0,No Urban Expansion
/kaggle/working/spacenet7_urban_expansion_outputs/processed_difference_patches/L15_1709E_1112N_6838_3742_13_0005_448_224.png,L15-1709E-1112N_6838_3742_13,/kaggle/input/datasets/amerii/spacenet-7-multitemporal-urban-development/SN7_buildings_train/train/L15-1709E-1112N_6838_3742_13/images/global_monthly_2018_01_mosaic_L15-1709E-1112N_6838_3742_13.tif,/kaggle/input/datasets/amerii/spacenet-7-multitemporal-urban-development/SN7_buildings_train/train/L15-1709E-1112N_6838_3742_13/images_masked/global_monthly_2020_01_mosaic_L15-1709E-1112N_6838_3742_13.tif,448,224,59.64496612548828,1,Urban Expansion
/kaggle/working/spacenet7_urban_expansion_outputs/processed_difference_patches/L15_1672E_1207N_6691_3363_13_0008_448_0.png,L15-1672E-1207N_6691_3363_13,/kaggle/input/datasets/amerii/spacenet-7-multitemporal-urban-development/SN7_buildings_train/train/L15-1672E-1207N_6691_3363_13/images/global_monthly_2018_01_mosaic_L15-1672E-1207N_6691_3363_13.tif,/kaggle/input/datasets/amerii/spacenet-7-multitemporal-urban-development/SN7_buildings_train/train/L15-1672E-1207N_6691_3363_13/images_masked/global_monthly_2020_01_mosaic_L15-1672E-1207N_6691_3363_13.tif,448,0,19.817901611328125,0,No Urban Expansion
/kaggle/working/spacenet7_urban_expansion_outputs/processed_difference_patches/L15_1672E_1207N_6691_3363_13_0007_448_448.png,L15-1672E-1207N_6691_3363_13,/kaggle/input/datasets/amerii/spacenet-7-multitemporal-urban-development/SN7_buildings_train/train/L15-1672E-1207N_6691_3363_13/images/global_monthly_2018_01_mosaic_L15-1672E-1207N_6691_3363_13.tif,/kaggle/input/datasets/amerii/spacenet-7-multitemporal-urban-development/SN7_buildings_train/train/L15-1672E-1207N_6691_3363_13/images_masked/global_monthly_2020_01_mosaic_L15-1672E-1207N_6691_3363_13.tif,448,448,17.012426376342773,0,No Urban Expansion
/kaggle/working/spacenet7_urban_expansion_outputs/processed_difference_patches/L15_0977E_1187N_3911_3441_13_0005_0_672.png,L15-0977E-1187N_3911_3441_13,/kaggle/input/datasets/amerii/spacenet-7-multitemporal-urban-development/SN7_buildings_train/train/L15-0977E-1187N_3911_3441_13/images/global_monthly_2018_01_mosaic_L15-0977E-1187N_3911_3441_13.tif,/kaggle/input/datasets/amerii/spacenet-7-multitemporal-urban-development/SN7_buildings_train/train/L15-0977E-1187N_3911_3441_13/images_masked/global_monthly_2020_01_mosaic_L15-0977E-1187N_3911_3441_13.tif,0,672,5.774951934814453,0,No Urban Expansion
/kaggle/working/spacenet7_urban_expansion_outputs/processed_difference_patches/L15_0369E_1244N_1479_3214_13_0012_448_224.png,L15-0369E-1244N_1479_3214_13,/kaggle/input/datasets/amerii/spacenet-7-multitemporal-urban-development/SN7_buildings_test_public/test_public/L15-0369E-1244N_1479_3214_13/images_masked/global_monthly_2018_02_mosaic_L15-0369E-1244N_1479_3214_13.tif,/kaggle/input/datasets/amerii/spacenet-7-multitemporal-urban-development/SN7_buildings_test_public/test_public/L15-0369E-1244N_1479_3214_13/images_masked/global_monthly_2020_01_mosaic_L15-0369E-1244N_1479_3214_13.tif,448,224,35.468788146972656,1,Urban Expansion
/kaggle/working/spacenet7_urban_expansion_outputs/processed_difference_patches/L15_1690E_1210N_6762_3348_13_0008_448_224.png,L15-1690E-1210N_6762_3348_13,/kaggle/input/datasets/amerii/spacenet-7-multitemporal-urban-development/SN7_buildings_test_public/test_public/L15-1690E-1210N_6762_3348_13/images_masked/global_monthly_2017_07_mosaic_L15-1690E-1210N_6762_3348_13.tif,/kaggle/input/datasets/amerii/spacenet-7-multitemporal-urban-development/SN7_buildings_test_public/test_public/L15-1690E-1210N_6762_3348_13/images_masked/global_monthly_2019_09_mosaic_L15-1690E-1210N_6762_3348_13.tif,448,224,38.68930435180664,1,Urban Expansion
/kaggle/working/spacenet7_urban_expansion_outputs/processed_difference_patches/L15_0369E_1244N_1479_3214_13_0005_0_0.png,L15-0369E-1244N_1479_3214_13,/kaggle/input/datasets/amerii/spacenet-7-multitemporal-urban-development/SN7_buildings_test_public/test_public/L15-0369E-1244N_1479_3214_13/images_masked/global_monthly_2018_02_mosaic_L15-0369E-1244N_1479_3214_13.tif,/kaggle/input/datasets/amerii/spacenet-7-multitemporal-urban-development/SN7_buildings_test_public/test_public/L15-0369E-1244N_1479_3214_13/images_masked/global_monthly_2020_01_mosaic_L15-0369E-1244N_1479_3214_13.tif,0,0,34.489253997802734,1,Urban Expansion
/kaggle/working/spacenet7_urban_expansion_outputs/processed_difference_patches/L15_1138E_1216N_4553_3325_13_0004_224_0.png,L15-1138E-1216N_4553_3325_13,/kaggle/input/datasets/amerii/spacenet-7-multitemporal-urban-development/SN7_buildings_train/train/L15-1138E-1216N_4553_3325_13/images/global_monthly_2018_01_mosaic_L15-1138E-1216N_4553_3325_13.tif,/kaggle/input/datasets/amerii/spacenet-7-multitemporal-urban-development/SN7_buildings_train/train/L15-1138E-1216N_4553_3325_13/images_masked/global_monthly_2020_01_mosaic_L15-1138E-1216N_4553_3325_13.tif,224,0,36.548927307128906,1,Urban Expansion
/kaggle/working/spacenet7_urban_expansion_outputs/processed_difference_patches/L15_0369E_1244N_1479_3214_13_0007_224_224.png,L15-0369E-1244N_1479_3214_13,/kaggle/input/datasets/amerii/spacenet-7-multitemporal-urban-development/SN7_buildings_test_public/test_public/L15-0369E-1244N_1479_3214_13/images_masked/global_monthly_2018_02_mosaic_L15-0369E-1244N_1479_3214_13.tif,/kaggle/input/datasets/amerii/spacenet-7-multitemporal-urban-development/SN7_buildings_test_public/test_public/L15-0369E-1244N_1479_3214_13/images_masked/global_monthly_2020_01_mosaic_L15-0369E-1244N_1479_3214_13.tif,224,224,34.19567108154297,1,Urban Expansion
/kaggle/working/spacenet7_urban_expansion_outputs/processed_difference_patches/L15_0434E_1218N_1736_3318_13_0010_224_0.png,L15-0434E-1218N_1736_3318_13,/kaggle/input/datasets/amerii/spacenet-7-multitemporal-urban-development/SN7_buildings_train/train/L15-0434E-1218N_1736_3318_13/images/global_monthly_2018_01_mosaic_L15-0434E-1218N_1736_3318_13.tif,/kaggle/input/datasets/amerii/spacenet-7-multitemporal-urban-development/SN7_buildings_train/train/L15-0434E-1218N_1736_3318_13/images_masked/global_monthly_2020_01_mosaic_L15-0434E-1218N_1736_3318_13.tif,224,0,10.28625202178955,0,No Urban Expansion
/kaggle/working/spacenet7_urban_expansion_outputs/processed_difference_patches/L15_1690E_1211N_6763_3346_13_0002_224_0.png,L15-1690E-1211N_6763_3346_13,/kaggle/input/datasets/amerii/spacenet-7-multitemporal-urban-development/SN7_buildings_train/train/L15-1690E-1211N_6763_3346_13/images/global_monthly_2017_07_mosaic_L15-1690E-1211N_6763_3346_13.tif,/kaggle/input/datasets/amerii/spacenet-7-multitemporal-urban-development/SN7_buildings_train/train/L15-1690E-1211N_6763_3346_13/images_masked/global_monthly_2019_09_mosaic_L15-1690E-1211N_6763_3346_13.tif,224,0,39.67375183105469,1,Urban Expansion
/kaggle/working/spacenet7_urban_expansion_outputs/processed_difference_patches/L15_1049E_1370N_4196_2710_13_0013_224_448.png,L15-1049E-1370N_4196_2710_13,/kaggle/input/datasets/amerii/spacenet-7-multitemporal-urban-development/SN7_buildings_train/train/L15-1049E-1370N_4196_2710_13/images/global_monthly_2018_01_mosaic_L15-1049E-1370N_4196_2710_13.tif,/kaggle/input/datasets/amerii/spacenet-7-multitemporal-urban-development/SN7_buildings_train/train/L15-1049E-1370N_4196_2710_13/images_masked/global_monthly_2020_01_mosaic_L15-1049E-1370N_4196_2710_13.tif,224,448,32.50193786621094,1,Urban Expansion
/kaggle/working/spacenet7_urban_expansion_outputs/processed_difference_patches/L15_0683E_1006N_2732_4164_13_0004_0_448.png,L15-0683E-1006N_2732_4164_13,/kaggle/input/datasets/amerii/spacenet-7-multitemporal-urban-development/SN7_buildings_train/train/L15-0683E-1006N_2732_4164_13/images/global_monthly_2018_01_mosaic_L15-0683E-1006N_2732_4164_13.tif,/kaggle/input/datasets/amerii/spacenet-7-multitemporal-urban-development/SN7_buildings_train/train/L15-0683E-1006N_2732_4164_13/images_masked/global_monthly_2020_01_mosaic_L15-0683E-1006N_2732_4164_13.tif,0,448,54.20545196533203,1,Urban Expansion
/kaggle/working/spacenet7_urban_expansion_outputs/processed_difference_patches/L15_1296E_1198N_5184_3399_13_0008_0_672.png,L15-1296E-1198N_5184_3399_13,/kaggle/input/datasets/amerii/spacenet-7-multitemporal-urban-development/SN7_buildings_train/train/L15-1296E-1198N_5184_3399_13/images/global_monthly_2018_01_mosaic_L15-1296E-1198N_5184_3399_13.tif,/kaggle/input/datasets/amerii/spacenet-7-multitemporal-urban-development/SN7_buildings_train/train/L15-1296E-1198N_5184_3399_13/images_masked/global_monthly_2020_01_mosaic_L15-1296E-1198N_5184_3399_13.tif,0,672,9.799221992492676,0,No Urban Expansion
/kaggle/working/spacenet7_urban_expansion_outputs/processed_difference_patches/L15_1213E_1238N_4852_3239_13_0010_672_672.png,L15-1213E-1238N_4852_3239_13,/kaggle/input/datasets/amerii/spacenet-7-multitemporal-urban-development/SN7_buildings_test_public/test_public/L15-1213E-1238N_4852_3239_13/images_masked/global_monthly_2018_03_mosaic_L15-1213E-1238N_4852_3239_13.tif,/kaggle/input/datasets/amerii/spacenet-7-multitemporal-urban-development/SN7_buildings_test_public/test_public/L15-1213E-1238N_4852_3239_13/images_masked/global_monthly_2019_12_mosaic_L15-1213E-1238N_4852_3239_13.tif,672,672,43.70210266113281,1,Urban Expansion
/kaggle/working/spacenet7_urban_expansion_outputs/processed_difference_patches/L15_1249E_1167N_4999_3521_13_0011_0_0.png,L15-1249E-1167N_4999_3521_13,/kaggle/input/datasets/amerii/spacenet-7-multitemporal-urban-development/SN7_buildings_test_public/test_public/L15-1249E-1167N_4999_3521_13/images_masked/global_monthly_2018_01_mosaic_L15-1249E-1167N_4999_3521_13.tif,/kaggle/input/datasets/amerii/spacenet-7-multitemporal-urban-development/SN7_buildings_test_public/test_public/L15-1249E-1167N_4999_3521_13/images_masked/global_monthly_2020_01_mosaic_L15-1249E-1167N_4999_3521_13.tif,0,0,31.54095458984375,1,Urban Expansion
/kaggle/working/spacenet7_urban_expansion_outputs/processed_difference_patches/L15_1203E_1203N_4815_3378_13_0001_224_0.png,L15-1203E-1203N_4815_3378_13,/kaggle/input/datasets/amerii/spacenet-7-multitemporal-urban-development/SN7_buildings_train/train/L15-1203E-1203N_4815_3378_13/images/global_monthly_2017_07_mosaic_L15-1203E-1203N_4815_3378_13.tif,/kaggle/input/datasets/amerii/spacenet-7-multitemporal-urban-development/SN7_buildings_train/train/L15-1203E-1203N_4815_3378_13/images_masked/global_monthly_2019_09_mosaic_L15-1203E-1203N_4815_3378_13.tif,224,0,34.31172180175781,1,Urban Expansion
/kaggle/working/spacenet7_urban_expansion_outputs/processed_difference_patches/L15_1669E_1160N_6678_3548_13_0001_448_224.png,L15-1669E-1160N_6678_3548_13,/kaggle/input/datasets/amerii/spacenet-7-multitemporal-urban-development/SN7_buildings_train/train/L15-1669E-1160N_6678_3548_13/images/global_monthly_2017_07_mosaic_L15-1669E-1160N_6678_3548_13.tif,/kaggle/input/datasets/amerii/spacenet-7-multitemporal-urban-development/SN7_buildings_train/train/L15-1669E-1160N_6678_3548_13/images_masked/global_monthly_2019_09_mosaic_L15-1669E-1160N_6678_3548_13.tif,448,224,37.9611701965332,1,Urban Expansion
/kaggle/working/spacenet7_urban_expansion_outputs/processed_difference_patches/L15_0361E_1300N_1446_2989_13_0009_224_448.png,L15-0361E-1300N_1446_2989_13,/kaggle/input/datasets/amerii/spacenet-7-multitemporal-urban-development/SN7_buildings_train/train/L15-0361E-1300N_1446_2989_13/images/global_monthly_2018_01_mosaic_L15-0361E-1300N_1446_2989_13.tif,/kaggle/input/datasets/amerii/spacenet-7-multitemporal-urban-development/SN7_buildings_train/train/L15-0361E-1300N_1446_2989_13/images_masked/global_monthly_2020_01_mosaic_L15-0361E-1300N_1446_2989_13.tif,224,448,14.092081069946289,0,No Urban Expansion
/kaggle/working/spacenet7_urban_expansion_outputs/processed_difference_patches/L15_1289E_1169N_5156_3514_13_0012_448_672.png,L15-1289E-1169N_5156_3514_13,/kaggle/input/datasets/amerii/spacenet-7-multitemporal-urban-development/SN7_buildings_train/train/L15-1289E-1169N_5156_3514_13/images/global_monthly_2018_01_mosaic_L15-1289E-1169N_5156_3514_13.tif,/kaggle/input/datasets/amerii/spacenet-7-multitemporal-urban-development/SN7_buildings_train/train/L15-1289E-1169N_5156_3514_13/images_masked/global_monthly_2020_01_mosaic_L15-1289E-1169N_5156_3514_13.tif,448,672,36.927513122558594,1,Urban Expansion
/kaggle/working/spacenet7_urban_expansion_outputs/processed_difference_patches/L15_0387E_1276N_1549_3087_13_0001_672_672.png,L15-0387E-1276N_1549_3087_13,/kaggle/input/datasets/amerii/spacenet-7-multitemporal-urban-development/SN7_buildings_train/train/L15-0387E-1276N_1549_3087_13/images/global_monthly_2018_01_mosaic_L15-0387E-1276N_1549_3087_13.tif,/kaggle/input/datasets/amerii/spacenet-7-multitemporal-urban-development/SN7_buildings_train/train/L15-0387E-1276N_1549_3087_13/images_masked/global_monthly_2019_12_mosaic_L15-0387E-1276N_1549_3087_13.tif,672,672,49.432613372802734,1,Urban Expansion
/kaggle/working/spacenet7_urban_expansion_outputs/processed_difference_patches/L15_0331E_1257N_1327_3160_13_0013_672_448.png,L15-0331E-1257N_1327_3160_13,/kaggle/input/datasets/amerii/spacenet-7-multitemporal-urban-development/SN7_buildings_train/train/L15-0331E-1257N_1327_3160_13/images/global_monthly_2018_01_mosaic_L15-0331E-1257N_1327_3160_13.tif,/kaggle/input/datasets/amerii/spacenet-7-multitemporal-urban-development/SN7_buildings_train/train/L15-0331E-1257N_1327_3160_13/images_masked/global_monthly_2020_01_mosaic_L15-0331E-1257N_1327_3160_13.tif,672,448,11.985411643981934,0,No Urban Expansion
/kaggle/working/spacenet7_urban_expansion_outputs/processed_difference_patches/L15_0977E_1187N_3911_3441_13_0014_224_672.png,L15-0977E-1187N_3911_3441_13,/kaggle/input/datasets/amerii/spacenet-7-multitemporal-urban-development/SN7_buildings_train/train/L15-0977E-1187N_3911_3441_13/images/global_monthly_2018_01_mosaic_L15-0977E-1187N_3911_3441_13.tif,/kaggle/input/datasets/amerii/spacenet-7-multitemporal-urban-development/SN7_buildings_train/train/L15-0977E-1187N_3911_3441_13/images_masked/global_monthly_2020_01_mosaic_L15-0977E-1187N_3911_3441_13.tif,224,672,4.796675205230713,0,No Urban Expansion
/kaggle/working/spacenet7_urban_expansion_outputs/processed_difference_patches/L15_1672E_1207N_6691_3363_13_0013_672_448.png,L15-1672E-1207N_6691_3363_13,/kaggle/input/datasets/amerii/spacenet-7-multitemporal-urban-development/SN7_buildings_train/train/L15-1672E-1207N_6691_3363_13/images/global_monthly_2018_01_mosaic_L15-1672E-1207N_6691_3363_13.tif,/kaggle/input/datasets/amerii/spacenet-7-multitemporal-urban-development/SN7_buildings_train/train/L15-1672E-1207N_6691_3363_13/images_masked/global_monthly_2020_01_mosaic_L15-1672E-1207N_6691_3363_13.tif,672,448,8.781693458557129,0,No Urban Expansion
/kaggle/working/spacenet7_urban_expansion_outputs/processed_difference_patches/L15_1716E_1211N_6864_3345_13_0012_672_0.png,L15-1716E-1211N_6864_3345_13,/kaggle/input/datasets/amerii/spacenet-7-multitemporal-urban-development/SN7_buildings_train/train/L15-1716E-1211N_6864_3345_13/images/global_monthly_2018_01_mosaic_L15-1716E-1211N_6864_3345_13.tif,/kaggle/input/datasets/amerii/spacenet-7-multitemporal-urban-development/SN7_buildings_train/train/L15-1716E-1211N_6864_3345_13/images_masked/global_monthly_2020_01_mosaic_L15-1716E-1211N_6864_3345_13.tif,672,0,34.891456604003906,1,Urban Expansion
/kaggle/working/spacenet7_urban_expansion_outputs/processed_difference_patches/L15_0977E_1187N_3911_3441_13_0009_448_224.png,L15-0977E-1187N_3911_3441_13,/kaggle/input/datasets/amerii/spacenet-7-multitemporal-urban-development/SN7_buildings_train/train/L15-0977E-1187N_3911_3441_13/images/global_monthly_2018_01_mosaic_L15-0977E-1187N_3911_3441_13.tif,/kaggle/input/datasets/amerii/spacenet-7-multitemporal-urban-development/SN7_buildings_train/train/L15-0977E-1187N_3911_3441_13/images_masked/global_monthly_2020_01_mosaic_L15-0977E-1187N_3911_3441_13.tif,448,224,9.784618377685547,0,No Urban Expansion
/kaggle/working/spacenet7_urban_expansion_outputs/processed_difference_patches/L15_1669E_1153N_6678_3579_13_0008_672_0.png,L15-1669E-1153N_6678_3579_13,/kaggle/input/datasets/amerii/spacenet-7-multitemporal-urban-development/SN7_buildings_train/train/L15-1669E-1153N_6678_3579_13/images/global_monthly_2018_01_mosaic_L15-1669E-1153N_6678_3579_13.tif,/kaggle/input/datasets/amerii/spacenet-7-multitemporal-urban-development/SN7_buildings_train/train/L15-1669E-1153N_6678_3579_13/images_masked/global_monthly_2019_12_mosaic_L15-1669E-1153N_6678_3579_13.tif,672,0,16.105941772460938,0,No Urban Expansion
/kaggle/working/spacenet7_urban_expansion_outputs/processed_difference_patches/L15_1129E_0819N_4517_4915_13_0004_448_672.png,L15-1129E-0819N_4517_4915_13,/kaggle/input/datasets/amerii/spacenet-7-multitemporal-urban-development/SN7_buildings_test_public/test_public/L15-1129E-0819N_4517_4915_13/images_masked/global_monthly_2018_01_mosaic_L15-1129E-0819N_4517_4915_13.tif,/kaggle/input/datasets/amerii/spacenet-7-multitemporal-urban-development/SN7_buildings_test_public/test_public/L15-1129E-0819N_4517_4915_13/images_masked/global_monthly_2020_01_mosaic_L15-1129E-0819N_4517_4915_13.tif,448,672,19.40361976623535,0,No Urban Expansion
/kaggle/working/spacenet7_urban_expansion_outputs/processed_difference_patches/L15_0632E_0892N_2528_4620_13_0012_224_448.png,L15-0632E-0892N_2528_4620_13,/kaggle/input/datasets/amerii/spacenet-7-multitemporal-urban-development/SN7_buildings_train/train/L15-0632E-0892N_2528_4620_13/images/global_monthly_2018_01_mosaic_L15-0632E-0892N_2528_4620_13.tif,/kaggle/input/datasets/amerii/spacenet-7-multitemporal-urban-development/SN7_buildings_train/train/L15-0632E-0892N_2528_4620_13/images_masked/global_monthly_2020_01_mosaic_L15-0632E-0892N_2528_4620_13.tif,224,448,15.108084678649902,0,No Urban Expansion
/kaggle/working/spacenet7_urban_expansion_outputs/processed_difference_patches/L15_1748E_1247N_6993_3202_13_0007_224_672.png,L15-1748E-1247N_6993_3202_13,/kaggle/input/datasets/amerii/spacenet-7-multitemporal-urban-development/SN7_buildings_train/train/L15-1748E-1247N_6993_3202_13/images/global_monthly_2018_01_mosaic_L15-1748E-1247N_6993_3202_13.tif,/kaggle/input/datasets/amerii/spacenet-7-multitemporal-urban-development/SN7_buildings_train/train/L15-1748E-1247N_6993_3202_13/images_masked/global_monthly_2020_01_mosaic_L15-1748E-1247N_6993_3202_13.tif,224,672,32.79127502441406,1,Urban Expansion
/kaggle/working/spacenet7_urban_expansion_outputs/processed_difference_patches/L15_1690E_1211N_6763_3346_13_0013_448_448.png,L15-1690E-1211N_6763_3346_13,/kaggle/input/datasets/amerii/spacenet-7-multitemporal-urban-development/SN7_buildings_train/train/L15-1690E-1211N_6763_3346_13/images/global_monthly_2017_07_mosaic_L15-1690E-1211N_6763_3346_13.tif,/kaggle/input/datasets/amerii/spacenet-7-multitemporal-urban-development/SN7_buildings_train/train/L15-1690E-1211N_6763_3346_13/images_masked/global_monthly_2019_09_mosaic_L15-1690E-1211N_6763_3346_13.tif,448,448,32.16133117675781,1,Urban Expansion
/kaggle/working/spacenet7_urban_expansion_outputs/processed_difference_patches/L15_1666E_1189N_6665_3433_13_0015_224_672.png,L15-1666E-1189N_6665_3433_13,/kaggle/input/datasets/amerii/spacenet-7-multitemporal-urban-development/SN7_buildings_test_public/test_public/L15-1666E-1189N_6665_3433_13/images_masked/global_monthly_2018_01_mosaic_L15-1666E-1189N_6665_3433_13.tif,/kaggle/input/datasets/amerii/spacenet-7-multitemporal-urban-development/SN7_buildings_test_public/test_public/L15-1666E-1189N_6665_3433_13/images_masked/global_monthly_2020_01_mosaic_L15-1666E-1189N_6665_3433_13.tif,224,672,18.372039794921875,0,No Urban Expansion
/kaggle/working/spacenet7_urban_expansion_outputs/processed_difference_patches/L15_1669E_1160N_6678_3548_13_0012_672_224.png,L15-1669E-1160N_6678_3548_13,/kaggle/input/datasets/amerii/spacenet-7-multitemporal-urban-development/SN7_buildings_train/train/L15-1669E-1160N_6678_3548_13/images/global_monthly_2017_07_mosaic_L15-1669E-1160N_6678_3548_13.tif,/kaggle/input/datasets/amerii/spacenet-7-multitemporal-urban-development/SN7_buildings_train/train/L15-1669E-1160N_6678_3548_13/images_masked/global_monthly_2019_09_mosaic_L15-1669E-1160N_6678_3548_13.tif,672,224,18.2228946685791,0,No Urban Expansion
/kaggle/working/spacenet7_urban_expansion_outputs/processed_difference_patches/L15_1615E_1206N_6460_3366_13_0015_448_672.png,L15-1615E-1206N_6460_3366_13,/kaggle/input/datasets/amerii/spacenet-7-multitemporal-urban-development/SN7_buildings_train/train/L15-1615E-1206N_6460_3366_13/images/global_monthly_2017_07_mosaic_L15-1615E-1206N_6460_3366_13.tif,/kaggle/input/datasets/amerii/spacenet-7-multitemporal-urban-development/SN7_buildings_train/train/L15-1615E-1206N_6460_3366_13/images_masked/global_monthly_2019_09_mosaic_L15-1615E-1206N_6460_3366_13.tif,448,672,37.485382080078125,1,Urban Expansion
/kaggle/working/spacenet7_urban_expansion_outputs/processed_difference_patches/L15_0744E_0927N_2979_4481_13_0008_448_0.png,L15-0744E-0927N_2979_4481_13,/kaggle/input/datasets/amerii/spacenet-7-multitemporal-urban-development/SN7_buildings_test_public/test_public/L15-0744E-0927N_2979_4481_13/images_masked/global_monthly_2018_01_mosaic_L15-0744E-0927N_2979_4481_13.tif,/kaggle/input/datasets/amerii/spacenet-7-multitemporal-urban-development/SN7_buildings_test_public/test_public/L15-0744E-0927N_2979_4481_13/images_masked/global_monthly_2020_01_mosaic_L15-0744E-0927N_2979_4481_13.tif,448,0,13.729576110839844,0,No Urban Expansion
/kaggle/working/spacenet7_urban_expansion_outputs/processed_difference_patches/L15_0577E_1243N_2309_3217_13_0006_224_672.png,L15-0577E-1243N_2309_3217_13,/kaggle/input/datasets/amerii/spacenet-7-multitemporal-urban-development/SN7_buildings_train/train/L15-0577E-1243N_2309_3217_13/images/global_monthly_2018_02_mosaic_L15-0577E-1243N_2309_3217_13.tif,/kaggle/input/datasets/amerii/spacenet-7-multitemporal-urban-development/SN7_buildings_train/train/L15-0577E-1243N_2309_3217_13/images_masked/global_monthly_2019_11_mosaic_L15-0577E-1243N_2309_3217_13.tif,224,672,34.092308044433594,1,Urban Expansion
/kaggle/working/spacenet7_urban_expansion_outputs/processed_difference_patches/L15_0357E_1223N_1429_3296_13_0011_448_672.png,L15-0357E-1223N_1429_3296_13,/kaggle/input/datasets/amerii/spacenet-7-multitemporal-urban-development/SN7_buildings_train/train/L15-0357E-1223N_1429_3296_13/images/global_monthly_2018_01_mosaic_L15-0357E-1223N_1429_3296_13.tif,/kaggle/input/datasets/amerii/spacenet-7-multitemporal-urban-development/SN7_buildings_train/train/L15-0357E-1223N_1429_3296_13/images_masked/global_monthly_2020_01_mosaic_L15-0357E-1223N_1429_3296_13.tif,448,672,18.885408401489258,0,No Urban Expansion
/kaggle/working/spacenet7_urban_expansion_outputs/processed_difference_patches/L15_0760E_0887N_3041_4643_13_0010_448_672.png,L15-0760E-0887N_3041_4643_13,/kaggle/input/datasets/amerii/spacenet-7-multitemporal-urban-development/SN7_buildings_train/train/L15-0760E-0887N_3041_4643_13/images/global_monthly_2018_01_mosaic_L15-0760E-0887N_3041_4643_13.tif,/kaggle/input/datasets/amerii/spacenet-7-multitemporal-urban-development/SN7_buildings_train/train/L15-0760E-0887N_3041_4643_13/images_masked/global_monthly_2020_01_mosaic_L15-0760E-0887N_3041_4643_13.tif,448,672,19.954193115234375,0,No Urban Expansion
/kaggle/working/spacenet7_urban_expansion_outputs/processed_difference_patches/L15_0760E_0887N_3041_4643_13_0001_224_448.png,L15-0760E-0887N_3041_4643_13,/kaggle/input/datasets/amerii/spacenet-7-multitemporal-urban-development/SN7_buildings_train/train/L15-0760E-0887N_3041_4643_13/images/global_monthly_2018_01_mosaic_L15-0760E-0887N_3041_4643_13.tif,/kaggle/input/datasets/amerii/spacenet-7-multitemporal-urban-development/SN7_buildings_train/train/L15-0760E-0887N_3041_4643_13/images_masked/global_monthly_2020_01_mosaic_L15-0760E-0887N_3041_4643_13.tif,224,448,12.150490760803223,0,No Urban Expansion
/kaggle/working/spacenet7_urban_expansion_outputs/processed_difference_patches/L15_1138E_1216N_4553_3325_13_0012_448_0.png,L15-1138E-1216N_4553_3325_13,/kaggle/input/datasets/amerii/spacenet-7-multitemporal-urban-development/SN7_buildings_train/train/L15-1138E-1216N_4553_3325_13/images/global_monthly_2018_01_mosaic_L15-1138E-1216N_4553_3325_13.tif,/kaggle/input/datasets/amerii/spacenet-7-multitemporal-urban-development/SN7_buildings_train/train/L15-1138E-1216N_4553_3325_13/images_masked/global_monthly_2020_01_mosaic_L15-1138E-1216N_4553_3325_13.tif,448,0,34.070335388183594,1,Urban Expansion
/kaggle/working/spacenet7_urban_expansion_outputs/processed_difference_patches/L15_0571E_1075N_2287_3888_13_0004_224_0.png,L15-0571E-1075N_2287_3888_13,/kaggle/input/datasets/amerii/spacenet-7-multitemporal-urban-development/SN7_buildings_train/train/L15-0571E-1075N_2287_3888_13/images/global_monthly_2018_01_mosaic_L15-0571E-1075N_2287_3888_13.tif,/kaggle/input/datasets/amerii/spacenet-7-multitemporal-urban-development/SN7_buildings_train/train/L15-0571E-1075N_2287_3888_13/images_masked/global_monthly_2020_01_mosaic_L15-0571E-1075N_2287_3888_13.tif,224,0,11.571308135986328,0,No Urban Expansion
/kaggle/working/spacenet7_urban_expansion_outputs/processed_difference_patches/L15_0924E_1108N_3699_3757_13_0008_672_224.png,L15-0924E-1108N_3699_3757_13,/kaggle/input/datasets/amerii/spacenet-7-multitemporal-urban-development/SN7_buildings_train/train/L15-0924E-1108N_3699_3757_13/images/global_monthly_2018_01_mosaic_L15-0924E-1108N_3699_3757_13.tif,/kaggle/input/datasets/amerii/spacenet-7-multitemporal-urban-development/SN7_buildings_train/train/L15-0924E-1108N_3699_3757_13/images_masked/global_monthly_2020_01_mosaic_L15-0924E-1108N_3699_3757_13.tif,672,224,17.052200317382812,0,No Urban Expansion
/kaggle/working/spacenet7_urban_expansion_outputs/processed_difference_patches/L15_1615E_1206N_6460_3366_13_0014_672_448.png,L15-1615E-1206N_6460_3366_13,/kaggle/input/datasets/amerii/spacenet-7-multitemporal-urban-development/SN7_buildings_train/train/L15-1615E-1206N_6460_3366_13/images/global_monthly_2017_07_mosaic_L15-1615E-1206N_6460_3366_13.tif,/kaggle/input/datasets/amerii/spacenet-7-multitemporal-urban-development/SN7_buildings_train/train/L15-1615E-1206N_6460_3366_13/images_masked/global_monthly_2019_09_mosaic_L15-1615E-1206N_6460_3366_13.tif,672,448,33.709869384765625,1,Urban Expansion
/kaggle/working/spacenet7_urban_expansion_outputs/processed_difference_patches/L15_1438E_1227N_5753_3282_13_0015_0_448.png,L15-1438E-1227N_5753_3282_13,/kaggle/input/datasets/amerii/spacenet-7-multitemporal-urban-development/SN7_buildings_test_public/test_public/L15-1438E-1227N_5753_3282_13/images_masked/global_monthly_2018_01_mosaic_L15-1438E-1227N_5753_3282_13.tif,/kaggle/input/datasets/amerii/spacenet-7-multitemporal-urban-development/SN7_buildings_test_public/test_public/L15-1438E-1227N_5753_3282_13/images_masked/global_monthly_2020_01_mosaic_L15-1438E-1227N_5753_3282_13.tif,0,448,18.321205139160156,0,No Urban Expansion
/kaggle/working/spacenet7_urban_expansion_outputs/processed_difference_patches/L15_0614E_0946N_2459_4406_13_0010_0_448.png,L15-0614E-0946N_2459_4406_13,/kaggle/input/datasets/amerii/spacenet-7-multitemporal-urban-development/SN7_buildings_train/train/L15-0614E-0946N_2459_4406_13/images/global_monthly_2018_03_mosaic_L15-0614E-0946N_2459_4406_13.tif,/kaggle/input/datasets/amerii/spacenet-7-multitemporal-urban-development/SN7_buildings_train/train/L15-0614E-0946N_2459_4406_13/images_masked/global_monthly_2020_01_mosaic_L15-0614E-0946N_2459_4406_13.tif,0,448,34.31572723388672,1,Urban Expansion
/kaggle/working/spacenet7_urban_expansion_outputs/processed_difference_patches/L15_1848E_0793N_7394_5018_13_0013_224_448.png,L15-1848E-0793N_7394_5018_13,/kaggle/input/datasets/amerii/spacenet-7-multitemporal-urban-development/SN7_buildings_train/train/L15-1848E-0793N_7394_5018_13/images/global_monthly_2018_01_mosaic_L15-1848E-0793N_7394_5018_13.tif,/kaggle/input/datasets/amerii/spacenet-7-multitemporal-urban-development/SN7_buildings_train/train/L15-1848E-0793N_7394_5018_13/images_masked/global_monthly_2020_01_mosaic_L15-1848E-0793N_7394_5018_13.tif,224,448,14.65597152709961,0,No Urban Expansion
/kaggle/working/spacenet7_urban_expansion_outputs/processed_difference_patches/L15_1249E_1167N_4999_3521_13_0013_224_0.png,L15-1249E-1167N_4999_3521_13,/kaggle/input/datasets/amerii/spacenet-7-multitemporal-urban-development/SN7_buildings_test_public/test_public/L15-1249E-1167N_4999_3521_13/images_masked/global_monthly_2018_01_mosaic_L15-1249E-1167N_4999_3521_13.tif,/kaggle/input/datasets/amerii/spacenet-7-multitemporal-urban-development/SN7_buildings_test_public/test_public/L15-1249E-1167N_4999_3521_13/images_masked/global_monthly_2020_01_mosaic_L15-1249E-1167N_4999_3521_13.tif,224,0,34.29130554199219,1,Urban Expansion
/kaggle/working/spacenet7_urban_expansion_outputs/processed_difference_patches/L15_0566E_1185N_2265_3451_13_0015_0_0.png,L15-0566E-1185N_2265_3451_13,/kaggle/input/datasets/amerii/spacenet-7-multitemporal-urban-development/SN7_buildings_train/train/L15-0566E-1185N_2265_3451_13/images/global_monthly_2018_01_mosaic_L15-0566E-1185N_2265_3451_13.tif,/kaggle/input/datasets/amerii/spacenet-7-multitemporal-urban-development/SN7_buildings_train/train/L15-0566E-1185N_2265_3451_13/images_masked/global_monthly_2020_01_mosaic_L15-0566E-1185N_2265_3451_13.tif,0,0,14.349445343017578,0,No Urban Expansion
/kaggle/working/spacenet7_urban_expansion_outputs/processed_difference_patches/L15_1749E_1266N_6997_3126_13_0015_448_0.png,L15-1749E-1266N_6997_3126_13,/kaggle/input/datasets/amerii/spacenet-7-multitemporal-urban-development/SN7_buildings_test_public/test_public/L15-1749E-1266N_6997_3126_13/images_masked/global_monthly_2018_02_mosaic_L15-1749E-1266N_6997_3126_13.tif,/kaggle/input/datasets/amerii/spacenet-7-multitemporal-urban-development/SN7_buildings_test_public/test_public/L15-1749E-1266N_6997_3126_13/images_masked/global_monthly_2019_10_mosaic_L15-1749E-1266N_6997_3126_13.tif,448,0,15.530169486999512,0,No Urban Expansion
/kaggle/working/spacenet7_urban_expansion_outputs/processed_difference_patches/L15_1666E_1189N_6665_3433_13_0005_448_0.png,L15-1666E-1189N_6665_3433_13,/kaggle/input/datasets/amerii/spacenet-7-multitemporal-urban-development/SN7_buildings_test_public/test_public/L15-1666E-1189N_6665_3433_13/images_masked/global_monthly_2018_01_mosaic_L15-1666E-1189N_6665_3433_13.tif,/kaggle/input/datasets/amerii/spacenet-7-multitemporal-urban-development/SN7_buildings_test_public/test_public/L15-1666E-1189N_6665_3433_13/images_masked/global_monthly_2020_01_mosaic_L15-1666E-1189N_6665_3433_13.tif,448,0,10.10108470916748,0,No Urban Expansion
/kaggle/working/spacenet7_urban_expansion_outputs/processed_difference_patches/L15_1617E_1207N_6468_3360_13_0001_448_224.png,L15-1617E-1207N_6468_3360_13,/kaggle/input/datasets/amerii/spacenet-7-multitemporal-urban-development/SN7_buildings_train/train/L15-1617E-1207N_6468_3360_13/images/global_monthly_2018_02_mosaic_L15-1617E-1207N_6468_3360_13.tif,/kaggle/input/datasets/amerii/spacenet-7-multitemporal-urban-development/SN7_buildings_train/train/L15-1617E-1207N_6468_3360_13/images_masked/global_monthly_2020_01_mosaic_L15-1617E-1207N_6468_3360_13.tif,448,224,34.055301666259766,1,Urban Expansion
/kaggle/working/spacenet7_urban_expansion_outputs/processed_difference_patches/L15_1670E_1159N_6681_3552_13_0008_224_672.png,L15-1670E-1159N_6681_3552_13,/kaggle/input/datasets/amerii/spacenet-7-multitemporal-urban-development/SN7_buildings_test_public/test_public/L15-1670E-1159N_6681_3552_13/images_masked/global_monthly_2017_07_mosaic_L15-1670E-1159N_6681_3552_13.tif,/kaggle/input/datasets/amerii/spacenet-7-multitemporal-urban-development/SN7_buildings_test_public/test_public/L15-1670E-1159N_6681_3552_13/images_masked/global_monthly_2019_09_mosaic_L15-1670E-1159N_6681_3552_13.tif,224,672,14.188819885253906,0,No Urban Expansion
